Species.watershed,Watershed_name,Species,numyears,percyears,chiPval,chi_fearly,chi_flate,runsPval,numtransitions,countblocks,trend,classification,group
achill_mille.1D,1D,achill_mille,31,0.48,0.0068781768234081634,0.75,0.2,NA,9,5,-1,Decreasing,Directional
ambros_psilo.1D,1D,ambros_psilo,31,1,0.9999999999999999,0.0625,0,0.6035755086858975,2,1,0,Random,Undetermined
amorph_canes.1D,1D,amorph_canes,31,1,NA,NA,NA,NA,0,0,NA,Invariant,Undetermined
androp_gerar.1D,1D,androp_gerar,31,1,NA,NA,NA,NA,0,0,NA,Invariant,Undetermined
antenn_negle.1D,1D,antenn_negle,31,0.71,0.9999999999999999,0.0625,0,7.007977131478214e-5,1,1,0,Clumped,Non-directional
apocyn_canna.1D,1D,apocyn_canna,31,0.71,0.4938029646320821,0.125,0,0.10227869721951265,3,2,0,Random,Undetermined
arnogl_plant.1D,1D,arnogl_plant,31,0.52,NA,NA,NA,NA,0,0,NA,Invariant,Undetermined
artemi_ludov.1D,1D,artemi_ludov,31,1,0.24735482306428383,0.1875,0,0.0560820490128325,4,2,0,Random,Undetermined
asclep_steno.1D,1D,asclep_steno,31,1,NA,NA,NA,NA,0,0,NA,Invariant,Undetermined
asclep_syria.1D,1D,asclep_syria,31,0.42000000000000004,0.9999999999999997,0.4375,0.4,3.1840052171206096e-4,6,4,0,Recurrent,Non-directional
asclep_verti.1D,1D,asclep_verti,31,1,0.4938029646320821,0.125,0,1.3755538820213215e-6,1,1,0,Clumped,Non-directional
asclep_virdf.1D,1D,asclep_virdf,31,1,NA,NA,NA,NA,0,0,NA,Invariant,Undetermined
asclep_virds.1D,1D,asclep_virds,31,1,NA,NA,NA,NA,0,0,NA,Invariant,Undetermined
astrag_crass.1D,1D,astrag_crass,31,0.13,0.12381749876088588,0.25,0,0.047322364103480605,5,3,0,Recurrent,Non-directional
baptis_bract.1D,1D,baptis_bract,31,1,8.508286324362016e-4,0.625,0,NA,5,3,-1,Decreasing,Directional
boutel_curti.1D,1D,boutel_curti,31,1,0.4457475743700233,0.3125,0.13333333333333333,9.779564656475287e-4,5,3,0,Recurrent,Non-directional
boutel_graci.1D,1D,boutel_graci,31,0.94,0.12381749876088588,0.25,0,1.9998841638841e-7,1,1,0,Clumped,Non-directional
boutel_hirsu.1D,1D,boutel_hirsu,31,0.5800000000000001,0.36899585542689983,0.25,0.06666666666666667,8.89012572017322e-5,3,2,0,Recurrent,Non-directional
bricke_eupat.1D,1D,bricke_eupat,31,1,0.12381749876088588,0.25,0,1.9998841638841e-7,1,1,0,Clumped,Non-directional
callir_invol.1D,1D,callir_invol,31,0.61,0.01307691769989149,0.4375,0,NA,5,3,-1,Decreasing,Directional
carex_brevi.1D,1D,carex_brevi,31,0.9,0.4938029646320821,0.125,0,0.10227869721951265,3,2,0,Random,Undetermined
carex_gravi.1D,1D,carex_gravi,31,0.39,0.0887889536306751,0.5625,0.2,0.25481427188414496,13,7,0,Random,Undetermined
carex_inops.1D,1D,carex_inops,31,0.87,0.0607219234556129,0.3125,0,8.89012572017322e-5,3,2,0,Recurrent,Non-directional
carex_meadi.1D,1D,carex_meadi,31,0.94,NA,NA,NA,NA,0,0,NA,Invariant,Undetermined
ceanot_herba.1D,1D,ceanot_herba,31,0.97,0.014700550967152358,0.625,0.13333333333333333,NA,5,3,-1,Decreasing,Directional
cirsiu_undul.1D,1D,cirsiu_undul,31,1,NA,NA,NA,NA,0,0,NA,Invariant,Undetermined
dalea_candi.1D,1D,dalea_candi,31,1,0.24735482306428383,0.1875,0,3.7850061085042235e-7,1,1,0,Clumped,Non-directional
dalea_multi.1D,1D,dalea_multi,31,0.09999999999999998,NA,NA,NA,NA,3,2,NA,Rare,Undetermined
dalea_purpu.1D,1D,dalea_purpu,31,1,0.12381749876088588,0.25,0,1.9998841638841e-7,1,1,0,Clumped,Non-directional
delphi_carol.1D,1D,delphi_carol,31,0.26,0.2601470231694908,0.375,0.13333333333333333,0.009423484253754045,7,4,0,Recurrent,Non-directional
desmod_illin.1D,1D,desmod_illin,31,0.77,NA,NA,NA,NA,0,0,NA,Invariant,Undetermined
dichan_oligo.1D,1D,dichan_oligo,31,1,0.028802456421696293,0.375,0,NA,1,1,-1,Decreasing,Directional
dichan_ovale.1D,1D,dichan_ovale,31,1,0.4938029646320821,0.125,0,1.3755538820213215e-6,1,1,0,Clumped,Non-directional
digita_cogna.1D,1D,digita_cogna,31,0.22999999999999998,0.9999999999999998,0.25,0.2,0.02087276352945389,7,4,0,Recurrent,Non-directional
echina_angus.1D,1D,echina_angus,31,0.22999999999999998,0.01307691769989149,0.4375,0,NA,5,3,-1,Decreasing,Directional
eragro_spect.1D,1D,eragro_spect,31,1,0.24735482306428383,0.1875,0,0.003387153153070865,3,2,0,Recurrent,Non-directional
eriger_strig.1D,1D,eriger_strig,31,0.97,NA,NA,NA,NA,0,0,NA,Invariant,Undetermined
euphor_serpe.1D,1D,euphor_serpe,31,0.13,0.12381749876088588,0.25,0,3.755965225892386e-4,3,2,0,Recurrent,Non-directional
gerani_carol.1D,1D,gerani_carol,31,0.030000000000000027,NA,NA,NA,NA,1,1,NA,Rare,Undetermined
koeler_macra.1D,1D,koeler_macra,31,0.94,0.12381749876088588,0.25,0,3.755965225892386e-4,3,2,0,Recurrent,Non-directional
lesped_capit.1D,1D,lesped_capit,31,1,0.9999999999999996,0.125,0.06666666666666667,0.31941274011236676,5,3,0,Random,Undetermined
lesped_viola.1D,1D,lesped_viola,31,1,0.33875884132344075,0.125,0.3333333333333333,0.02087276352945389,7,4,0,Recurrent,Non-directional
mimosa_quadr.1D,1D,mimosa_quadr,31,1,0.30337022879060743,0.4375,0.2,0.002972599617536712,7,4,0,Recurrent,Non-directional
muhlen_cuspi.1D,1D,muhlen_cuspi,31,0.06000000000000005,NA,NA,NA,NA,3,2,NA,Rare,Undetermined
oxalis_stric.1D,1D,oxalis_stric,31,0.29000000000000004,0.14193493503497973,0.4375,0.13333333333333333,2.582679536782227e-4,5,3,0,Recurrent,Non-directional
packer_platt.1D,1D,packer_platt,31,0.35,0.03399119546863185,0.5625,0.13333333333333333,NA,9,5,-1,Decreasing,Directional
panicu_virga.1D,1D,panicu_virga,31,1,7.155493279836431e-6,0.0625,0.9333333333333333,NA,3,2,1,Increasing,Directional
pediom_argop.1D,1D,pediom_argop,31,1,0.03399119546863185,0.5625,0.13333333333333333,NA,3,2,-1,Decreasing,Directional
pediom_escul.1D,1D,pediom_escul,31,1,NA,NA,NA,NA,0,0,NA,Invariant,Undetermined
pediom_tenui.1D,1D,pediom_tenui,31,0.77,0.4457475743700233,0.3125,0.13333333333333333,9.779564656475287e-4,5,3,0,Recurrent,Non-directional
physal_pumil.1D,1D,physal_pumil,31,1,0.24735482306428383,0.1875,0,0.003387153153070865,3,2,0,Recurrent,Non-directional
ratibi_colum.1D,1D,ratibi_colum,31,0.84,NA,NA,NA,NA,0,0,NA,Invariant,Undetermined
rosa_arkan.1D,1D,rosa_arkan,31,0.94,0.005769340530798479,0.6875,0.13333333333333333,NA,9,5,-1,Decreasing,Directional
ruelli_humil.1D,1D,ruelli_humil,31,1,0.12381749876088588,0.25,0,1.9998841638841e-7,1,1,0,Clumped,Non-directional
salvia_azure.1D,1D,salvia_azure,31,1,NA,NA,NA,NA,0,0,NA,Invariant,Undetermined
schiza_scopa.1D,1D,schiza_scopa,31,1,NA,NA,NA,NA,0,0,NA,Invariant,Undetermined
sisyri_campe.1D,1D,sisyri_campe,31,0.84,0.4938029646320821,0.125,0,1.3755538820213215e-6,1,1,0,Clumped,Non-directional
solanu_carol.1D,1D,solanu_carol,31,0.5800000000000001,0.9999999999999999,0.0625,0,7.007977131478214e-5,1,1,0,Clumped,Non-directional
solida_altis.1D,1D,solida_altis,31,1,0.20250799155863133,0,0.2,3.7850061085042235e-7,1,1,0,Clumped,Non-directional
solida_misso.1D,1D,solida_misso,31,0.97,0.5450438219949827,0.0625,0.2,0.005854677406542337,4,3,0,Recurrent,Non-directional
solida_rigid.1D,1D,solida_rigid,31,0.06000000000000005,NA,NA,NA,NA,1,1,NA,Rare,Undetermined
sorgha_nutan.1D,1D,sorgha_nutan,31,1,NA,NA,NA,NA,0,0,NA,Invariant,Undetermined
sporob_compo.1D,1D,sporob_compo,31,1,0.12381749876088588,0.25,0,1.9998841638841e-7,1,1,0,Clumped,Non-directional
sporob_heter.1D,1D,sporob_heter,31,0.97,NA,NA,NA,NA,0,0,NA,Invariant,Undetermined
stroph_leios.1D,1D,stroph_leios,31,0.44999999999999996,0.0020235205040745256,0.75,0.13333333333333333,NA,7,4,-1,Decreasing,Directional
sympho_orbic.1D,1D,sympho_orbic,31,0.65,0.9999999999999999,0.0625,0,0.6035755086858975,2,1,0,Random,Undetermined
symphy_erico.1D,1D,symphy_erico,31,1,0.028802456421696293,0.375,0,NA,3,2,-1,Decreasing,Directional
symphy_oblon.1D,1D,symphy_oblon,31,0.97,0.004087560306914374,0.625,0.06666666666666667,NA,5,3,-1,Decreasing,Directional
symphy_seric.1D,1D,symphy_seric,31,0.97,0.9999999999999999,0.0625,0,7.007977131478214e-5,1,1,0,Clumped,Non-directional
tragia_beton.1D,1D,tragia_beton,31,0.74,NA,NA,NA,NA,0,0,NA,Invariant,Undetermined
verben_stric.1D,1D,verben_stric,31,0.87,0.9999999999999999,0.0625,0,7.007977131478214e-5,1,1,0,Clumped,Non-directional
vernon_baldw.1D,1D,vernon_baldw,31,1,0.9999999999999997,0.3125,0.26666666666666666,0.21407180937964346,11,6,0,Random,Undetermined
viola_nephr.1D,1D,viola_nephr,31,0.35,0.004087560306914374,0.625,0.06666666666666667,NA,13,7,-1,Decreasing,Directional
viola_pedat.1D,1D,viola_pedat,31,0.77,0.9999999999999999,0.0625,0,7.007977131478214e-5,1,1,0,Clumped,Non-directional
acalyp_virgi.20B,20B,acalyp_virgi,31,0.77,0.12381749876088588,0.25,0,3.755965225892386e-4,3,2,0,Recurrent,Non-directional
achill_mille.20B,20B,achill_mille,31,1,0.028802456421696293,0.375,0,NA,4,2,-1,Decreasing,Directional
agrost_hyema.20B,20B,agrost_hyema,31,0.26,0.6053967742246604,0.1875,0.3333333333333333,0.7069046721869776,13,7,0,Random,Undetermined
ambros_psilo.20B,20B,ambros_psilo,31,1,NA,NA,NA,NA,0,0,NA,Invariant,Undetermined
amorph_canes.20B,20B,amorph_canes,31,1,NA,NA,NA,NA,0,0,NA,Invariant,Undetermined
androp_gerar.20B,20B,androp_gerar,31,1,0.005627304907732369,0.5,0,NA,4,2,-1,Decreasing,Directional
antenn_negle.20B,20B,antenn_negle,31,0.42000000000000004,0.0421253835255355,0.625,0.2,NA,10,6,-1,Decreasing,Directional
apocyn_canna.20B,20B,apocyn_canna,31,0.5800000000000001,0.0022718372541295786,0.5625,0,NA,4,2,-1,Decreasing,Directional
argemo_polya.20B,20B,argemo_polya,31,0.16000000000000003,0.0607219234556129,0.3125,0,8.89012572017322e-5,3,2,0,Recurrent,Non-directional
arnogl_plant.20B,20B,arnogl_plant,31,0.09999999999999998,NA,NA,NA,NA,3,2,NA,Rare,Undetermined
artemi_ludov.20B,20B,artemi_ludov,31,1,0.9738274065893568,0,0.06666666666666667,0.6035755086858975,2,1,0,Random,Undetermined
asclep_steno.20B,20B,asclep_steno,31,0.71,NA,NA,NA,NA,0,0,NA,Invariant,Undetermined
asclep_syria.20B,20B,asclep_syria,31,0.94,8.508286324362016e-4,0.625,0,NA,5,3,-1,Decreasing,Directional
asclep_verti.20B,20B,asclep_verti,31,1,NA,NA,NA,NA,0,0,NA,Invariant,Undetermined
asclep_virdf.20B,20B,asclep_virdf,31,0.71,0.9999999999999999,0.0625,0,0.6035755086858975,2,1,0,Random,Undetermined
asclep_virds.20B,20B,asclep_virds,31,0.94,0.5648742938932729,0.5,0.3333333333333333,0.06200509991426033,11,6,0,Random,Undetermined
baptis_austr.20B,20B,baptis_austr,31,1,0.07216789010665725,0.5,0.13333333333333333,0.028025026034106518,9,5,0,Recurrent,Non-directional
baptis_bract.20B,20B,baptis_bract,31,1,0.3574664672997162,0.5625,0.3333333333333333,0.0010269894884793185,7,4,0,Recurrent,Non-directional
boutel_curti.20B,20B,boutel_curti,31,1,0.640592006524916,0.1875,0.06666666666666667,3.755965225892386e-4,3,2,0,Recurrent,Non-directional
boutel_graci.20B,20B,boutel_graci,31,0.09999999999999998,NA,NA,NA,NA,5,3,NA,Rare,Undetermined
bricke_eupat.20B,20B,bricke_eupat,31,1,2.918006686601915e-4,0.6875,0,NA,3,2,-1,Decreasing,Directional
bromus_arven.20B,20B,bromus_arven,31,0.31999999999999995,0.9999999999999997,0.3125,0.3333333333333333,0.06803654079943228,10,6,0,Random,Undetermined
callir_invol.20B,20B,callir_invol,31,0.61,0.4938029646320821,0.125,0,0.6704940806325976,4,2,0,Random,Undetermined
carex_brevi.20B,20B,carex_brevi,31,0.9,0.24735482306428383,0.1875,0,0.31941274011236676,5,3,0,Random,Undetermined
carex_inops.20B,20B,carex_inops,31,0.9,NA,NA,NA,NA,0,0,NA,Invariant,Undetermined
carex_meadi.20B,20B,carex_meadi,31,0.97,0.9999999999999999,0.0625,0,0.6035755086858975,2,1,0,Random,Undetermined
ceanot_herba.20B,20B,ceanot_herba,31,1,0.0020235205040745256,0.75,0.13333333333333333,NA,5,3,-1,Decreasing,Directional
cirsiu_altis.20B,20B,cirsiu_altis,31,1,0.20178086785522442,0.3125,0.06666666666666667,3.288173608173529e-5,3,2,0,Recurrent,Non-directional
cirsiu_undul.20B,20B,cirsiu_undul,31,0.35,2.918006686601915e-4,0.6875,0,NA,1,1,-1,Decreasing,Directional
conyza_canad.20B,20B,conyza_canad,31,0.55,0.9999999999999999,0.0625,0,0.6035755086858975,2,1,0,Random,Undetermined
cornus_drumm.20B,20B,cornus_drumm,31,1,6.105499724505564e-6,0,0.8666666666666667,NA,1,1,1,Increasing,Directional
coryda_micra.20B,20B,coryda_micra,31,0.09999999999999998,NA,NA,NA,NA,5,3,NA,Rare,Undetermined
croton_monan.20B,20B,croton_monan,31,0.74,0.10478287613147351,0.375,0.06666666666666667,0.02087276352945389,7,4,0,Recurrent,Non-directional
dalea_candi.20B,20B,dalea_candi,31,0.77,0.4938029646320821,0.125,0,0.001447721282176437,2,1,0,Clumped,Non-directional
dalea_purpu.20B,20B,dalea_purpu,31,0.97,0.4938029646320821,0.125,0,0.6704940806325976,4,2,0,Random,Undetermined
delphi_carol.20B,20B,delphi_carol,31,0.71,0.12381749876088588,0.25,0,0.2055398893616577,6,3,0,Random,Undetermined
descur_pinna.20B,20B,descur_pinna,31,0.26,0.05148761028667245,0.4375,0.06666666666666667,0.009423484253754045,7,4,0,Recurrent,Non-directional
desmod_illin.20B,20B,desmod_illin,31,0.97,0.005627304907732369,0.5,0,NA,3,2,-1,Decreasing,Directional
dichan_oligo.20B,20B,dichan_oligo,31,1,1,0.125,0.13333333333333333,0.005854677406542337,4,2,0,Recurrent,Non-directional
dichan_ovale.20B,20B,dichan_ovale,31,0.87,0.7137617291360441,0.25,0.13333333333333333,0.013974368446475812,6,3,0,Recurrent,Non-directional
digita_cogna.20B,20B,digita_cogna,31,0.48,0.10688976489998328,0.3125,0.6666666666666666,0.050507376866251494,11,6,0,Random,Undetermined
draba_cunei.20B,20B,draba_cunei,31,0.030000000000000027,NA,NA,NA,NA,1,1,NA,Rare,Undetermined
echina_angus.20B,20B,echina_angus,31,0.9,0.4938029646320821,0.125,0,1.3755538820213215e-6,1,1,0,Clumped,Non-directional
eleoch_compr.20B,20B,eleoch_compr,31,1,0.0020235205040745256,0.75,0.13333333333333333,NA,7,4,-1,Decreasing,Directional
elymus_canad.20B,20B,elymus_canad,31,1,0.4938029646320821,0.125,0,1.3755538820213215e-6,1,1,0,Clumped,Non-directional
eragro_spect.20B,20B,eragro_spect,31,0.61,0.4938029646320821,0.125,0,1.3755538820213215e-6,1,1,0,Clumped,Non-directional
eriger_strig.20B,20B,eriger_strig,31,0.31999999999999995,0.30337022879060743,0.4375,0.2,0.1421962667157867,11,6,0,Random,Undetermined
euphor_denta.20B,20B,euphor_denta,31,0.6799999999999999,NA,NA,NA,NA,0,0,NA,Invariant,Undetermined
euphor_margi.20B,20B,euphor_margi,31,1,NA,NA,NA,NA,0,0,NA,Invariant,Undetermined
euphor_spath.20B,20B,euphor_spath,31,1,NA,NA,NA,NA,0,0,NA,Invariant,Undetermined
galium_apari.20B,20B,galium_apari,31,0.65,0.4938029646320821,0.125,0,0.10227869721951265,3,2,0,Random,Undetermined
gerani_carol.20B,20B,gerani_carol,31,0.22999999999999998,0.9999999999999998,0.25,0.2,0.005137313835460302,6,4,0,Recurrent,Non-directional
hierac_longi.20B,20B,hierac_longi,31,0.61,0.4938029646320821,0.125,0,1.3755538820213215e-6,1,1,0,Clumped,Non-directional
koeler_macra.20B,20B,koeler_macra,31,0.9,0.12381749876088588,0.25,0,1.9998841638841e-7,1,1,0,Clumped,Non-directional
kummer_stipu.20B,20B,kummer_stipu,31,0.06000000000000005,NA,NA,NA,NA,3,2,NA,Rare,Undetermined
lactuc_ludov.20B,20B,lactuc_ludov,31,0.35,0.17099051982691332,0.5,0.2,0.1005847808801987,11,6,0,Random,Undetermined
lactuc_serri.20B,20B,lactuc_serri,31,0.5800000000000001,NA,NA,NA,NA,0,0,NA,Invariant,Undetermined
lepidi_densi.20B,20B,lepidi_densi,31,0.31999999999999995,0.07216789010665725,0.5,0.13333333333333333,0.40890539535182613,13,7,0,Random,Undetermined
lesped_capit.20B,20B,lesped_capit,31,1,0.24735482306428383,0.1875,0,0.003387153153070865,3,2,0,Recurrent,Non-directional
lesped_viola.20B,20B,lesped_viola,31,1,9.026264971155701e-5,0.75,0,NA,3,2,-1,Decreasing,Directional
linum_sulca.20B,20B,linum_sulca,31,0.9,NA,NA,NA,NA,0,0,NA,Invariant,Undetermined
lithos_incis.20B,20B,lithos_incis,31,0.35,0.3764715139211589,0.25,0.4666666666666667,0.1899789731215372,12,7,0,Random,Undetermined
lomati_foeni.20B,20B,lomati_foeni,31,0.42000000000000004,4.849363404255556e-4,0.75,0.06666666666666667,NA,7,4,-1,Decreasing,Directional
mimosa_quadr.20B,20B,mimosa_quadr,31,0.97,0.9999999999999999,0.0625,0,0.6035755086858975,2,1,0,Random,Undetermined
mirabi_linea.20B,20B,mirabi_linea,31,0.09999999999999998,NA,NA,NA,NA,3,2,NA,Rare,Undetermined
muhlen_cuspi.20B,20B,muhlen_cuspi,31,0.94,NA,NA,NA,NA,0,0,NA,Invariant,Undetermined
oenoth_bienn.20B,20B,oenoth_bienn,31,0.030000000000000027,NA,NA,NA,NA,1,1,NA,Rare,Undetermined
oxalis_stric.20B,20B,oxalis_stric,31,0.65,0.9999999999999999,0.0625,0,0.6035755086858975,2,1,0,Random,Undetermined
oxalis_viola.20B,20B,oxalis_viola,31,0.52,0.0607219234556129,0.3125,0,0.04834969544775515,6,3,0,Recurrent,Non-directional
packer_platt.20B,20B,packer_platt,31,0.16000000000000003,0.0607219234556129,0.3125,0,8.89012572017322e-5,3,2,0,Recurrent,Non-directional
panicu_virga.20B,20B,panicu_virga,31,1,1,0.375,0.3333333333333333,0.01882099292415999,9,5,0,Recurrent,Non-directional
pediom_escul.20B,20B,pediom_escul,31,0.52,0.0607219234556129,0.3125,0,0.009213517951520575,5,3,0,Recurrent,Non-directional
pediom_tenui.20B,20B,pediom_tenui,31,0.06000000000000005,NA,NA,NA,NA,3,2,NA,Rare,Undetermined
physal_pumil.20B,20B,physal_pumil,31,1,2.918006686601915e-4,0.6875,0,NA,5,3,-1,Decreasing,Directional
poa_prate.20B,20B,poa_prate,31,1,0.640592006524916,0.1875,0.06666666666666667,1.2238218346433187e-5,2,1,0,Clumped,Non-directional
prunus_ameri.20B,20B,prunus_ameri,31,1,0.0014853753815634292,0.6875,0.06666666666666667,NA,6,3,-1,Decreasing,Directional
ratibi_colum.20B,20B,ratibi_colum,31,0.55,0.9999999999999999,0.0625,0,0.6035755086858975,2,1,0,Random,Undetermined
rhus_aroma.20B,20B,rhus_aroma,31,0.74,0.10050954088451342,0.625,0.26666666666666666,0.024103603129656936,10,6,0,Recurrent,Non-directional
rhus_glabr.20B,20B,rhus_glabr,31,1,0.9999999999999999,0.0625,0,0.6035755086858975,2,1,0,Random,Undetermined
rosa_arkan.20B,20B,rosa_arkan,31,1,0.12381749876088588,0.25,0,0.047322364103480605,5,3,0,Recurrent,Non-directional
rubus_pensi.20B,20B,rubus_pensi,31,1,0.08941437300482474,0.125,0.4666666666666667,0.016495127877457202,8,4,0,Recurrent,Non-directional
ruelli_humil.20B,20B,ruelli_humil,31,1,NA,NA,NA,NA,0,0,NA,Invariant,Undetermined
salvia_azure.20B,20B,salvia_azure,31,1,0.0020235205040745256,0.75,0.13333333333333333,NA,7,4,-1,Decreasing,Directional
schiza_scopa.20B,20B,schiza_scopa,31,1,NA,NA,NA,NA,0,0,NA,Invariant,Undetermined
silene_antir.20B,20B,silene_antir,31,0.22999999999999998,0.10478287613147351,0.375,0.06666666666666667,0.5340872265296414,11,6,0,Random,Undetermined
solanu_carol.20B,20B,solanu_carol,31,1,0.01307691769989149,0.4375,0,NA,4,2,-1,Decreasing,Directional
solida_altis.20B,20B,solida_altis,31,1,0.0068781768234081634,0.75,0.2,NA,6,3,-1,Decreasing,Directional
solida_misso.20B,20B,solida_misso,31,1,0.20250799155863133,0,0.2,0.0560820490128325,4,2,0,Random,Undetermined
solida_rigid.20B,20B,solida_rigid,31,0.87,9.026264971155701e-5,0.75,0,NA,6,3,-1,Decreasing,Directional
sorgha_nutan.20B,20B,sorgha_nutan,31,1,0.4938029646320821,0.125,0,1.3755538820213215e-6,1,1,0,Clumped,Non-directional
sparti_pecti.20B,20B,sparti_pecti,31,0.81,0.09348810510448448,0,0.26666666666666666,1.9998841638841e-7,1,1,0,Clumped,Non-directional
spermo_inerm.20B,20B,spermo_inerm,31,0.35,0.5366545109001994,0.4375,0.26666666666666666,0.8693428225672091,17,9,0,Random,Undetermined
spheno_obtus.20B,20B,spheno_obtus,31,0.9,0.640592006524916,0.1875,0.06666666666666667,0.2055398893616577,6,3,0,Random,Undetermined
sporob_compo.20B,20B,sporob_compo,31,1,0.4938029646320821,0.125,0,1.3755538820213215e-6,1,1,0,Clumped,Non-directional
sporob_heter.20B,20B,sporob_heter,31,1,0.9999999999999998,0.0625,0.06666666666666667,0.10227869721951265,3,2,0,Random,Undetermined
sympho_orbic.20B,20B,sympho_orbic,31,1,0.12381749876088588,0.25,0,3.755965225892386e-4,3,2,0,Recurrent,Non-directional
symphy_erico.20B,20B,symphy_erico,31,1,3.457576538813301e-5,0.875,0.06666666666666667,NA,3,2,-1,Decreasing,Directional
symphy_oblon.20B,20B,symphy_oblon,31,1,0.10478287613147351,0.375,0.06666666666666667,0.005137313835460302,6,3,0,Recurrent,Non-directional
symphy_seric.20B,20B,symphy_seric,31,0.97,0.02379624189979081,0.5,0.06666666666666667,NA,6,3,-1,Decreasing,Directional
tragia_beton.20B,20B,tragia_beton,31,0.9,0.640592006524916,0.1875,0.06666666666666667,0.047322364103480605,5,3,0,Recurrent,Non-directional
tragop_dubiu.20B,20B,tragop_dubiu,31,0.71,0.9999999999999999,0.0625,0,0.6035755086858975,2,1,0,Random,Undetermined
trioda_lepto.20B,20B,trioda_lepto,31,0.18999999999999995,0.028802456421696293,0.375,0,NA,5,3,-1,Decreasing,Directional
trioda_perfo.20B,20B,trioda_perfo,31,0.42000000000000004,0.19225130462178386,0.5625,0.26666666666666666,0.06200509991426033,11,6,0,Random,Undetermined
ulmus_ameri.20B,20B,ulmus_ameri,31,0.9,0.9999999999999999,0.0625,0,0.6035755086858975,2,1,0,Random,Undetermined
vernon_baldw.20B,20B,vernon_baldw,31,1,0.028802456421696293,0.375,0,NA,3,2,-1,Decreasing,Directional
vicia_ameri.20B,20B,vicia_ameri,31,0.26,0.005627304907732369,0.5,0,NA,3,2,-1,Decreasing,Directional
viola_bicol.20B,20B,viola_bicol,31,0.48,0.2061056896922602,0.625,0.3333333333333333,0.008859362878385164,9,5,0,Recurrent,Non-directional
vulpia_octof.20B,20B,vulpia_octof,31,0.09999999999999998,NA,NA,NA,NA,3,2,NA,Rare,Undetermined
acalyp_virgi.4A,4A,acalyp_virgi,31,0.5800000000000001,0.43618286861823546,0,0.13333333333333333,0.001447721282176437,2,1,0,Clumped,Non-directional
achill_mille.4A,4A,achill_mille,31,1,0.4938029646320821,0.125,0,0.6704940806325976,4,2,0,Random,Undetermined
ambros_psilo.4A,4A,ambros_psilo,31,1,0.9999999999999999,0.0625,0,0.6035755086858975,2,1,0,Random,Undetermined
amorph_canes.4A,4A,amorph_canes,31,1,NA,NA,NA,NA,0,0,NA,Invariant,Undetermined
androp_gerar.4A,4A,androp_gerar,31,1,0.04074992922062589,0.125,0.5333333333333333,NA,12,7,1,Increasing,Directional
antenn_negle.4A,4A,antenn_negle,31,0.87,0.9999999999999999,0.0625,0,0.6035755086858975,2,1,0,Random,Undetermined
apocyn_canna.4A,4A,apocyn_canna,31,0.39,0.8211111546026745,0.4375,0.3333333333333333,0.03464647108891813,10,6,0,Recurrent,Non-directional
artemi_ludov.4A,4A,artemi_ludov,31,1,NA,NA,NA,NA,0,0,NA,Invariant,Undetermined
asclep_steno.4A,4A,asclep_steno,31,0.9,NA,NA,NA,NA,0,0,NA,Invariant,Undetermined
asclep_syria.4A,4A,asclep_syria,31,0.55,0.01307691769989149,0.4375,0,NA,6,3,-1,Decreasing,Directional
asclep_tuber.4A,4A,asclep_tuber,31,1,0.9999999999999999,0.1875,0.13333333333333333,0.001133670762583116,4,2,0,Recurrent,Non-directional
asclep_verti.4A,4A,asclep_verti,31,1,0.24735482306428383,0.1875,0,3.7850061085042235e-7,1,1,0,Clumped,Non-directional
asclep_virdf.4A,4A,asclep_virdf,31,1,NA,NA,NA,NA,0,0,NA,Invariant,Undetermined
asclep_virds.4A,4A,asclep_virds,31,1,0.9999999999999997,0.3125,0.26666666666666666,0.36476061845825736,12,6,0,Random,Undetermined
baptis_austr.4A,4A,baptis_austr,31,1,0.4457475743700233,0.3125,0.13333333333333333,0.5340872265296414,11,6,0,Random,Undetermined
boutel_curti.4A,4A,boutel_curti,31,1,0.0421253835255355,0.625,0.2,NA,14,7,-1,Decreasing,Directional
boutel_dacty.4A,4A,boutel_dacty,31,0.29000000000000004,0.0022718372541295786,0.5625,0,NA,1,1,-1,Decreasing,Directional
boutel_graci.4A,4A,boutel_graci,31,0.9,0.0022718372541295786,0.5625,0,NA,3,2,-1,Decreasing,Directional
boutel_hirsu.4A,4A,boutel_hirsu,31,0.35,2.918006686601915e-4,0.6875,0,NA,3,2,-1,Decreasing,Directional
bricke_eupat.4A,4A,bricke_eupat,31,1,0.0607219234556129,0.3125,0,8.89012572017322e-5,3,2,0,Recurrent,Non-directional
callir_invol.4A,4A,callir_invol,31,0.26,0.2601470231694908,0.375,0.13333333333333333,0.3372652476132434,11,6,0,Random,Undetermined
carex_brevi.4A,4A,carex_brevi,31,0.9,0.9999999999999999,0.0625,0,0.6035755086858975,2,1,0,Random,Undetermined
carex_inops.4A,4A,carex_inops,31,0.84,0.17099051982691332,0.5,0.2,5.199739114152767e-4,6,3,0,Recurrent,Non-directional
carex_meadi.4A,4A,carex_meadi,31,0.94,NA,NA,NA,NA,0,0,NA,Invariant,Undetermined
ceanot_herba.4A,4A,ceanot_herba,31,1,0.0022718372541295786,0.5625,0,NA,6,3,-1,Decreasing,Directional
cirsiu_undul.4A,4A,cirsiu_undul,31,0.94,0.9999999999999999,0.1875,0.13333333333333333,0.04834969544775515,6,3,0,Recurrent,Non-directional
comand_umbel.4A,4A,comand_umbel,31,0.84,0.9999999999999998,0.0625,0.06666666666666667,0.10227869721951265,3,2,0,Random,Undetermined
cornus_drumm.4A,4A,cornus_drumm,31,1,0.43618286861823546,0,0.13333333333333333,0.001447721282176437,2,1,0,Clumped,Non-directional
croton_monan.4A,4A,croton_monan,31,0.55,0.9999999999999998,0.0625,0.06666666666666667,0.6704940806325976,4,2,0,Random,Undetermined
cyperu_lupul.4A,4A,cyperu_lupul,31,0.42000000000000004,0.9999999999999997,0.4375,0.4,0.12247532584905108,12,7,0,Random,Undetermined
dalea_candi.4A,4A,dalea_candi,31,0.97,0.4938029646320821,0.125,0,0.001447721282176437,2,1,0,Clumped,Non-directional
dalea_multi.4A,4A,dalea_multi,31,0.35,2.918006686601915e-4,0.6875,0,NA,3,2,-1,Decreasing,Directional
dalea_purpu.4A,4A,dalea_purpu,31,1,0.12381749876088588,0.25,0,1.9998841638841e-7,1,1,0,Clumped,Non-directional
delphi_carol.4A,4A,delphi_carol,31,0.5800000000000001,NA,NA,NA,NA,0,0,NA,Invariant,Undetermined
desmod_illin.4A,4A,desmod_illin,31,0.13,0.5450438219949827,0.0625,0.2,0.047322364103480605,5,3,0,Recurrent,Non-directional
desmod_sessi.4A,4A,desmod_sessi,31,0.52,0.0607219234556129,0.3125,0,8.89012572017322e-5,3,2,0,Recurrent,Non-directional
dichan_oligo.4A,4A,dichan_oligo,31,1,0.5856318386342959,0.5625,0.4,0.022444185600620135,10,5,0,Recurrent,Non-directional
dichan_ovale.4A,4A,dichan_ovale,31,1,0.9999999999999997,0.4375,0.4666666666666667,0.4479236087054436,15,8,0,Random,Undetermined
digita_cogna.4A,4A,digita_cogna,31,0.71,0.14634529452104464,0.0625,0.3333333333333333,0.1580272246149236,8,4,0,Random,Undetermined
elymus_canad.4A,4A,elymus_canad,31,1,0.4938029646320821,0.125,0,0.001447721282176437,2,1,0,Clumped,Non-directional
eragro_spect.4A,4A,eragro_spect,31,0.97,0.24735482306428383,0.1875,0,6.487325970637214e-5,2,1,0,Clumped,Non-directional
eriger_strig.4A,4A,eriger_strig,31,0.94,NA,NA,NA,NA,0,0,NA,Invariant,Undetermined
eupato_altis.4A,4A,eupato_altis,31,1,0.640592006524916,0.1875,0.06666666666666667,0.047322364103480605,5,3,0,Recurrent,Non-directional
euphor_cyath.4A,4A,euphor_cyath,31,0.26,0.05148761028667245,0.4375,0.06666666666666667,0.08314230445910545,9,5,0,Random,Undetermined
euphor_margi.4A,4A,euphor_margi,31,0.6799999999999999,NA,NA,NA,NA,0,0,NA,Invariant,Undetermined
euphor_missu.4A,4A,euphor_missu,31,0.030000000000000027,NA,NA,NA,NA,1,1,NA,Rare,Undetermined
euphor_serpe.4A,4A,euphor_serpe,31,0.13,0.12381749876088588,0.25,0,0.047322364103480605,5,3,0,Recurrent,Non-directional
euphor_spath.4A,4A,euphor_spath,31,0.77,NA,NA,NA,NA,0,0,NA,Invariant,Undetermined
hierac_longi.4A,4A,hierac_longi,31,0.35,2.918006686601915e-4,0.6875,0,NA,9,5,-1,Decreasing,Directional
hybant_verti.4A,4A,hybant_verti,31,0.87,0.0421253835255355,0.625,0.2,NA,9,5,-1,Decreasing,Directional
koeler_macra.4A,4A,koeler_macra,31,1,0.24735482306428383,0.1875,0,6.487325970637214e-5,2,1,0,Clumped,Non-directional
lesped_capit.4A,4A,lesped_capit,31,1,0.12381749876088588,0.25,0,1.9998841638841e-7,1,1,0,Clumped,Non-directional
liatri_punct.4A,4A,liatri_punct,31,0.61,0.005627304907732369,0.5,0,NA,4,2,-1,Decreasing,Directional
linum_sulca.4A,4A,linum_sulca,31,0.87,NA,NA,NA,NA,0,0,NA,Invariant,Undetermined
lithos_occid.4A,4A,lithos_occid,31,0.55,0.10478287613147351,0.375,0.06666666666666667,9.779564656475287e-4,5,3,0,Recurrent,Non-directional
lomati_foeni.4A,4A,lomati_foeni,31,0.94,8.508286324362016e-4,0.625,0,NA,5,3,-1,Decreasing,Directional
mimosa_quadr.4A,4A,mimosa_quadr,31,1,NA,NA,NA,NA,0,0,NA,Invariant,Undetermined
mirabi_linea.4A,4A,mirabi_linea,31,0.030000000000000027,NA,NA,NA,NA,1,1,NA,Rare,Undetermined
muhlen_cuspi.4A,4A,muhlen_cuspi,31,0.030000000000000027,NA,NA,NA,NA,1,1,NA,Rare,Undetermined
opunti_macro.4A,4A,opunti_macro,31,1,0.8211111546026745,0.4375,0.3333333333333333,0.013825547448709034,9,5,0,Recurrent,Non-directional
oxalis_stric.4A,4A,oxalis_stric,31,0.71,NA,NA,NA,NA,0,0,NA,Invariant,Undetermined
oxalis_viola.4A,4A,oxalis_viola,31,0.5800000000000001,0.4938029646320821,0.125,0,0.001447721282176437,2,1,0,Clumped,Non-directional
packer_platt.4A,4A,packer_platt,31,0.74,NA,NA,NA,NA,0,0,NA,Invariant,Undetermined
panicu_virga.4A,4A,panicu_virga,31,1,NA,NA,NA,NA,0,0,NA,Invariant,Undetermined
pediom_escul.4A,4A,pediom_escul,31,0.84,0.9999999999999999,0.0625,0,0.6035755086858975,2,1,0,Random,Undetermined
pediom_tenui.4A,4A,pediom_tenui,31,1,0.9999999999999999,0.0625,0,0.6035755086858975,2,1,0,Random,Undetermined
physal_pumil.4A,4A,physal_pumil,31,1,0.9999999999999997,0.3125,0.26666666666666666,0.21407180937964346,11,6,0,Random,Undetermined
physal_virgi.4A,4A,physal_virgi,31,0.29000000000000004,0.012764441573415098,0.0625,0.5333333333333333,NA,2,2,1,Increasing,Directional
planta_patag.4A,4A,planta_patag,31,0.030000000000000027,NA,NA,NA,NA,1,1,NA,Rare,Undetermined
poa_prate.4A,4A,poa_prate,31,1,0.36899585542689983,0.25,0.06666666666666667,0.04834969544775515,6,3,0,Recurrent,Non-directional
ratibi_colum.4A,4A,ratibi_colum,31,1,0.4938029646320821,0.125,0,0.6704940806325976,4,2,0,Random,Undetermined
rhus_glabr.4A,4A,rhus_glabr,31,1,0.016999777502603453,0.125,0.6,NA,8,4,1,Increasing,Directional
rosa_arkan.4A,4A,rosa_arkan,31,1,0.4938029646320821,0.125,0,0.6704940806325976,4,2,0,Random,Undetermined
ruelli_humil.4A,4A,ruelli_humil,31,1,0.9999999999999999,0.0625,0,0.6035755086858975,2,1,0,Random,Undetermined
salvia_azure.4A,4A,salvia_azure,31,1,0.9999999999999999,0.0625,0,0.6035755086858975,2,1,0,Random,Undetermined
schiza_scopa.4A,4A,schiza_scopa,31,1,0.005769340530798479,0.6875,0.13333333333333333,NA,5,3,-1,Decreasing,Directional
setari_pumil.4A,4A,setari_pumil,31,0.22999999999999998,0.01307691769989149,0.4375,0,NA,5,3,-1,Decreasing,Directional
sisyri_campe.4A,4A,sisyri_campe,31,0.94,0.9999999999999999,0.0625,0,0.6035755086858975,2,1,0,Random,Undetermined
solanu_carol.4A,4A,solanu_carol,31,1,0.36899585542689983,0.25,0.06666666666666667,0.04834969544775515,6,3,0,Recurrent,Non-directional
solida_altis.4A,4A,solida_altis,31,1,0.001030537674362584,0,0.6,NA,4,2,1,Increasing,Directional
solida_misso.4A,4A,solida_misso,31,1,0.30337022879060743,0.4375,0.2,0.1421962667157867,11,6,0,Random,Undetermined
solida_rigid.4A,4A,solida_rigid,31,0.97,0.8618712493148953,0.4375,0.5333333333333333,0.008859362878385164,9,5,0,Recurrent,Non-directional
sorgha_nutan.4A,4A,sorgha_nutan,31,1,0.7137617291360441,0.25,0.13333333333333333,3.451392902386525e-4,4,2,0,Recurrent,Non-directional
spiran_verna.4A,4A,spiran_verna,31,0.030000000000000027,NA,NA,NA,NA,1,1,NA,Rare,Undetermined
sporob_compo.4A,4A,sporob_compo,31,1,0.9999999999999999,0.0625,0,0.6035755086858975,2,1,0,Random,Undetermined
sporob_heter.4A,4A,sporob_heter,31,1,0.4938029646320821,0.125,0,0.001447721282176437,2,1,0,Clumped,Non-directional
sympho_orbic.4A,4A,sympho_orbic,31,1,0.43618286861823546,0,0.13333333333333333,0.6704940806325976,4,2,0,Random,Undetermined
symphy_erico.4A,4A,symphy_erico,31,1,0.01307691769989149,0.4375,0,NA,4,2,-1,Decreasing,Directional
symphy_oblon.4A,4A,symphy_oblon,31,1,0.2601470231694908,0.375,0.13333333333333333,0.1835045895181674,10,5,0,Random,Undetermined
symphy_seric.4A,4A,symphy_seric,31,1,0.14193493503497973,0.4375,0.13333333333333333,0.10767605225207548,10,5,0,Random,Undetermined
tragia_beton.4A,4A,tragia_beton,31,1,0.12381749876088588,0.25,0,0.005854677406542337,4,2,0,Recurrent,Non-directional
verben_stric.4A,4A,verben_stric,31,0.55,NA,NA,NA,NA,0,0,NA,Invariant,Undetermined
vernon_baldw.4A,4A,vernon_baldw,31,1,NA,NA,NA,NA,0,0,NA,Invariant,Undetermined
acalyp_virgi.4B,4B,acalyp_virgi,31,0.65,0.9999999999999999,0.0625,0,0.6035755086858975,2,1,0,Random,Undetermined
achill_mille.4B,4B,achill_mille,31,1,0.9999999999999998,0.0625,0.06666666666666667,0.6704940806325976,4,2,0,Random,Undetermined
ambros_psilo.4B,4B,ambros_psilo,31,1,0.8430306226434657,0.5,0.4,0.10791625276542875,12,6,0,Random,Undetermined
amorph_canes.4B,4B,amorph_canes,31,1,0.4938029646320821,0.125,0,0.6704940806325976,4,2,0,Random,Undetermined
androp_gerar.4B,4B,androp_gerar,31,1,0.005627304907732369,0.5,0,NA,3,2,-1,Decreasing,Directional
andros_occid.4B,4B,andros_occid,31,0.030000000000000027,NA,NA,NA,NA,1,1,NA,Rare,Undetermined
antenn_negle.4B,4B,antenn_negle,31,0.26,0.005627304907732369,0.5,0,NA,3,2,-1,Decreasing,Directional
artemi_ludov.4B,4B,artemi_ludov,31,1,NA,NA,NA,NA,0,0,NA,Invariant,Undetermined
asclep_steno.4B,4B,asclep_steno,31,0.97,NA,NA,NA,NA,0,0,NA,Invariant,Undetermined
asclep_syria.4B,4B,asclep_syria,31,0.9,4.849363404255556e-4,0.75,0.06666666666666667,NA,3,2,-1,Decreasing,Directional
asclep_tuber.4B,4B,asclep_tuber,31,0.31999999999999995,8.508286324362016e-4,0.625,0,NA,5,3,-1,Decreasing,Directional
asclep_verti.4B,4B,asclep_verti,31,0.52,0.9999999999999999,0.0625,0,0.6035755086858975,2,1,0,Random,Undetermined
asclep_virdf.4B,4B,asclep_virdf,31,0.94,NA,NA,NA,NA,0,0,NA,Invariant,Undetermined
asclep_virds.4B,4B,asclep_virds,31,0.84,0.02379624189979081,0.5,0.06666666666666667,NA,7,4,-1,Decreasing,Directional
astrag_crass.4B,4B,astrag_crass,31,0.6799999999999999,0.02379624189979081,0.5,0.06666666666666667,NA,9,5,-1,Decreasing,Directional
baptis_austr.4B,4B,baptis_austr,31,1,0.005769340530798479,0.6875,0.13333333333333333,NA,11,6,-1,Decreasing,Directional
boutel_curti.4B,4B,boutel_curti,31,1,0.9999999999999996,0.125,0.06666666666666667,0.7421078985573584,6,3,0,Random,Undetermined
boutel_hirsu.4B,4B,boutel_hirsu,31,0.16000000000000003,0.0607219234556129,0.3125,0,1.371221887965171e-7,1,1,0,Clumped,Non-directional
bricke_eupat.4B,4B,bricke_eupat,31,1,2.918006686601915e-4,0.6875,0,NA,5,3,-1,Decreasing,Directional
callir_invol.4B,4B,callir_invol,31,0.09999999999999998,NA,NA,NA,NA,5,3,NA,Rare,Undetermined
carex_brevi.4B,4B,carex_brevi,31,0.9,0.4938029646320821,0.125,0,0.001447721282176437,2,1,0,Clumped,Non-directional
carex_gravi.4B,4B,carex_gravi,31,0.74,NA,NA,NA,NA,0,0,NA,Invariant,Undetermined
carex_inops.4B,4B,carex_inops,31,0.94,0.9999999999999997,0.4375,0.4,1.54759813706146e-5,4,2,0,Recurrent,Non-directional
carex_meadi.4B,4B,carex_meadi,31,0.97,0.0607219234556129,0.3125,0,0.04834969544775515,6,3,0,Recurrent,Non-directional
ceanot_herba.4B,4B,ceanot_herba,31,1,0.4938029646320821,0.125,0,0.6704940806325976,4,2,0,Random,Undetermined
celtis_occid.4B,4B,celtis_occid,31,0.06000000000000005,NA,NA,NA,NA,3,2,NA,Rare,Undetermined
chenop_album.4B,4B,chenop_album,31,0.030000000000000027,NA,NA,NA,NA,1,1,NA,Rare,Undetermined
cirsiu_altis.4B,4B,cirsiu_altis,31,0.97,0.01307691769989149,0.4375,0,NA,4,2,-1,Decreasing,Directional
cirsiu_undul.4B,4B,cirsiu_undul,31,1,0.028802456421696293,0.375,0,NA,4,2,-1,Decreasing,Directional
comand_umbel.4B,4B,comand_umbel,31,0.94,0.005769340530798479,0.6875,0.13333333333333333,NA,8,4,-1,Decreasing,Directional
cornus_drumm.4B,4B,cornus_drumm,31,1,1.0065448155418538e-4,0,0.7333333333333333,NA,4,2,1,Increasing,Directional
cyperu_lupul.4B,4B,cyperu_lupul,31,0.42000000000000004,0.5648742938932729,0.5,0.3333333333333333,0.3402466398459586,14,8,0,Random,Undetermined
dalea_candi.4B,4B,dalea_candi,31,0.97,0.9999999999999998,0.0625,0.06666666666666667,0.10227869721951265,3,2,0,Random,Undetermined
dalea_purpu.4B,4B,dalea_purpu,31,1,NA,NA,NA,NA,0,0,NA,Invariant,Undetermined
delphi_carol.4B,4B,delphi_carol,31,0.5800000000000001,0.9999999999999999,0.0625,0,0.6035755086858975,2,1,0,Random,Undetermined
descur_pinna.4B,4B,descur_pinna,31,0.13,0.12381749876088588,0.25,0,0.510929583565928,7,4,0,Random,Undetermined
desmod_illin.4B,4B,desmod_illin,31,0.9,0.10478287613147351,0.375,0.06666666666666667,0.16471815196577136,9,5,0,Random,Undetermined
dichan_oligo.4B,4B,dichan_oligo,31,1,0.19225130462178386,0.5625,0.26666666666666666,0.0038548663576638852,8,4,0,Recurrent,Non-directional
echina_angus.4B,4B,echina_angus,31,0.74,0.9999999999999999,0.0625,0,0.6035755086858975,2,1,0,Random,Undetermined
elymus_canad.4B,4B,elymus_canad,31,0.94,0.24735482306428383,0.1875,0,0.003387153153070865,3,2,0,Recurrent,Non-directional
eragro_spect.4B,4B,eragro_spect,31,0.84,0.9999999999999999,0.0625,0,0.6035755086858975,2,1,0,Random,Undetermined
eriger_strig.4B,4B,eriger_strig,31,0.71,NA,NA,NA,NA,0,0,NA,Invariant,Undetermined
eupato_altis.4B,4B,eupato_altis,31,0.97,0.14193493503497973,0.4375,0.13333333333333333,0.0049570404947700255,7,4,0,Recurrent,Non-directional
euphor_missu.4B,4B,euphor_missu,31,0.030000000000000027,NA,NA,NA,NA,1,1,NA,Rare,Undetermined
euphor_spath.4B,4B,euphor_spath,31,0.48,0.2061056896922602,0.625,0.3333333333333333,0.18181665042692735,13,7,0,Random,Undetermined
galium_apari.4B,4B,galium_apari,31,0.22999999999999998,0.4457475743700233,0.3125,0.13333333333333333,0.02087276352945389,7,4,0,Recurrent,Non-directional
gledit_triac.4B,4B,gledit_triac,31,0.84,0.001030537674362584,0,0.6,NA,5,3,1,Increasing,Directional
hierac_longi.4B,4B,hierac_longi,31,0.35,2.918006686601915e-4,0.6875,0,NA,1,1,-1,Decreasing,Directional
koeler_macra.4B,4B,koeler_macra,31,1,0.9999999999999999,0.0625,0,0.6035755086858975,2,1,0,Random,Undetermined
lactuc_serri.4B,4B,lactuc_serri,31,0.22999999999999998,0.01307691769989149,0.4375,0,NA,5,3,-1,Decreasing,Directional
lepidi_densi.4B,4B,lepidi_densi,31,0.18999999999999995,0.028802456421696293,0.375,0,NA,7,4,-1,Decreasing,Directional
lesped_capit.4B,4B,lesped_capit,31,1,0.028802456421696293,0.375,0,NA,1,1,-1,Decreasing,Directional
lesped_viola.4B,4B,lesped_viola,31,1,0.0607219234556129,0.3125,0,0.001133670762583116,4,2,0,Recurrent,Non-directional
linum_sulca.4B,4B,linum_sulca,31,0.77,NA,NA,NA,NA,0,0,NA,Invariant,Undetermined
lomati_foeni.4B,4B,lomati_foeni,31,0.87,0.0607219234556129,0.3125,0,8.89012572017322e-5,3,2,0,Recurrent,Non-directional
mimosa_quadr.4B,4B,mimosa_quadr,31,1,NA,NA,NA,NA,0,0,NA,Invariant,Undetermined
muhlen_cuspi.4B,4B,muhlen_cuspi,31,0.84,0.01307691769989149,0.4375,0,NA,3,2,-1,Decreasing,Directional
oenoth_bienn.4B,4B,oenoth_bienn,31,0.030000000000000027,NA,NA,NA,NA,1,1,NA,Rare,Undetermined
oenoth_macro.4B,4B,oenoth_macro,31,0.31999999999999995,8.508286324362016e-4,0.625,0,NA,7,4,-1,Decreasing,Directional
oxalis_stric.4B,4B,oxalis_stric,31,0.61,NA,NA,NA,NA,0,0,NA,Invariant,Undetermined
oxalis_viola.4B,4B,oxalis_viola,31,0.48,0.0068781768234081634,0.75,0.2,NA,9,5,-1,Decreasing,Directional
packer_platt.4B,4B,packer_platt,31,0.74,NA,NA,NA,NA,0,0,NA,Invariant,Undetermined
panicu_capil.4B,4B,panicu_capil,31,0.09999999999999998,NA,NA,NA,NA,5,3,NA,Rare,Undetermined
panicu_virga.4B,4B,panicu_virga,31,1,0.87862332033474,0.375,0.4666666666666667,3.1840052171206096e-4,6,3,0,Recurrent,Non-directional
pediom_argop.4B,4B,pediom_argop,31,0.65,0.028802456421696293,0.375,0,NA,3,2,-1,Decreasing,Directional
pediom_escul.4B,4B,pediom_escul,31,0.97,0.12381749876088588,0.25,0,0.2055398893616577,6,3,0,Random,Undetermined
pediom_tenui.4B,4B,pediom_tenui,31,0.97,3.457576538813301e-5,0.875,0.06666666666666667,NA,7,4,-1,Decreasing,Directional
physal_pumil.4B,4B,physal_pumil,31,1,0.2601470231694908,0.375,0.13333333333333333,0.009423484253754045,7,4,0,Recurrent,Non-directional
poa_prate.4B,4B,poa_prate,31,1,1,0.25,0.26666666666666666,0.524803430044251,12,6,0,Random,Undetermined
prunus_ameri.4B,4B,prunus_ameri,31,1,0.014700550967152358,0.625,0.13333333333333333,NA,11,6,-1,Decreasing,Directional
ratibi_colum.4B,4B,ratibi_colum,31,0.9,0.12381749876088588,0.25,0,0.8097008933768095,8,4,0,Random,Undetermined
rhus_aroma.4B,4B,rhus_aroma,31,0.06000000000000005,NA,NA,NA,NA,3,2,NA,Rare,Undetermined
rhus_glabr.4B,4B,rhus_glabr,31,1,0.9999999999999996,0.125,0.06666666666666667,0.7421078985573584,6,3,0,Random,Undetermined
rosa_arkan.4B,4B,rosa_arkan,31,1,0.4457475743700233,0.3125,0.13333333333333333,0.06607865080611015,8,4,0,Random,Undetermined
ruelli_humil.4B,4B,ruelli_humil,31,1,NA,NA,NA,NA,0,0,NA,Invariant,Undetermined
salvia_azure.4B,4B,salvia_azure,31,1,3.457576538813301e-5,0.875,0.06666666666666667,NA,3,2,-1,Decreasing,Directional
schiza_scopa.4B,4B,schiza_scopa,31,1,0.9999999999999996,0.125,0.06666666666666667,0.7421078985573584,6,3,0,Random,Undetermined
silene_antir.4B,4B,silene_antir,31,0.42000000000000004,0.5648742938932729,0.5,0.3333333333333333,0.7625647494075237,17,9,0,Random,Undetermined
sisyri_campe.4B,4B,sisyri_campe,31,0.61,NA,NA,NA,NA,0,0,NA,Invariant,Undetermined
solida_altis.4B,4B,solida_altis,31,1,5.8669510429744606e-6,0.875,0,NA,5,3,-1,Decreasing,Directional
solida_misso.4B,4B,solida_misso,31,1,0.0607219234556129,0.3125,0,4.4051415956993966e-6,2,1,0,Clumped,Non-directional
solida_rigid.4B,4B,solida_rigid,31,0.81,0.0068781768234081634,0.75,0.2,NA,9,5,-1,Decreasing,Directional
sonchu_asper.4B,4B,sonchu_asper,31,0.030000000000000027,NA,NA,NA,NA,1,1,NA,Rare,Undetermined
sorgha_nutan.4B,4B,sorgha_nutan,31,1,0.9999999999999999,0.0625,0,0.6035755086858975,2,1,0,Random,Undetermined
spermo_inerm.4B,4B,spermo_inerm,31,0.39,0.8211111546026745,0.4375,0.3333333333333333,0.6906425888539952,16,9,0,Random,Undetermined
spiran_verna.4B,4B,spiran_verna,31,0.030000000000000027,NA,NA,NA,NA,1,1,NA,Rare,Undetermined
sporob_compo.4B,4B,sporob_compo,31,1,6.219543127899331e-4,0.8125,0.13333333333333333,NA,7,4,-1,Decreasing,Directional
sporob_crypt.4B,4B,sporob_crypt,31,0.030000000000000027,NA,NA,NA,NA,1,1,NA,Rare,Undetermined
sporob_heter.4B,4B,sporob_heter,31,1,0.9999999999999999,0.0625,0,0.6035755086858975,2,1,0,Random,Undetermined
sympho_orbic.4B,4B,sympho_orbic,31,1,NA,NA,NA,NA,0,0,NA,Invariant,Undetermined
symphy_erico.4B,4B,symphy_erico,31,1,0.010261748444302629,0.5625,0.06666666666666667,NA,7,4,-1,Decreasing,Directional
symphy_oblon.4B,4B,symphy_oblon,31,1,1,0.5,0.4666666666666667,6.292929253620154e-5,5,3,0,Recurrent,Non-directional
symphy_seric.4B,4B,symphy_seric,31,1,0.005627304907732369,0.5,0,NA,4,2,-1,Decreasing,Directional
tragia_beton.4B,4B,tragia_beton,31,1,0.24735482306428383,0.1875,0,6.487325970637214e-5,2,1,0,Clumped,Non-directional
tragop_dubiu.4B,4B,tragop_dubiu,31,0.18999999999999995,0.20178086785522442,0.3125,0.06666666666666667,0.05476579991427084,7,4,0,Random,Undetermined
trioda_perfo.4B,4B,trioda_perfo,31,0.48,0.2061056896922602,0.625,0.3333333333333333,0.7103873889477217,17,9,0,Random,Undetermined
ulmus_ameri.4B,4B,ulmus_ameri,31,0.42000000000000004,0.0021691433174929574,0.125,0.7333333333333333,NA,4,3,1,Increasing,Directional
vernon_baldw.4B,4B,vernon_baldw,31,1,0.0607219234556129,0.3125,0,4.4051415956993966e-6,2,1,0,Clumped,Non-directional
viola_bicol.4B,4B,viola_bicol,31,0.31999999999999995,0.010261748444302629,0.5625,0.06666666666666667,NA,11,6,-1,Decreasing,Directional
viola_pedat.4B,4B,viola_pedat,31,0.55,0.9999999999999999,0.0625,0,0.6035755086858975,2,1,0,Random,Undetermined
vulpia_octof.4B,4B,vulpia_octof,31,0.31999999999999995,0.794548815675884,0.375,0.26666666666666666,0.40890539535182613,13,7,0,Random,Undetermined
achill_mille.N1B,N1B,achill_mille,31,1,0.9999999999999999,0.0625,0,0.6035755086858975,2,1,0,Random,Undetermined
agalin_asper.N1B,N1B,agalin_asper,31,0.030000000000000027,NA,NA,NA,NA,1,1,NA,Rare,Undetermined
ambros_psilo.N1B,N1B,ambros_psilo,31,1,0.3574664672997162,0.5625,0.3333333333333333,0.024103603129656936,10,5,0,Recurrent,Non-directional
amorph_canes.N1B,N1B,amorph_canes,31,1,0.028802456421696293,0.375,0,NA,2,1,-1,Decreasing,Directional
androp_gerar.N1B,N1B,androp_gerar,31,1,NA,NA,NA,NA,0,0,NA,Invariant,Undetermined
andros_occid.N1B,N1B,andros_occid,31,0.26,0.03082268374448432,0.0625,0.4666666666666667,NA,8,5,1,Increasing,Directional
antenn_negle.N1B,N1B,antenn_negle,31,1,NA,NA,NA,NA,0,0,NA,Invariant,Undetermined
argemo_polya.N1B,N1B,argemo_polya,31,0.030000000000000027,NA,NA,NA,NA,1,1,NA,Rare,Undetermined
artemi_ludov.N1B,N1B,artemi_ludov,31,1,NA,NA,NA,NA,0,0,NA,Invariant,Undetermined
asclep_steno.N1B,N1B,asclep_steno,31,0.44999999999999996,0.8430306226434657,0.5,0.4,0.5940658678791524,16,9,0,Random,Undetermined
asclep_syria.N1B,N1B,asclep_syria,31,0.55,0.24735482306428383,0.1875,0,3.7850061085042235e-7,1,1,0,Clumped,Non-directional
asclep_tuber.N1B,N1B,asclep_tuber,31,0.39,0.33506173744419815,0.5,0.26666666666666666,0.013825547448709034,9,5,0,Recurrent,Non-directional
asclep_verti.N1B,N1B,asclep_verti,31,1,0.24735482306428383,0.1875,0,3.7850061085042235e-7,1,1,0,Clumped,Non-directional
asclep_virdf.N1B,N1B,asclep_virdf,31,0.9,NA,NA,NA,NA,0,0,NA,Invariant,Undetermined
asclep_virds.N1B,N1B,asclep_virds,31,1,0.0014853753815634292,0.6875,0.06666666666666667,NA,7,4,-1,Decreasing,Directional
astrag_crass.N1B,N1B,astrag_crass,31,0.81,0.36455732638706395,0.1875,0.4,2.582679536782227e-4,5,3,0,Recurrent,Non-directional
baptis_austr.N1B,N1B,baptis_austr,31,1,0.5856318386342959,0.5625,0.4,0.18181665042692735,13,7,0,Random,Undetermined
baptis_bract.N1B,N1B,baptis_bract,31,1,0.9999999999999998,0.25,0.2,0.16471815196577136,9,5,0,Random,Undetermined
boutel_curti.N1B,N1B,boutel_curti,31,1,0.9999999999999999,0.0625,0,7.007977131478214e-5,1,1,0,Clumped,Non-directional
boutel_graci.N1B,N1B,boutel_graci,31,1,NA,NA,NA,NA,0,0,NA,Invariant,Undetermined
boutel_hirsu.N1B,N1B,boutel_hirsu,31,1,0.9999999999999999,0.0625,0,7.007977131478214e-5,1,1,0,Clumped,Non-directional
bricke_eupat.N1B,N1B,bricke_eupat,31,1,0.12381749876088588,0.25,0,1.9998841638841e-7,1,1,0,Clumped,Non-directional
bromus_inerm.N1B,N1B,bromus_inerm,31,0.5800000000000001,0.005627304907732369,0.5,0,NA,5,3,-1,Decreasing,Directional
callir_invol.N1B,N1B,callir_invol,31,1,0.640592006524916,0.1875,0.06666666666666667,0.005854677406542337,4,2,0,Recurrent,Non-directional
carex_brevi.N1B,N1B,carex_brevi,31,0.9,0.004087560306914374,0.625,0.06666666666666667,NA,2,1,-1,Decreasing,Directional
carex_gravi.N1B,N1B,carex_gravi,31,0.9,0.9999999999999999,0.0625,0,7.007977131478214e-5,1,1,0,Clumped,Non-directional
carex_inops.N1B,N1B,carex_inops,31,0.84,0.12381749876088588,0.25,0,1.2238218346433187e-5,2,1,0,Clumped,Non-directional
carex_meadi.N1B,N1B,carex_meadi,31,0.94,0.9999999999999999,0.0625,0,0.6035755086858975,2,1,0,Random,Undetermined
ceanot_herba.N1B,N1B,ceanot_herba,31,1,0.9999999999999999,0.0625,0,7.007977131478214e-5,1,1,0,Clumped,Non-directional
cirsiu_altis.N1B,N1B,cirsiu_altis,31,0.29000000000000004,0.02379624189979081,0.5,0.06666666666666667,NA,5,3,-1,Decreasing,Directional
cirsiu_undul.N1B,N1B,cirsiu_undul,31,1,0.9738274065893568,0,0.06666666666666667,0.6035755086858975,2,1,0,Random,Undetermined
comand_umbel.N1B,N1B,comand_umbel,31,0.97,0.01307691769989149,0.4375,0,NA,1,1,-1,Decreasing,Directional
conyza_canad.N1B,N1B,conyza_canad,31,0.87,0.9999999999999999,0.0625,0,0.6035755086858975,2,1,0,Random,Undetermined
croton_monan.N1B,N1B,croton_monan,31,0.74,NA,NA,NA,NA,0,0,NA,Invariant,Undetermined
dalea_candi.N1B,N1B,dalea_candi,31,1,NA,NA,NA,NA,0,0,NA,Invariant,Undetermined
dalea_purpu.N1B,N1B,dalea_purpu,31,1,0.12381749876088588,0.25,0,0.047322364103480605,5,3,0,Recurrent,Non-directional
delphi_carol.N1B,N1B,delphi_carol,31,0.84,NA,NA,NA,NA,0,0,NA,Invariant,Undetermined
descur_pinna.N1B,N1B,descur_pinna,31,0.09999999999999998,NA,NA,NA,NA,5,3,NA,Rare,Undetermined
desmod_illin.N1B,N1B,desmod_illin,31,0.39,0.21144981550278782,0.25,0.5333333333333333,0.03464647108891813,10,6,0,Recurrent,Non-directional
dichan_oligo.N1B,N1B,dichan_oligo,31,1,0.36899585542689983,0.25,0.06666666666666667,8.89012572017322e-5,3,2,0,Recurrent,Non-directional
dichan_ovale.N1B,N1B,dichan_ovale,31,0.44999999999999996,0.007129770985317564,0.1875,0.7333333333333333,NA,8,5,1,Increasing,Directional
draba_cunei.N1B,N1B,draba_cunei,31,0.13,0.5450438219949827,0.0625,0.2,0.510929583565928,7,4,0,Random,Undetermined
eragro_spect.N1B,N1B,eragro_spect,31,1,0.24735482306428383,0.1875,0,0.003387153153070865,3,2,0,Recurrent,Non-directional
euphor_margi.N1B,N1B,euphor_margi,31,0.97,NA,NA,NA,NA,0,0,NA,Invariant,Undetermined
euphor_serpe.N1B,N1B,euphor_serpe,31,0.5800000000000001,0.9999999999999998,0.0625,0.06666666666666667,0.6704940806325976,4,2,0,Random,Undetermined
euphor_spath.N1B,N1B,euphor_spath,31,0.87,NA,NA,NA,NA,0,0,NA,Invariant,Undetermined
galium_apari.N1B,N1B,galium_apari,31,0.09999999999999998,NA,NA,NA,NA,5,3,NA,Rare,Undetermined
gerani_carol.N1B,N1B,gerani_carol,31,0.26,0.05148761028667245,0.4375,0.06666666666666667,0.1835045895181674,10,6,0,Random,Undetermined
glandu_bipin.N1B,N1B,glandu_bipin,31,0.13,0.5450438219949827,0.0625,0.2,0.2055398893616577,6,4,0,Random,Undetermined
hybant_verti.N1B,N1B,hybant_verti,31,0.42000000000000004,0.1075338678513425,0.25,0.6,0.0038548663576638852,8,5,0,Recurrent,Non-directional
hymeno_scabi.N1B,N1B,hymeno_scabi,31,1,0.4938029646320821,0.125,0,0.001447721282176437,2,1,0,Clumped,Non-directional
koeler_macra.N1B,N1B,koeler_macra,31,1,0.9999999999999998,0.0625,0.06666666666666667,0.10227869721951265,3,2,0,Random,Undetermined
lactuc_serri.N1B,N1B,lactuc_serri,31,0.13,0.12381749876088588,0.25,0,0.047322364103480605,5,3,0,Recurrent,Non-directional
lepidi_densi.N1B,N1B,lepidi_densi,31,1,NA,NA,NA,NA,0,0,NA,Invariant,Undetermined
lesped_capit.N1B,N1B,lesped_capit,31,1,0.0607219234556129,0.3125,0,0.39382529300283187,8,4,0,Random,Undetermined
lesped_viola.N1B,N1B,lesped_viola,31,0.65,0.9530952817995972,0.0625,0.13333333333333333,0.003387153153070865,3,2,0,Recurrent,Non-directional
linum_sulca.N1B,N1B,linum_sulca,31,1,NA,NA,NA,NA,0,0,NA,Invariant,Undetermined
lomati_foeni.N1B,N1B,lomati_foeni,31,1,0.0607219234556129,0.3125,0,0.04834969544775515,6,3,0,Recurrent,Non-directional
mimosa_quadr.N1B,N1B,mimosa_quadr,31,1,0.7605990847392358,0.3125,0.2,0.3372652476132434,11,6,0,Random,Undetermined
mirabi_linea.N1B,N1B,mirabi_linea,31,0.030000000000000027,NA,NA,NA,NA,1,1,NA,Rare,Undetermined
muhlen_cuspi.N1B,N1B,muhlen_cuspi,31,0.18999999999999995,0.20178086785522442,0.3125,0.06666666666666667,0.05476579991427084,7,4,0,Random,Undetermined
oenoth_bienn.N1B,N1B,oenoth_bienn,31,0.13,0.5450438219949827,0.0625,0.2,0.047322364103480605,5,3,0,Recurrent,Non-directional
oenoth_macro.N1B,N1B,oenoth_macro,31,0.35,0.10193077872193111,0.1875,0.5333333333333333,0.006587846048527602,8,5,0,Recurrent,Non-directional
oenoth_speci.N1B,N1B,oenoth_speci,31,0.55,0.9999999999999999,0.0625,0,0.6035755086858975,2,1,0,Random,Undetermined
oxalis_stric.N1B,N1B,oxalis_stric,31,0.74,NA,NA,NA,NA,0,0,NA,Invariant,Undetermined
oxalis_viola.N1B,N1B,oxalis_viola,31,0.87,0.4938029646320821,0.125,0,0.10227869721951265,3,2,0,Random,Undetermined
packer_platt.N1B,N1B,packer_platt,31,1,NA,NA,NA,NA,0,0,NA,Invariant,Undetermined
panicu_virga.N1B,N1B,panicu_virga,31,1,2.918006686601915e-4,0.6875,0,NA,1,1,-1,Decreasing,Directional
pediom_escul.N1B,N1B,pediom_escul,31,0.97,0.9999999999999999,0.0625,0,0.6035755086858975,2,1,0,Random,Undetermined
physal_pumil.N1B,N1B,physal_pumil,31,1,0.12381749876088588,0.25,0,1.9998841638841e-7,1,1,0,Clumped,Non-directional
poa_prate.N1B,N1B,poa_prate,31,1,0.05148761028667245,0.4375,0.06666666666666667,0.08314230445910545,9,5,0,Random,Undetermined
ratibi_colum.N1B,N1B,ratibi_colum,31,1,0.9999999999999999,0.0625,0,0.6035755086858975,2,1,0,Random,Undetermined
rhus_glabr.N1B,N1B,rhus_glabr,31,1,0.006424433886882116,0.125,0.6666666666666666,NA,3,2,1,Increasing,Directional
rosa_arkan.N1B,N1B,rosa_arkan,31,1,0.10050954088451342,0.625,0.26666666666666666,0.024103603129656936,10,5,0,Recurrent,Non-directional
ruelli_humil.N1B,N1B,ruelli_humil,31,1,0.4938029646320821,0.125,0,1.3755538820213215e-6,1,1,0,Clumped,Non-directional
salvia_azure.N1B,N1B,salvia_azure,31,1,0.005627304907732369,0.5,0,NA,3,2,-1,Decreasing,Directional
schiza_scopa.N1B,N1B,schiza_scopa,31,1,0.24735482306428383,0.1875,0,3.7850061085042235e-7,1,1,0,Clumped,Non-directional
senna_maril.N1B,N1B,senna_maril,31,0.030000000000000027,NA,NA,NA,NA,1,1,NA,Rare,Undetermined
silene_antir.N1B,N1B,silene_antir,31,0.84,0.9999999999999999,0.0625,0,0.6035755086858975,2,1,0,Random,Undetermined
sisyri_campe.N1B,N1B,sisyri_campe,31,0.87,0.9999999999999999,0.0625,0,0.6035755086858975,2,1,0,Random,Undetermined
solanu_carol.N1B,N1B,solanu_carol,31,0.77,0.24735482306428383,0.1875,0,0.003387153153070865,3,2,0,Recurrent,Non-directional
solanu_ptyca.N1B,N1B,solanu_ptyca,31,0.030000000000000027,NA,NA,NA,NA,1,1,NA,Rare,Undetermined
solanu_rostr.N1B,N1B,solanu_rostr,31,0.31999999999999995,0.9999999999999997,0.3125,0.3333333333333333,0.92646001299271,17,9,0,Random,Undetermined
solida_altis.N1B,N1B,solida_altis,31,1,0.2061056896922602,0.625,0.3333333333333333,9.580607150506351e-4,7,4,0,Recurrent,Non-directional
solida_misso.N1B,N1B,solida_misso,31,1,0.9999999999999999,0.0625,0,0.6035755086858975,2,1,0,Random,Undetermined
sorgha_nutan.N1B,N1B,sorgha_nutan,31,1,9.026264971155701e-5,0.75,0,NA,1,1,-1,Decreasing,Directional
spermo_inerm.N1B,N1B,spermo_inerm,31,0.9,0.9999999999999999,0.0625,0,0.6035755086858975,2,1,0,Random,Undetermined
sporob_compo.N1B,N1B,sporob_compo,31,1,0.12381749876088588,0.25,0,1.9998841638841e-7,1,1,0,Clumped,Non-directional
sporob_crypt.N1B,N1B,sporob_crypt,31,0.65,NA,NA,NA,NA,0,0,NA,Invariant,Undetermined
sporob_heter.N1B,N1B,sporob_heter,31,0.44999999999999996,5.8669510429744606e-6,0.875,0,NA,1,1,-1,Decreasing,Directional
stenar_nigri.N1B,N1B,stenar_nigri,31,0.030000000000000027,NA,NA,NA,NA,1,1,NA,Rare,Undetermined
sympho_orbic.N1B,N1B,sympho_orbic,31,1,NA,NA,NA,NA,0,0,NA,Invariant,Undetermined
symphy_erico.N1B,N1B,symphy_erico,31,1,1.1727059450222468e-6,0.9375,0,NA,3,2,-1,Decreasing,Directional
symphy_laeve.N1B,N1B,symphy_laeve,31,0.030000000000000027,NA,NA,NA,NA,1,1,NA,Rare,Undetermined
symphy_oblon.N1B,N1B,symphy_oblon,31,1,9.026264971155701e-5,0.75,0,NA,7,4,-1,Decreasing,Directional
symphy_seric.N1B,N1B,symphy_seric,31,1,0.9999999999999999,0.0625,0,7.007977131478214e-5,1,1,0,Clumped,Non-directional
teucri_canad.N1B,N1B,teucri_canad,31,1,0.4457475743700233,0.3125,0.13333333333333333,1.432305454886208e-4,4,3,0,Recurrent,Non-directional
trades_bract.N1B,N1B,trades_bract,31,0.18999999999999995,0.028802456421696293,0.375,0,NA,3,2,-1,Decreasing,Directional
tragia_beton.N1B,N1B,tragia_beton,31,0.74,0.24735482306428383,0.1875,0,3.7850061085042235e-7,1,1,0,Clumped,Non-directional
triden_flavu.N1B,N1B,triden_flavu,31,0.97,0.5872145938600922,0.125,0.26666666666666666,2.2288160900003404e-6,2,2,0,Recurrent,Non-directional
trioda_lepto.N1B,N1B,trioda_lepto,31,0.5800000000000001,0.9999999999999999,0.0625,0,7.007977131478214e-5,1,1,0,Clumped,Non-directional
trioda_perfo.N1B,N1B,trioda_perfo,31,0.65,0.9999999999999999,0.0625,0,0.6035755086858975,2,1,0,Random,Undetermined
verbas_blatt.N1B,N1B,verbas_blatt,31,0.55,0.4938029646320821,0.125,0,0.6704940806325976,4,2,0,Random,Undetermined
verben_stric.N1B,N1B,verben_stric,31,1,0.24735482306428383,0.1875,0,6.487325970637214e-5,2,1,0,Clumped,Non-directional
vernon_baldw.N1B,N1B,vernon_baldw,31,1,NA,NA,NA,NA,0,0,NA,Invariant,Undetermined
viola_bicol.N1B,N1B,viola_bicol,31,0.35,0.3764715139211589,0.25,0.4666666666666667,0.006587846048527602,8,5,0,Recurrent,Non-directional
viola_pedat.N1B,N1B,viola_pedat,31,0.52,NA,NA,NA,NA,0,0,NA,Invariant,Undetermined
achill_mille.N20B,N20B,achill_mille,31,1,0.01307691769989149,0.4375,0,NA,8,4,-1,Decreasing,Directional
amorph_canes.N20B,N20B,amorph_canes,31,1,0.028802456421696293,0.375,0,NA,3,2,-1,Decreasing,Directional
andros_occid.N20B,N20B,andros_occid,31,0.09999999999999998,NA,NA,NA,NA,3,2,NA,Rare,Undetermined
antenn_negle.N20B,N20B,antenn_negle,31,1,0.87862332033474,0.375,0.4666666666666667,0.4855078522617498,15,8,0,Random,Undetermined
asclep_steno.N20B,N20B,asclep_steno,31,0.65,NA,NA,NA,NA,0,0,NA,Invariant,Undetermined
asclep_syria.N20B,N20B,asclep_syria,31,0.84,0.12381749876088588,0.25,0,3.755965225892386e-4,3,2,0,Recurrent,Non-directional
asclep_tuber.N20B,N20B,asclep_tuber,31,0.97,0.0068781768234081634,0.75,0.2,NA,11,6,-1,Decreasing,Directional
asclep_verti.N20B,N20B,asclep_verti,31,1,0.9999999999999999,0.0625,0,7.007977131478214e-5,1,1,0,Clumped,Non-directional
asclep_virdf.N20B,N20B,asclep_virdf,31,0.97,NA,NA,NA,NA,0,0,NA,Invariant,Undetermined
asclep_virds.N20B,N20B,asclep_virds,31,1,0.0022718372541295786,0.5625,0,NA,8,4,-1,Decreasing,Directional
astrag_crass.N20B,N20B,astrag_crass,31,1,0.01805085266521226,0.6875,0.2,NA,9,5,-1,Decreasing,Directional
baptis_bract.N20B,N20B,baptis_bract,31,1,9.026264971155701e-5,0.75,0,NA,5,3,-1,Decreasing,Directional
bromus_inerm.N20B,N20B,bromus_inerm,31,1,1.3956196986508406e-4,0.8125,0.06666666666666667,NA,6,3,-1,Decreasing,Directional
callir_invol.N20B,N20B,callir_invol,31,1,5.8669510429744606e-6,0.875,0,NA,3,2,-1,Decreasing,Directional
carex_brevi.N20B,N20B,carex_brevi,31,0.94,NA,NA,NA,NA,0,0,NA,Invariant,Undetermined
carex_gravi.N20B,N20B,carex_gravi,31,1,0.12381749876088588,0.25,0,1.2238218346433187e-5,2,1,0,Clumped,Non-directional
carex_inops.N20B,N20B,carex_inops,31,0.94,0.6053967742246604,0.1875,0.3333333333333333,7.382221250967464e-5,4,2,0,Recurrent,Non-directional
carex_meadi.N20B,N20B,carex_meadi,31,0.97,0.9999999999999999,0.0625,0,0.6035755086858975,2,1,0,Random,Undetermined
ceanot_herba.N20B,N20B,ceanot_herba,31,1,4.849363404255556e-4,0.75,0.06666666666666667,NA,3,2,-1,Decreasing,Directional
chaero_procu.N20B,N20B,chaero_procu,31,0.06000000000000005,NA,NA,NA,NA,3,2,NA,Rare,Undetermined
cirsiu_altis.N20B,N20B,cirsiu_altis,31,1,0.24735482306428383,0.1875,0,6.487325970637214e-5,2,1,0,Clumped,Non-directional
cirsiu_undul.N20B,N20B,cirsiu_undul,31,1,0.5366545109001994,0.4375,0.26666666666666666,2.2518255690973833e-5,4,2,0,Recurrent,Non-directional
comand_umbel.N20B,N20B,comand_umbel,31,0.71,0.9738274065893568,0,0.06666666666666667,0.6035755086858975,2,1,0,Random,Undetermined
cornus_drumm.N20B,N20B,cornus_drumm,31,1,0.20250799155863133,0,0.2,0.0560820490128325,4,2,0,Random,Undetermined
coryda_micra.N20B,N20B,coryda_micra,31,0.13,0.12381749876088588,0.25,0,0.510929583565928,7,4,0,Random,Undetermined
croton_monan.N20B,N20B,croton_monan,31,0.97,1,0.25,0.26666666666666666,0.1835045895181674,10,5,0,Random,Undetermined
dalea_candi.N20B,N20B,dalea_candi,31,0.97,0.9999999999999999,0.0625,0,0.6035755086858975,2,1,0,Random,Undetermined
dalea_purpu.N20B,N20B,dalea_purpu,31,1,0.12381749876088588,0.25,0,3.755965225892386e-4,3,2,0,Recurrent,Non-directional
descur_pinna.N20B,N20B,descur_pinna,31,0.5800000000000001,NA,NA,NA,NA,0,0,NA,Invariant,Undetermined
dichan_oligo.N20B,N20B,dichan_oligo,31,1,4.849363404255556e-4,0.75,0.06666666666666667,NA,7,4,-1,Decreasing,Directional
dichan_ovale.N20B,N20B,dichan_ovale,31,0.52,0.9999999999999996,0.125,0.06666666666666667,0.7421078985573584,6,3,0,Random,Undetermined
draba_repta.N20B,N20B,draba_repta,31,0.39,0.6088355461174525,0.3125,0.4666666666666667,0.6906425888539952,16,9,0,Random,Undetermined
echina_angus.N20B,N20B,echina_angus,31,1,0.12381749876088588,0.25,0,0.047322364103480605,5,3,0,Recurrent,Non-directional
eleoch_compr.N20B,N20B,eleoch_compr,31,0.97,0.19225130462178386,0.5625,0.26666666666666666,0.0038548663576638852,8,4,0,Recurrent,Non-directional
elymus_canad.N20B,N20B,elymus_canad,31,1,0.9999999999999999,0.0625,0,0.6035755086858975,2,1,0,Random,Undetermined
eriger_strig.N20B,N20B,eriger_strig,31,1,0.9999999999999999,0.0625,0,0.6035755086858975,2,1,0,Random,Undetermined
euphor_spath.N20B,N20B,euphor_spath,31,0.97,NA,NA,NA,NA,0,0,NA,Invariant,Undetermined
galium_apari.N20B,N20B,galium_apari,31,0.48,1,0.5,0.4666666666666667,0.0030983318263331774,8,5,0,Recurrent,Non-directional
hedeom_hispi.N20B,N20B,hedeom_hispi,31,0.94,NA,NA,NA,NA,0,0,NA,Invariant,Undetermined
hierac_longi.N20B,N20B,hierac_longi,31,0.77,0.9999999999999999,0.0625,0,0.6035755086858975,2,1,0,Random,Undetermined
hordeu_pusil.N20B,N20B,hordeu_pusil,31,0.81,0.43618286861823546,0,0.13333333333333333,0.6704940806325976,4,2,0,Random,Undetermined
hybant_verti.N20B,N20B,hybant_verti,31,1,0.30337022879060743,0.4375,0.2,0.1421962667157867,11,6,0,Random,Undetermined
hymeno_scabi.N20B,N20B,hymeno_scabi,31,1,0.640592006524916,0.1875,0.06666666666666667,0.2055398893616577,6,3,0,Random,Undetermined
koeler_macra.N20B,N20B,koeler_macra,31,1,0.9999999999999999,0.0625,0,0.6035755086858975,2,1,0,Random,Undetermined
lactuc_serri.N20B,N20B,lactuc_serri,31,0.26,0.05148761028667245,0.4375,0.06666666666666667,7.382221250967464e-5,4,3,0,Recurrent,Non-directional
lepidi_densi.N20B,N20B,lepidi_densi,31,1,NA,NA,NA,NA,0,0,NA,Invariant,Undetermined
lesped_viola.N20B,N20B,lesped_viola,31,1,0.9999999999999999,0.1875,0.13333333333333333,0.04834969544775515,6,3,0,Recurrent,Non-directional
linum_sulca.N20B,N20B,linum_sulca,31,1,NA,NA,NA,NA,0,0,NA,Invariant,Undetermined
lithos_occid.N20B,N20B,lithos_occid,31,1,0.19225130462178386,0.5625,0.26666666666666666,3.1840052171206096e-4,6,3,0,Recurrent,Non-directional
lomati_foeni.N20B,N20B,lomati_foeni,31,1,0.10478287613147351,0.375,0.06666666666666667,0.16471815196577136,9,5,0,Random,Undetermined
mimosa_quadr.N20B,N20B,mimosa_quadr,31,1,0.9999999999999999,0.0625,0,0.6035755086858975,2,1,0,Random,Undetermined
oenoth_bienn.N20B,N20B,oenoth_bienn,31,0.030000000000000027,NA,NA,NA,NA,1,1,NA,Rare,Undetermined
oenoth_macro.N20B,N20B,oenoth_macro,31,1,0.9999999999999999,0.1875,0.13333333333333333,0.009213517951520575,5,3,0,Recurrent,Non-directional
oenoth_serru.N20B,N20B,oenoth_serru,31,0.97,0.0607219234556129,0.3125,0,0.001133670762583116,4,2,0,Recurrent,Non-directional
oenoth_speci.N20B,N20B,oenoth_speci,31,0.9,8.508286324362016e-4,0.625,0,NA,5,3,-1,Decreasing,Directional
opunti_macro.N20B,N20B,opunti_macro,31,0.94,0.17099051982691332,0.5,0.2,1.1673453395695353e-4,5,3,0,Recurrent,Non-directional
oxalis_stric.N20B,N20B,oxalis_stric,31,0.74,NA,NA,NA,NA,0,0,NA,Invariant,Undetermined
oxalis_viola.N20B,N20B,oxalis_viola,31,0.65,0.24735482306428383,0.1875,0,0.003387153153070865,3,2,0,Recurrent,Non-directional
packer_platt.N20B,N20B,packer_platt,31,0.97,NA,NA,NA,NA,0,0,NA,Invariant,Undetermined
pediom_escul.N20B,N20B,pediom_escul,31,1,0.9999999999999999,0.0625,0,0.6035755086858975,2,1,0,Random,Undetermined
penste_cobae.N20B,N20B,penste_cobae,31,1,0.24735482306428383,0.1875,0,6.487325970637214e-5,2,1,0,Clumped,Non-directional
physal_pumil.N20B,N20B,physal_pumil,31,1,9.026264971155701e-5,0.75,0,NA,5,3,-1,Decreasing,Directional
planta_rhodo.N20B,N20B,planta_rhodo,31,0.84,NA,NA,NA,NA,0,0,NA,Invariant,Undetermined
poa_prate.N20B,N20B,poa_prate,31,1,0.9999999999999996,0.125,0.06666666666666667,0.31941274011236676,5,3,0,Random,Undetermined
ratibi_colum.N20B,N20B,ratibi_colum,31,1,0.24735482306428383,0.1875,0,0.7421078985573584,6,3,0,Random,Undetermined
rhus_aroma.N20B,N20B,rhus_aroma,31,1,NA,NA,NA,NA,0,0,NA,Invariant,Undetermined
rhus_glabr.N20B,N20B,rhus_glabr,31,1,0.4938029646320821,0.125,0,0.6704940806325976,4,2,0,Random,Undetermined
ruelli_humil.N20B,N20B,ruelli_humil,31,1,NA,NA,NA,NA,0,0,NA,Invariant,Undetermined
silene_antir.N20B,N20B,silene_antir,31,0.74,NA,NA,NA,NA,0,0,NA,Invariant,Undetermined
sisyri_campe.N20B,N20B,sisyri_campe,31,0.97,0.4938029646320821,0.125,0,1.3755538820213215e-6,1,1,0,Clumped,Non-directional
sonchu_asper.N20B,N20B,sonchu_asper,31,0.030000000000000027,NA,NA,NA,NA,1,1,NA,Rare,Undetermined
spermo_inerm.N20B,N20B,spermo_inerm,31,0.97,NA,NA,NA,NA,0,0,NA,Invariant,Undetermined
spheno_obtus.N20B,N20B,spheno_obtus,31,0.94,0.12381749876088588,0.25,0,3.755965225892386e-4,3,2,0,Recurrent,Non-directional
sympho_orbic.N20B,N20B,sympho_orbic,31,1,0.33875884132344075,0.125,0.3333333333333333,0.06607865080611015,8,4,0,Random,Undetermined
teucri_canad.N20B,N20B,teucri_canad,31,1,0.005627304907732369,0.5,0,NA,5,3,-1,Decreasing,Directional
tragop_dubiu.N20B,N20B,tragop_dubiu,31,0.94,0.9999999999999999,0.0625,0,0.6035755086858975,2,1,0,Random,Undetermined
trioda_lepto.N20B,N20B,trioda_lepto,31,0.5800000000000001,NA,NA,NA,NA,0,0,NA,Invariant,Undetermined
trioda_perfo.N20B,N20B,trioda_perfo,31,0.52,NA,NA,NA,NA,0,0,NA,Invariant,Undetermined
verben_stric.N20B,N20B,verben_stric,31,1,0.9999999999999999,0.0625,0,7.007977131478214e-5,1,1,0,Clumped,Non-directional
vicia_ameri.N20B,N20B,vicia_ameri,31,0.26,0.005627304907732369,0.5,0,NA,7,4,-1,Decreasing,Directional
viola_bicol.N20B,N20B,viola_bicol,31,0.48,1,0.5,0.4666666666666667,0.0030983318263331774,8,5,0,Recurrent,Non-directional
viola_nephr.N20B,N20B,viola_nephr,31,0.71,0.9999999999999999,0.0625,0,0.6035755086858975,2,1,0,Random,Undetermined
viola_pedat.N20B,N20B,viola_pedat,31,0.97,0.4938029646320821,0.125,0,1.3755538820213215e-6,1,1,0,Clumped,Non-directional
vulpia_octof.N20B,N20B,vulpia_octof,31,0.84,NA,NA,NA,NA,0,0,NA,Invariant,Undetermined
achill_mille.N4A,N4A,achill_mille,31,1,0.9999999999999999,0.0625,0,0.6035755086858975,2,1,0,Random,Undetermined
ambros_psilo.N4A,N4A,ambros_psilo,31,1,0.9999999999999997,0.3125,0.26666666666666666,0.10767605225207548,10,5,0,Random,Undetermined
amorph_canes.N4A,N4A,amorph_canes,31,1,0.9999999999999999,0.0625,0,0.6035755086858975,2,1,0,Random,Undetermined
androp_gerar.N4A,N4A,androp_gerar,31,1,0.028802456421696293,0.375,0,NA,3,2,-1,Decreasing,Directional
andros_occid.N4A,N4A,andros_occid,31,0.18999999999999995,0.9999999999999997,0.1875,0.2,0.05476579991427084,7,4,0,Random,Undetermined
antenn_negle.N4A,N4A,antenn_negle,31,1,0.24735482306428383,0.1875,0,0.7421078985573584,6,3,0,Random,Undetermined
artemi_ludov.N4A,N4A,artemi_ludov,31,1,NA,NA,NA,NA,0,0,NA,Invariant,Undetermined
asclep_steno.N4A,N4A,asclep_steno,31,0.94,NA,NA,NA,NA,0,0,NA,Invariant,Undetermined
asclep_verti.N4A,N4A,asclep_verti,31,0.97,NA,NA,NA,NA,0,0,NA,Invariant,Undetermined
asclep_virds.N4A,N4A,asclep_virds,31,1,0.4457475743700233,0.3125,0.13333333333333333,0.005137313835460302,6,3,0,Recurrent,Non-directional
astrag_crass.N4A,N4A,astrag_crass,31,0.97,0.20178086785522442,0.3125,0.06666666666666667,0.013974368446475812,6,3,0,Recurrent,Non-directional
baptis_austr.N4A,N4A,baptis_austr,31,1,NA,NA,NA,NA,0,0,NA,Invariant,Undetermined
boutel_curti.N4A,N4A,boutel_curti,31,1,0.21144981550278782,0.25,0.5333333333333333,0.001471672169274707,7,4,0,Recurrent,Non-directional
boutel_dacty.N4A,N4A,boutel_dacty,31,1,0.04204028171591283,0,0.3333333333333333,NA,4,2,1,Increasing,Directional
boutel_graci.N4A,N4A,boutel_graci,31,1,0.0074558999955622735,0,0.4666666666666667,NA,8,4,1,Increasing,Directional
boutel_hirsu.N4A,N4A,boutel_hirsu,31,0.74,0.10688976489998328,0.3125,0.6666666666666666,0.050507376866251494,11,6,0,Random,Undetermined
bricke_eupat.N4A,N4A,bricke_eupat,31,1,8.508286324362016e-4,0.625,0,NA,5,3,-1,Decreasing,Directional
buglos_arven.N4A,N4A,buglos_arven,31,0.030000000000000027,NA,NA,NA,NA,1,1,NA,Rare,Undetermined
carex_brevi.N4A,N4A,carex_brevi,31,0.9,0.24735482306428383,0.1875,0,0.0560820490128325,4,2,0,Random,Undetermined
carex_inops.N4A,N4A,carex_inops,31,0.94,0.5366545109001994,0.4375,0.26666666666666666,2.2518255690973833e-5,4,2,0,Recurrent,Non-directional
carex_meadi.N4A,N4A,carex_meadi,31,0.97,0.9999999999999999,0.0625,0,0.6035755086858975,2,1,0,Random,Undetermined
ceanot_herba.N4A,N4A,ceanot_herba,31,1,0.24735482306428383,0.1875,0,0.7421078985573584,6,3,0,Random,Undetermined
cirsiu_undul.N4A,N4A,cirsiu_undul,31,1,0.5872145938600922,0.125,0.26666666666666666,3.451392902386525e-4,4,2,0,Recurrent,Non-directional
comand_umbel.N4A,N4A,comand_umbel,31,1,NA,NA,NA,NA,0,0,NA,Invariant,Undetermined
cornus_drumm.N4A,N4A,cornus_drumm,31,1,2.6574051326725527e-5,0,0.8,NA,1,1,1,Increasing,Directional
cyperu_lupul.N4A,N4A,cyperu_lupul,31,0.9,NA,NA,NA,NA,0,0,NA,Invariant,Undetermined
dalea_candi.N4A,N4A,dalea_candi,31,1,NA,NA,NA,NA,0,0,NA,Invariant,Undetermined
dalea_purpu.N4A,N4A,dalea_purpu,31,1,0.9999999999999999,0.0625,0,0.6035755086858975,2,1,0,Random,Undetermined
descur_pinna.N4A,N4A,descur_pinna,31,0.26,1,0.25,0.26666666666666666,0.9343080979085658,15,8,0,Random,Undetermined
desmod_illin.N4A,N4A,desmod_illin,31,0.5800000000000001,0.12381749876088588,0.25,0,0.047322364103480605,5,3,0,Recurrent,Non-directional
dichan_oligo.N4A,N4A,dichan_oligo,31,1,0.17099051982691332,0.5,0.2,0.006587846048527602,8,4,0,Recurrent,Non-directional
digita_cogna.N4A,N4A,digita_cogna,31,0.71,0.4938029646320821,0.125,0,1.3755538820213215e-6,1,1,0,Clumped,Non-directional
draba_cunei.N4A,N4A,draba_cunei,31,0.06000000000000005,NA,NA,NA,NA,3,2,NA,Rare,Undetermined
echina_angus.N4A,N4A,echina_angus,31,1,0.9999999999999999,0.0625,0,0.6035755086858975,2,1,0,Random,Undetermined
elymus_canad.N4A,N4A,elymus_canad,31,1,NA,NA,NA,NA,0,0,NA,Invariant,Undetermined
eragro_spect.N4A,N4A,eragro_spect,31,0.94,0.24735482306428383,0.1875,0,0.003387153153070865,3,2,0,Recurrent,Non-directional
eriger_strig.N4A,N4A,eriger_strig,31,1,0.4938029646320821,0.125,0,0.6704940806325976,4,2,0,Random,Undetermined
euphor_margi.N4A,N4A,euphor_margi,31,0.74,NA,NA,NA,NA,0,0,NA,Invariant,Undetermined
euphor_prost.N4A,N4A,euphor_prost,31,0.09999999999999998,NA,NA,NA,NA,3,2,NA,Rare,Undetermined
euphor_serpe.N4A,N4A,euphor_serpe,31,0.52,NA,NA,NA,NA,0,0,NA,Invariant,Undetermined
euphor_spath.N4A,N4A,euphor_spath,31,0.94,NA,NA,NA,NA,0,0,NA,Invariant,Undetermined
hedeom_hispi.N4A,N4A,hedeom_hispi,31,0.94,NA,NA,NA,NA,0,0,NA,Invariant,Undetermined
hierac_longi.N4A,N4A,hierac_longi,31,0.87,0.4938029646320821,0.125,0,0.001447721282176437,2,1,0,Clumped,Non-directional
koeler_macra.N4A,N4A,koeler_macra,31,1,NA,NA,NA,NA,0,0,NA,Invariant,Undetermined
lepidi_densi.N4A,N4A,lepidi_densi,31,0.97,0.9999999999999999,0.0625,0,0.6035755086858975,2,1,0,Random,Undetermined
lesped_capit.N4A,N4A,lesped_capit,31,1,0.01307691769989149,0.4375,0,NA,5,3,-1,Decreasing,Directional
linum_sulca.N4A,N4A,linum_sulca,31,1,NA,NA,NA,NA,0,0,NA,Invariant,Undetermined
lomati_foeni.N4A,N4A,lomati_foeni,31,1,0.0607219234556129,0.3125,0,0.39382529300283187,8,4,0,Random,Undetermined
mimosa_quadr.N4A,N4A,mimosa_quadr,31,1,NA,NA,NA,NA,0,0,NA,Invariant,Undetermined
monard_fistu.N4A,N4A,monard_fistu,31,0.84,1,0.25,0.26666666666666666,0.08314230445910545,9,5,0,Random,Undetermined
muhlen_cuspi.N4A,N4A,muhlen_cuspi,31,1,0.4938029646320821,0.125,0,1.3755538820213215e-6,1,1,0,Clumped,Non-directional
oenoth_macro.N4A,N4A,oenoth_macro,31,0.94,0.028802456421696293,0.375,0,NA,4,2,-1,Decreasing,Directional
oxalis_stric.N4A,N4A,oxalis_stric,31,0.77,NA,NA,NA,NA,0,0,NA,Invariant,Undetermined
oxalis_viola.N4A,N4A,oxalis_viola,31,0.97,NA,NA,NA,NA,0,0,NA,Invariant,Undetermined
packer_platt.N4A,N4A,packer_platt,31,1,NA,NA,NA,NA,0,0,NA,Invariant,Undetermined
panicu_capil.N4A,N4A,panicu_capil,31,0.22999999999999998,0.33875884132344075,0.125,0.3333333333333333,0.02087276352945389,7,4,0,Recurrent,Non-directional
panicu_virga.N4A,N4A,panicu_virga,31,1,0.9999999999999997,0.3125,0.26666666666666666,0.10767605225207548,10,5,0,Random,Undetermined
pediom_escul.N4A,N4A,pediom_escul,31,1,0.12381749876088588,0.25,0,0.005854677406542337,4,2,0,Recurrent,Non-directional
physal_pumil.N4A,N4A,physal_pumil,31,1,0.4938029646320821,0.125,0,0.001447721282176437,2,1,0,Clumped,Non-directional
physal_virgi.N4A,N4A,physal_virgi,31,0.29000000000000004,0.012764441573415098,0.0625,0.5333333333333333,NA,2,2,1,Increasing,Directional
planta_patag.N4A,N4A,planta_patag,31,0.74,0.0048793920520536944,0.0625,0.6,NA,6,3,1,Increasing,Directional
poa_prate.N4A,N4A,poa_prate,31,1,0.9999999999999997,0.1875,0.2,0.1580272246149236,8,4,0,Random,Undetermined
ratibi_colum.N4A,N4A,ratibi_colum,31,1,0.9999999999999999,0.0625,0,0.6035755086858975,2,1,0,Random,Undetermined
rhus_glabr.N4A,N4A,rhus_glabr,31,0.77,0.3717703175791154,0.375,0.6,0.008859362878385164,9,5,0,Recurrent,Non-directional
rosa_arkan.N4A,N4A,rosa_arkan,31,1,NA,NA,NA,NA,0,0,NA,Invariant,Undetermined
ruelli_humil.N4A,N4A,ruelli_humil,31,1,NA,NA,NA,NA,0,0,NA,Invariant,Undetermined
salvia_azure.N4A,N4A,salvia_azure,31,1,1.3956196986508406e-4,0.8125,0.06666666666666667,NA,5,3,-1,Decreasing,Directional
schiza_scopa.N4A,N4A,schiza_scopa,31,1,0.028802456421696293,0.375,0,NA,6,3,-1,Decreasing,Directional
silene_antir.N4A,N4A,silene_antir,31,0.74,NA,NA,NA,NA,0,0,NA,Invariant,Undetermined
sisyri_campe.N4A,N4A,sisyri_campe,31,0.97,NA,NA,NA,NA,0,0,NA,Invariant,Undetermined
solida_altis.N4A,N4A,solida_altis,31,1,0.7137617291360441,0.25,0.13333333333333333,0.013974368446475812,6,3,0,Recurrent,Non-directional
solida_misso.N4A,N4A,solida_misso,31,1,NA,NA,NA,NA,0,0,NA,Invariant,Undetermined
solida_rigid.N4A,N4A,solida_rigid,31,1,NA,NA,NA,NA,0,0,NA,Invariant,Undetermined
sorgha_nutan.N4A,N4A,sorgha_nutan,31,1,0.9999999999999999,0.0625,0,0.6035755086858975,2,1,0,Random,Undetermined
spermo_inerm.N4A,N4A,spermo_inerm,31,0.84,NA,NA,NA,NA,0,0,NA,Invariant,Undetermined
sporob_compo.N4A,N4A,sporob_compo,31,1,4.849363404255556e-4,0.75,0.06666666666666667,NA,3,2,-1,Decreasing,Directional
sporob_heter.N4A,N4A,sporob_heter,31,0.74,0.01307691769989149,0.4375,0,NA,3,2,-1,Decreasing,Directional
sympho_orbic.N4A,N4A,sympho_orbic,31,1,NA,NA,NA,NA,0,0,NA,Invariant,Undetermined
symphy_erico.N4A,N4A,symphy_erico,31,1,0.0607219234556129,0.3125,0,0.04834969544775515,6,3,0,Recurrent,Non-directional
symphy_oblon.N4A,N4A,symphy_oblon,31,1,0.9999999999999999,0.0625,0,0.6035755086858975,2,1,0,Random,Undetermined
symphy_seric.N4A,N4A,symphy_seric,31,1,0.12381749876088588,0.25,0,0.005854677406542337,4,2,0,Recurrent,Non-directional
trioda_perfo.N4A,N4A,trioda_perfo,31,0.74,NA,NA,NA,NA,0,0,NA,Invariant,Undetermined
verben_stric.N4A,N4A,verben_stric,31,1,NA,NA,NA,NA,0,0,NA,Invariant,Undetermined
vernon_baldw.N4A,N4A,vernon_baldw,31,1,NA,NA,NA,NA,0,0,NA,Invariant,Undetermined
viola_bicol.N4A,N4A,viola_bicol,31,0.48,1,0.5,0.4666666666666667,0.022444185600620135,10,6,0,Recurrent,Non-directional
viola_pedat.N4A,N4A,viola_pedat,31,1,NA,NA,NA,NA,0,0,NA,Invariant,Undetermined
acalyp_virgi.N4D,N4D,acalyp_virgi,31,0.6799999999999999,NA,NA,NA,NA,0,0,NA,Invariant,Undetermined
achill_mille.N4D,N4D,achill_mille,31,1,0.4938029646320821,0.125,0,0.6704940806325976,4,2,0,Random,Undetermined
agalin_asper.N4D,N4D,agalin_asper,31,0.61,0.12381749876088588,0.25,0,0.047322364103480605,5,3,0,Recurrent,Non-directional
allium_stell.N4D,N4D,allium_stell,31,0.22999999999999998,0.06934084351022943,0.0625,0.4,0.06607865080611015,8,5,0,Random,Undetermined
ambros_psilo.N4D,N4D,ambros_psilo,31,1,0.9999999999999997,0.3125,0.3333333333333333,0.028025026034106518,9,5,0,Recurrent,Non-directional
amorph_canes.N4D,N4D,amorph_canes,31,1,NA,NA,NA,NA,0,0,NA,Invariant,Undetermined
androp_gerar.N4D,N4D,androp_gerar,31,1,NA,NA,NA,NA,0,0,NA,Invariant,Undetermined
andros_occid.N4D,N4D,andros_occid,31,0.13,0.5450438219949827,0.0625,0.2,0.005854677406542337,4,3,0,Recurrent,Non-directional
artemi_ludov.N4D,N4D,artemi_ludov,31,1,0.36899585542689983,0.25,0.06666666666666667,0.04834969544775515,6,3,0,Recurrent,Non-directional
asclep_steno.N4D,N4D,asclep_steno,31,0.6799999999999999,0.4938029646320821,0.125,0,0.001447721282176437,2,1,0,Clumped,Non-directional
asclep_syria.N4D,N4D,asclep_syria,31,0.35,0.03399119546863185,0.5625,0.13333333333333333,NA,11,6,-1,Decreasing,Directional
asclep_verti.N4D,N4D,asclep_verti,31,1,0.4938029646320821,0.125,0,0.001447721282176437,2,1,0,Clumped,Non-directional
asclep_virdf.N4D,N4D,asclep_virdf,31,1,NA,NA,NA,NA,0,0,NA,Invariant,Undetermined
asclep_virds.N4D,N4D,asclep_virds,31,1,0.10478287613147351,0.375,0.06666666666666667,0.06607865080611015,8,4,0,Random,Undetermined
astrag_crass.N4D,N4D,astrag_crass,31,1,0.2601470231694908,0.375,0.13333333333333333,0.009423484253754045,7,4,0,Recurrent,Non-directional
baptis_austr.N4D,N4D,baptis_austr,31,1,0.0887889536306751,0.5625,0.2,0.25481427188414496,13,7,0,Random,Undetermined
baptis_bract.N4D,N4D,baptis_bract,31,1,1,0.25,0.26666666666666666,4.617575277696348e-4,5,3,0,Recurrent,Non-directional
boutel_curti.N4D,N4D,boutel_curti,31,1,0.9999999999999999,0.0625,0,7.007977131478214e-5,1,1,0,Clumped,Non-directional
boutel_dacty.N4D,N4D,boutel_dacty,31,1,0.04687353118595259,0.1875,0.6,NA,6,3,1,Increasing,Directional
boutel_graci.N4D,N4D,boutel_graci,31,1,0.14634529452104464,0.0625,0.3333333333333333,2.2288160900003404e-6,2,2,0,Recurrent,Non-directional
boutel_hirsu.N4D,N4D,boutel_hirsu,31,1,0.10688976489998328,0.3125,0.6666666666666666,9.580607150506351e-4,7,4,0,Recurrent,Non-directional
bricke_eupat.N4D,N4D,bricke_eupat,31,1,0.028802456421696293,0.375,0,NA,3,2,-1,Decreasing,Directional
callir_invol.N4D,N4D,callir_invol,31,1,0.0068781768234081634,0.75,0.2,NA,6,3,-1,Decreasing,Directional
carex_brevi.N4D,N4D,carex_brevi,31,0.9,0.0421253835255355,0.625,0.2,NA,4,2,-1,Decreasing,Directional
carex_gravi.N4D,N4D,carex_gravi,31,0.9,NA,NA,NA,NA,0,0,NA,Invariant,Undetermined
carex_inops.N4D,N4D,carex_inops,31,0.84,0.0607219234556129,0.3125,0,4.4051415956993966e-6,2,1,0,Clumped,Non-directional
carex_meadi.N4D,N4D,carex_meadi,31,0.9,NA,NA,NA,NA,0,0,NA,Invariant,Undetermined
ceanot_herba.N4D,N4D,ceanot_herba,31,1,0.028802456421696293,0.375,0,NA,4,2,-1,Decreasing,Directional
cirsiu_altis.N4D,N4D,cirsiu_altis,31,0.97,NA,NA,NA,NA,0,0,NA,Invariant,Undetermined
cirsiu_undul.N4D,N4D,cirsiu_undul,31,1,0.5450438219949827,0.0625,0.2,0.005854677406542337,4,2,0,Recurrent,Non-directional
comand_umbel.N4D,N4D,comand_umbel,31,1,0.4938029646320821,0.125,0,0.10227869721951265,3,2,0,Random,Undetermined
convol_arven.N4D,N4D,convol_arven,31,0.030000000000000027,NA,NA,NA,NA,1,1,NA,Rare,Undetermined
conyza_canad.N4D,N4D,conyza_canad,31,0.97,0.9999999999999999,0.0625,0,0.6035755086858975,2,1,0,Random,Undetermined
cornus_drumm.N4D,N4D,cornus_drumm,31,1,0.5366545109001994,0.4375,0.26666666666666666,2.2518255690973833e-5,4,2,0,Recurrent,Non-directional
croton_monan.N4D,N4D,croton_monan,31,0.87,0.9999999999999999,0.0625,0,0.6035755086858975,2,1,0,Random,Undetermined
dalea_candi.N4D,N4D,dalea_candi,31,1,0.4938029646320821,0.125,0,0.001447721282176437,2,1,0,Clumped,Non-directional
dalea_multi.N4D,N4D,dalea_multi,31,0.94,0.12381749876088588,0.25,0,3.755965225892386e-4,3,2,0,Recurrent,Non-directional
dalea_purpu.N4D,N4D,dalea_purpu,31,1,0.4938029646320821,0.125,0,0.001447721282176437,2,1,0,Clumped,Non-directional
delphi_carol.N4D,N4D,delphi_carol,31,0.81,0.4938029646320821,0.125,0,0.001447721282176437,2,1,0,Clumped,Non-directional
descur_pinna.N4D,N4D,descur_pinna,31,0.35,0.3764715139211589,0.25,0.4666666666666667,0.46912551414965753,14,8,0,Random,Undetermined
desmod_illin.N4D,N4D,desmod_illin,31,0.9,0.4938029646320821,0.125,0,0.001447721282176437,2,1,0,Clumped,Non-directional
dichan_oligo.N4D,N4D,dichan_oligo,31,1,0.2601470231694908,0.375,0.13333333333333333,0.002322345759658203,6,3,0,Recurrent,Non-directional
digita_cogna.N4D,N4D,digita_cogna,31,0.61,0.4938029646320821,0.125,0,1.3755538820213215e-6,1,1,0,Clumped,Non-directional
draba_cunei.N4D,N4D,draba_cunei,31,0.13,0.5450438219949827,0.0625,0.2,3.755965225892386e-4,3,2,0,Recurrent,Non-directional
echina_angus.N4D,N4D,echina_angus,31,1,0.4938029646320821,0.125,0,0.10227869721951265,3,2,0,Random,Undetermined
elymus_canad.N4D,N4D,elymus_canad,31,1,0.24735482306428383,0.1875,0,6.487325970637214e-5,2,1,0,Clumped,Non-directional
eragro_spect.N4D,N4D,eragro_spect,31,0.94,0.4938029646320821,0.125,0,1.3755538820213215e-6,1,1,0,Clumped,Non-directional
eriger_strig.N4D,N4D,eriger_strig,31,1,NA,NA,NA,NA,0,0,NA,Invariant,Undetermined
euphor_denta.N4D,N4D,euphor_denta,31,0.74,NA,NA,NA,NA,0,0,NA,Invariant,Undetermined
euphor_margi.N4D,N4D,euphor_margi,31,0.97,NA,NA,NA,NA,0,0,NA,Invariant,Undetermined
euphor_spath.N4D,N4D,euphor_spath,31,0.9,NA,NA,NA,NA,0,0,NA,Invariant,Undetermined
galium_apari.N4D,N4D,galium_apari,31,0.39,0.21144981550278782,0.25,0.5333333333333333,0.013825547448709034,9,5,0,Recurrent,Non-directional
gerani_carol.N4D,N4D,gerani_carol,31,0.16000000000000003,0.9999999999999999,0.1875,0.13333333333333333,0.009213517951520575,5,3,0,Recurrent,Non-directional
hedeom_hispi.N4D,N4D,hedeom_hispi,31,0.94,NA,NA,NA,NA,0,0,NA,Invariant,Undetermined
hybant_verti.N4D,N4D,hybant_verti,31,0.87,0.4457475743700233,0.3125,0.13333333333333333,0.02087276352945389,7,4,0,Recurrent,Non-directional
hymeno_scabi.N4D,N4D,hymeno_scabi,31,0.97,0.937189201292317,0.125,0.2,0.39382529300283187,8,4,0,Random,Undetermined
koeler_macra.N4D,N4D,koeler_macra,31,1,0.1075338678513425,0.25,0.6,1.54759813706146e-5,4,3,0,Recurrent,Non-directional
lactuc_serri.N4D,N4D,lactuc_serri,31,0.44999999999999996,1.3956196986508406e-4,0.8125,0.06666666666666667,NA,7,4,-1,Decreasing,Directional
lepidi_densi.N4D,N4D,lepidi_densi,31,1,NA,NA,NA,NA,0,0,NA,Invariant,Undetermined
lesped_capit.N4D,N4D,lesped_capit,31,1,0.0607219234556129,0.3125,0,0.009213517951520575,5,3,0,Recurrent,Non-directional
lesped_viola.N4D,N4D,lesped_viola,31,0.97,0.9738274065893568,0,0.06666666666666667,0.6035755086858975,2,1,0,Random,Undetermined
liatri_punct.N4D,N4D,liatri_punct,31,0.48,0.5856318386342959,0.5625,0.4,0.10129471700682195,12,7,0,Random,Undetermined
linum_sulca.N4D,N4D,linum_sulca,31,1,NA,NA,NA,NA,0,0,NA,Invariant,Undetermined
lithos_incis.N4D,N4D,lithos_incis,31,0.9,NA,NA,NA,NA,0,0,NA,Invariant,Undetermined
lithos_occid.N4D,N4D,lithos_occid,31,0.18999999999999995,0.028802456421696293,0.375,0,NA,1,1,-1,Decreasing,Directional
lomati_foeni.N4D,N4D,lomati_foeni,31,1,0.640592006524916,0.1875,0.06666666666666667,3.755965225892386e-4,3,2,0,Recurrent,Non-directional
mimosa_quadr.N4D,N4D,mimosa_quadr,31,1,NA,NA,NA,NA,0,0,NA,Invariant,Undetermined
muhlen_cuspi.N4D,N4D,muhlen_cuspi,31,0.87,0.014700550967152358,0.625,0.13333333333333333,NA,7,4,-1,Decreasing,Directional
muhlen_racem.N4D,N4D,muhlen_racem,31,0.52,0.0607219234556129,0.3125,0,4.4051415956993966e-6,2,1,0,Clumped,Non-directional
oenoth_macro.N4D,N4D,oenoth_macro,31,0.94,0.640592006524916,0.1875,0.06666666666666667,0.047322364103480605,5,3,0,Recurrent,Non-directional
oenoth_speci.N4D,N4D,oenoth_speci,31,0.94,0.7605990847392358,0.3125,0.2,0.1835045895181674,10,5,0,Random,Undetermined
ophiog_vulga.N4D,N4D,ophiog_vulga,31,0.65,0.937189201292317,0.125,0.2,0.39382529300283187,8,4,0,Random,Undetermined
oxalis_stric.N4D,N4D,oxalis_stric,31,0.81,NA,NA,NA,NA,0,0,NA,Invariant,Undetermined
oxalis_viola.N4D,N4D,oxalis_viola,31,0.97,0.4938029646320821,0.125,0,0.001447721282176437,2,1,0,Clumped,Non-directional
packer_platt.N4D,N4D,packer_platt,31,1,NA,NA,NA,NA,0,0,NA,Invariant,Undetermined
panicu_virga.N4D,N4D,panicu_virga,31,1,8.508286324362016e-4,0.625,0,NA,3,2,-1,Decreasing,Directional
pediom_escul.N4D,N4D,pediom_escul,31,1,0.9999999999999999,0.0625,0,7.007977131478214e-5,1,1,0,Clumped,Non-directional
pediom_tenui.N4D,N4D,pediom_tenui,31,1,0.9999999999999999,0.0625,0,7.007977131478214e-5,1,1,0,Clumped,Non-directional
physal_pumil.N4D,N4D,physal_pumil,31,1,0.005627304907732369,0.5,0,NA,5,3,-1,Decreasing,Directional
poa_prate.N4D,N4D,poa_prate,31,1,0.05148761028667245,0.4375,0.06666666666666667,9.465071008334956e-6,3,2,0,Recurrent,Non-directional
ratibi_colum.N4D,N4D,ratibi_colum,31,0.97,0.4938029646320821,0.125,0,0.001447721282176437,2,1,0,Clumped,Non-directional
rhus_aroma.N4D,N4D,rhus_aroma,31,1,0.007129770985317564,0.1875,0.7333333333333333,NA,5,3,1,Increasing,Directional
rhus_glabr.N4D,N4D,rhus_glabr,31,1,6.427402391033742e-4,0.125,0.8,NA,9,5,1,Increasing,Directional
rosa_arkan.N4D,N4D,rosa_arkan,31,1,0.12381749876088588,0.25,0,1.2238218346433187e-5,2,1,0,Clumped,Non-directional
ruelli_humil.N4D,N4D,ruelli_humil,31,1,0.4938029646320821,0.125,0,0.001447721282176437,2,1,0,Clumped,Non-directional
salvia_azure.N4D,N4D,salvia_azure,31,1,0.2061056896922602,0.625,0.3333333333333333,0.008859362878385164,9,5,0,Recurrent,Non-directional
schiza_scopa.N4D,N4D,schiza_scopa,31,1,0.24735482306428383,0.1875,0,3.7850061085042235e-7,1,1,0,Clumped,Non-directional
silene_antir.N4D,N4D,silene_antir,31,0.84,NA,NA,NA,NA,0,0,NA,Invariant,Undetermined
sisyri_campe.N4D,N4D,sisyri_campe,31,0.87,0.9999999999999999,0.0625,0,0.6035755086858975,2,1,0,Random,Undetermined
solida_altis.N4D,N4D,solida_altis,31,1,0.6053967742246604,0.1875,0.3333333333333333,9.465071008334956e-6,3,2,0,Recurrent,Non-directional
solida_misso.N4D,N4D,solida_misso,31,1,NA,NA,NA,NA,0,0,NA,Invariant,Undetermined
sorgha_nutan.N4D,N4D,sorgha_nutan,31,1,0.028802456421696293,0.375,0,NA,1,1,-1,Decreasing,Directional
spermo_inerm.N4D,N4D,spermo_inerm,31,0.84,NA,NA,NA,NA,0,0,NA,Invariant,Undetermined
sporob_compo.N4D,N4D,sporob_compo,31,1,0.01307691769989149,0.4375,0,NA,1,1,-1,Decreasing,Directional
sporob_heter.N4D,N4D,sporob_heter,31,0.87,0.01805085266521226,0.6875,0.2,NA,10,6,-1,Decreasing,Directional
stroph_leios.N4D,N4D,stroph_leios,31,0.42000000000000004,4.849363404255556e-4,0.75,0.06666666666666667,NA,7,4,-1,Decreasing,Directional
sympho_orbic.N4D,N4D,sympho_orbic,31,1,0.24735482306428383,0.1875,0,6.487325970637214e-5,2,1,0,Clumped,Non-directional
symphy_erico.N4D,N4D,symphy_erico,31,1,0.12381749876088588,0.25,0,0.2055398893616577,6,3,0,Random,Undetermined
symphy_oblon.N4D,N4D,symphy_oblon,31,1,0.12381749876088588,0.25,0,0.005854677406542337,4,2,0,Recurrent,Non-directional
symphy_seric.N4D,N4D,symphy_seric,31,0.97,0.12381749876088588,0.25,0,1.9998841638841e-7,1,1,0,Clumped,Non-directional
teucri_canad.N4D,N4D,teucri_canad,31,1,2.472741684565855e-5,0.8125,0,NA,5,3,-1,Decreasing,Directional
tragia_beton.N4D,N4D,tragia_beton,31,1,0.0607219234556129,0.3125,0,8.89012572017322e-5,3,2,0,Recurrent,Non-directional
tragop_dubiu.N4D,N4D,tragop_dubiu,31,0.55,NA,NA,NA,NA,0,0,NA,Invariant,Undetermined
tricho_brach.N4D,N4D,tricho_brach,31,0.030000000000000027,NA,NA,NA,NA,1,1,NA,Rare,Undetermined
triden_flavu.N4D,N4D,triden_flavu,31,1,0.01307691769989149,0.4375,0,NA,5,3,-1,Decreasing,Directional
trioda_lepto.N4D,N4D,trioda_lepto,31,0.6799999999999999,NA,NA,NA,NA,0,0,NA,Invariant,Undetermined
trioda_perfo.N4D,N4D,trioda_perfo,31,0.6799999999999999,NA,NA,NA,NA,0,0,NA,Invariant,Undetermined
ulmus_ameri.N4D,N4D,ulmus_ameri,31,1,0.9999999999999997,0.1875,0.2,0.013974368446475812,6,3,0,Recurrent,Non-directional
ulmus_rubra.N4D,N4D,ulmus_rubra,31,0.29000000000000004,0.012764441573415098,0.0625,0.5333333333333333,NA,2,2,1,Increasing,Directional
verben_stric.N4D,N4D,verben_stric,31,1,NA,NA,NA,NA,0,0,NA,Invariant,Undetermined
vernon_baldw.N4D,N4D,vernon_baldw,31,1,0.4938029646320821,0.125,0,0.10227869721951265,3,2,0,Random,Undetermined
veroni_pereg.N4D,N4D,veroni_pereg,31,0.030000000000000027,NA,NA,NA,NA,1,1,NA,Rare,Undetermined
vicia_ameri.N4D,N4D,vicia_ameri,31,0.18999999999999995,0.20178086785522442,0.3125,0.06666666666666667,0.05476579991427084,7,4,0,Random,Undetermined
viola_bicol.N4D,N4D,viola_bicol,31,0.44999999999999996,0.9999999999999997,0.4375,0.4666666666666667,0.0033299480393728822,8,5,0,Recurrent,Non-directional
viola_nephr.N4D,N4D,viola_nephr,31,0.74,0.24735482306428383,0.1875,0,0.0560820490128325,4,2,0,Random,Undetermined
viola_pedat.N4D,N4D,viola_pedat,31,1,0.4938029646320821,0.125,0,0.10227869721951265,3,2,0,Random,Undetermined
vulpia_octof.N4D,N4D,vulpia_octof,31,0.84,NA,NA,NA,NA,0,0,NA,Invariant,Undetermined
cirsiu_altis.1D,1D,cirsiu_altis,31,0.87,NA,NA,NA,NA,0,0,NA,Invariant,Undetermined
euphor_margi.1D,1D,euphor_margi,31,0.29000000000000004,0.02379624189979081,0.5,0.06666666666666667,NA,12,6,-1,Decreasing,Directional
helian_pauci.1D,1D,helian_pauci,31,0.06000000000000005,NA,NA,NA,NA,2,1,NA,Rare,Undetermined
linum_sulca.1D,1D,linum_sulca,31,0.16000000000000003,0.0607219234556129,0.3125,0,0.8691420224364163,10,5,0,Random,Undetermined
spiran_verna.1D,1D,spiran_verna,31,0.09999999999999998,NA,NA,NA,NA,4,2,NA,Rare,Undetermined
tragop_dubiu.1D,1D,tragop_dubiu,31,0.13,1,0.125,0.13333333333333333,0.8097008933768095,8,4,0,Random,Undetermined
ambros_artem.20B,20B,ambros_artem,31,0.52,0.24735482306428383,0.1875,0,6.487325970637214e-5,2,1,0,Clumped,Non-directional
asclep_tuber.20B,20B,asclep_tuber,31,0.06000000000000005,NA,NA,NA,NA,4,2,NA,Rare,Undetermined
astrag_crass.20B,20B,astrag_crass,31,0.13,0.12381749876088588,0.25,0,0.005854677406542337,4,2,0,Recurrent,Non-directional
eupato_altis.20B,20B,eupato_altis,31,0.97,1,0.5,0.4666666666666667,0.022444185600620135,10,5,0,Recurrent,Non-directional
euphor_cyath.20B,20B,euphor_cyath,31,0.06000000000000005,NA,NA,NA,NA,2,1,NA,Rare,Undetermined
euphor_serpe.20B,20B,euphor_serpe,31,0.16000000000000003,0.0607219234556129,0.3125,0,0.04834969544775515,6,3,0,Recurrent,Non-directional
oenoth_speci.20B,20B,oenoth_speci,31,0.55,0.36899585542689983,0.25,0.06666666666666667,0.001133670762583116,4,2,0,Recurrent,Non-directional
pediom_argop.20B,20B,pediom_argop,31,0.29000000000000004,0.02379624189979081,0.5,0.06666666666666667,NA,10,5,-1,Decreasing,Directional
physal_virgi.20B,20B,physal_virgi,31,0.44999999999999996,0.6001627353234458,0.375,0.5333333333333333,6.668107949821501e-5,5,3,0,Recurrent,Non-directional
teucri_canad.20B,20B,teucri_canad,31,0.97,0.19225130462178386,0.5625,0.26666666666666666,0.02783482359317869,10,5,0,Recurrent,Non-directional
toxico_radic.20B,20B,toxico_radic,31,0.94,0.20151722122503768,0.1875,0.4666666666666667,3.0230782452186255e-5,4,2,0,Recurrent,Non-directional
verben_stric.20B,20B,verben_stric,31,0.29000000000000004,0.0022718372541295786,0.5625,0,NA,6,3,-1,Decreasing,Directional
viola_pedat.20B,20B,viola_pedat,31,0.48,1,0.5,0.4666666666666667,0.050507376866251494,11,6,0,Random,Undetermined
ambros_artem.4A,4A,ambros_artem,31,0.77,0.6111614453463713,0.25,0.4,0.1421962667157867,11,6,0,Random,Undetermined
cirsiu_altis.4A,4A,cirsiu_altis,31,0.94,0.9999999999999999,0.0625,0,0.6035755086858975,2,1,0,Random,Undetermined
commel_erect.4A,4A,commel_erect,31,0.030000000000000027,NA,NA,NA,NA,2,1,NA,Rare,Undetermined
conyza_canad.4A,4A,conyza_canad,31,0.42000000000000004,0.37829294350114534,0.3125,0.5333333333333333,0.6327408073507788,16,8,0,Random,Undetermined
glandu_bipin.4A,4A,glandu_bipin,31,0.13,0.12381749876088588,0.25,0,0.2055398893616577,6,3,0,Random,Undetermined
gledit_triac.4A,4A,gledit_triac,31,0.55,NA,NA,NA,NA,0,0,NA,Invariant,Undetermined
hedeom_hispi.4A,4A,hedeom_hispi,31,0.48,0.2061056896922602,0.625,0.3333333333333333,0.10129471700682195,12,6,0,Random,Undetermined
hymeno_scabi.4A,4A,hymeno_scabi,31,0.13,0.12381749876088588,0.25,0,0.2055398893616577,6,3,0,Random,Undetermined
lactuc_serri.4A,4A,lactuc_serri,31,0.09999999999999998,NA,NA,NA,NA,4,2,NA,Rare,Undetermined
lepidi_densi.4A,4A,lepidi_densi,31,0.55,NA,NA,NA,NA,0,0,NA,Invariant,Undetermined
monard_fistu.4A,4A,monard_fistu,31,0.71,0.0607219234556129,0.3125,0,0.001133670762583116,4,2,0,Recurrent,Non-directional
oenoth_curti.4A,4A,oenoth_curti,31,0.16000000000000003,0.36899585542689983,0.25,0.06666666666666667,0.04834969544775515,6,3,0,Recurrent,Non-directional
oenoth_speci.4A,4A,oenoth_speci,31,0.61,0.20178086785522442,0.3125,0.06666666666666667,0.5764451241889132,10,5,0,Random,Undetermined
pediom_argop.4A,4A,pediom_argop,31,0.55,0.01307691769989149,0.4375,0,NA,6,3,-1,Decreasing,Directional
planta_rhodo.4A,4A,planta_rhodo,31,0.35,0.004087560306914374,0.625,0.06666666666666667,NA,10,5,-1,Decreasing,Directional
polygo_tenue.4A,4A,polygo_tenue,31,0.030000000000000027,NA,NA,NA,NA,2,1,NA,Rare,Undetermined
prunus_virgi.4A,4A,prunus_virgi,31,0.030000000000000027,NA,NA,NA,NA,2,1,NA,Rare,Undetermined
spermo_inerm.4A,4A,spermo_inerm,31,0.48,1,0.5,0.4666666666666667,0.9507074539100191,20,10,0,Random,Undetermined
spheno_obtus.4A,4A,spheno_obtus,31,0.6799999999999999,0.0607219234556129,0.3125,0,0.04834969544775515,6,3,0,Recurrent,Non-directional
stroph_leios.4A,4A,stroph_leios,31,0.16000000000000003,0.36899585542689983,0.25,0.06666666666666667,0.39382529300283187,8,4,0,Random,Undetermined
tragop_dubiu.4A,4A,tragop_dubiu,31,0.09999999999999998,NA,NA,NA,NA,4,2,NA,Rare,Undetermined
triden_flavu.4A,4A,triden_flavu,31,0.42000000000000004,0.37829294350114534,0.3125,0.5333333333333333,0.02783482359317869,10,5,0,Recurrent,Non-directional
trioda_lepto.4A,4A,trioda_lepto,31,0.16000000000000003,0.36899585542689983,0.25,0.06666666666666667,0.39382529300283187,8,4,0,Random,Undetermined
trioda_perfo.4A,4A,trioda_perfo,31,0.35,0.5366545109001994,0.4375,0.26666666666666666,0.7651714952570862,16,8,0,Random,Undetermined
vulpia_octof.4A,4A,vulpia_octof,31,0.5800000000000001,NA,NA,NA,NA,0,0,NA,Invariant,Undetermined
argemo_polya.4B,4B,argemo_polya,31,0.030000000000000027,NA,NA,NA,NA,2,1,NA,Rare,Undetermined
boutel_graci.4B,4B,boutel_graci,31,0.5800000000000001,0.0022718372541295786,0.5625,0,NA,4,2,-1,Decreasing,Directional
callir_alcae.4B,4B,callir_alcae,31,0.55,0.9999999999999999,0.0625,0,0.6035755086858975,2,1,0,Random,Undetermined
croton_monan.4B,4B,croton_monan,31,0.29000000000000004,0.0022718372541295786,0.5625,0,NA,2,1,-1,Decreasing,Directional
dalea_multi.4B,4B,dalea_multi,31,0.29000000000000004,0.0022718372541295786,0.5625,0,NA,6,3,-1,Decreasing,Directional
dichan_ovale.4B,4B,dichan_ovale,31,0.31999999999999995,0.794548815675884,0.375,0.26666666666666666,0.06803654079943228,10,5,0,Random,Undetermined
digita_cogna.4B,4B,digita_cogna,31,0.26,0.7605990847392358,0.3125,0.2,0.1835045895181674,10,5,0,Random,Undetermined
euphor_margi.4B,4B,euphor_margi,31,0.77,NA,NA,NA,NA,0,0,NA,Invariant,Undetermined
glandu_bipin.4B,4B,glandu_bipin,31,0.16000000000000003,0.0607219234556129,0.3125,0,0.04834969544775515,6,3,0,Recurrent,Non-directional
hedeom_hispi.4B,4B,hedeom_hispi,31,0.22999999999999998,0.01307691769989149,0.4375,0,NA,8,4,-1,Decreasing,Directional
helian_annuu.4B,4B,helian_annuu,31,0.26,1,0.25,0.26666666666666666,0.8476757760658241,14,7,0,Random,Undetermined
hybant_verti.4B,4B,hybant_verti,31,0.31999999999999995,8.508286324362016e-4,0.625,0,NA,4,2,-1,Decreasing,Directional
hymeno_scabi.4B,4B,hymeno_scabi,31,0.31999999999999995,0.010261748444302629,0.5625,0.06666666666666667,NA,8,4,-1,Decreasing,Directional
oenoth_curti.4B,4B,oenoth_curti,31,0.18999999999999995,0.7137617291360441,0.25,0.13333333333333333,0.5764451241889132,10,5,0,Random,Undetermined
oenoth_glauc.4B,4B,oenoth_glauc,31,0.61,1,0.125,0.13333333333333333,0.8097008933768095,8,4,0,Random,Undetermined
oenoth_speci.4B,4B,oenoth_speci,31,0.31999999999999995,0.07216789010665725,0.5,0.13333333333333333,0.2577063552139144,12,6,0,Random,Undetermined
setari_pumil.4B,4B,setari_pumil,31,0.18999999999999995,0.028802456421696293,0.375,0,NA,6,3,-1,Decreasing,Directional
spheno_obtus.4B,4B,spheno_obtus,31,0.44999999999999996,0.3574664672997162,0.5625,0.3333333333333333,0.10791625276542875,12,6,0,Random,Undetermined
symphy_lance.4B,4B,symphy_lance,31,0.13,0.640592006524916,0.1875,0.06666666666666667,0.8097008933768095,8,4,0,Random,Undetermined
teucri_canad.4B,4B,teucri_canad,31,0.81,0.9999999999999997,0.3125,0.3333333333333333,0.5752316355407165,14,7,0,Random,Undetermined
triden_flavu.4B,4B,triden_flavu,31,0.06000000000000005,NA,NA,NA,NA,2,1,NA,Rare,Undetermined
trioda_lepto.4B,4B,trioda_lepto,31,0.22999999999999998,0.9999999999999998,0.25,0.2,0.7310353554048772,12,6,0,Random,Undetermined
ambros_artem.N1B,N1B,ambros_artem,31,0.5800000000000001,0.937189201292317,0.125,0.2,0.39382529300283187,8,4,0,Random,Undetermined
boutel_dacty.N1B,N1B,boutel_dacty,31,0.97,0.08941437300482474,0.125,0.4666666666666667,0.001241434005125989,6,3,0,Recurrent,Non-directional
bromus_arven.N1B,N1B,bromus_arven,31,0.97,0.36455732638706395,0.1875,0.4,0.016495127877457202,8,4,0,Recurrent,Non-directional
draba_repta.N1B,N1B,draba_repta,31,0.42000000000000004,0.1075338678513425,0.25,0.6,0.4855078522617498,15,8,0,Random,Undetermined
echina_angus.N1B,N1B,echina_angus,31,0.97,NA,NA,NA,NA,0,0,NA,Invariant,Undetermined
elymus_canad.N1B,N1B,elymus_canad,31,0.97,0.9999999999999999,0.0625,0,0.6035755086858975,2,1,0,Random,Undetermined
eriger_strig.N1B,N1B,eriger_strig,31,0.97,NA,NA,NA,NA,0,0,NA,Invariant,Undetermined
spheno_obtus.N1B,N1B,spheno_obtus,31,0.6799999999999999,0.4938029646320821,0.125,0,0.6704940806325976,4,2,0,Random,Undetermined
tragop_dubiu.N1B,N1B,tragop_dubiu,31,0.29000000000000004,0.36455732638706395,0.1875,0.4,0.5401641946992407,13,7,0,Random,Undetermined
acalyp_virgi.N20B,N20B,acalyp_virgi,31,0.81,0.9999999999999999,0.0625,0,0.6035755086858975,2,1,0,Random,Undetermined
allium_stell.N20B,N20B,allium_stell,31,0.030000000000000027,NA,NA,NA,NA,2,1,NA,Rare,Undetermined
ambros_artem.N20B,N20B,ambros_artem,31,0.87,0.10478287613147351,0.375,0.06666666666666667,0.06607865080611015,8,4,0,Random,Undetermined
ambros_psilo.N20B,N20B,ambros_psilo,31,0.97,0.9999999999999998,0.25,0.2,0.06607865080611015,8,4,0,Random,Undetermined
androp_gerar.N20B,N20B,androp_gerar,31,0.97,9.026264971155701e-5,0.75,0,NA,4,2,-1,Decreasing,Directional
apocyn_canna.N20B,N20B,apocyn_canna,31,0.42000000000000004,0.019402368747087714,0.1875,0.6666666666666666,NA,7,4,1,Increasing,Directional
artemi_ludov.N20B,N20B,artemi_ludov,31,0.97,NA,NA,NA,NA,0,0,NA,Invariant,Undetermined
boutel_curti.N20B,N20B,boutel_curti,31,0.97,0.8618712493148953,0.4375,0.5333333333333333,0.050507376866251494,11,6,0,Random,Undetermined
boutel_dacty.N20B,N20B,boutel_dacty,31,0.97,0.001030537674362584,0,0.6,NA,7,4,1,Increasing,Directional
boutel_graci.N20B,N20B,boutel_graci,31,0.97,NA,NA,NA,NA,0,0,NA,Invariant,Undetermined
boutel_hirsu.N20B,N20B,boutel_hirsu,31,0.44999999999999996,0.6001627353234458,0.375,0.5333333333333333,6.668107949821501e-5,5,3,0,Recurrent,Non-directional
bricke_eupat.N20B,N20B,bricke_eupat,31,0.97,0.0607219234556129,0.3125,0,0.001133670762583116,4,2,0,Recurrent,Non-directional
callir_alcae.N20B,N20B,callir_alcae,31,0.26,0.05148761028667245,0.4375,0.06666666666666667,0.03099322590817793,8,4,0,Recurrent,Non-directional
calyst_macou.N20B,N20B,calyst_macou,31,0.9,0.9999999999999999,0.0625,0,0.6035755086858975,2,1,0,Random,Undetermined
conyza_canad.N20B,N20B,conyza_canad,31,0.74,NA,NA,NA,NA,0,0,NA,Invariant,Undetermined
delphi_carol.N20B,N20B,delphi_carol,31,0.44999999999999996,0.3574664672997162,0.5625,0.3333333333333333,0.00952725208520462,9,5,0,Recurrent,Non-directional
desmod_illin.N20B,N20B,desmod_illin,31,0.9,0.24735482306428383,0.1875,0,0.0560820490128325,4,2,0,Random,Undetermined
digita_cogna.N20B,N20B,digita_cogna,31,0.48,0.019726940183490724,0.25,0.7333333333333333,NA,9,5,1,Increasing,Directional
eragro_spect.N20B,N20B,eragro_spect,31,0.9,0.4938029646320821,0.125,0,0.001447721282176437,2,1,0,Clumped,Non-directional
eupato_altis.N20B,N20B,eupato_altis,31,0.97,8.508286324362016e-4,0.625,0,NA,6,3,-1,Decreasing,Directional
euphor_cyath.N20B,N20B,euphor_cyath,31,0.48,0.002283307022705208,0.1875,0.8,NA,9,5,1,Increasing,Directional
euphor_margi.N20B,N20B,euphor_margi,31,0.9,NA,NA,NA,NA,0,0,NA,Invariant,Undetermined
euphor_serpe.N20B,N20B,euphor_serpe,31,0.39,0.33506173744419815,0.5,0.26666666666666666,0.03464647108891813,10,5,0,Recurrent,Non-directional
glandu_bipin.N20B,N20B,glandu_bipin,31,0.97,0.9999999999999998,0.0625,0.06666666666666667,0.6704940806325976,4,2,0,Random,Undetermined
gledit_triac.N20B,N20B,gledit_triac,31,0.97,0.0022718372541295786,0.5625,0,NA,6,3,-1,Decreasing,Directional
lesped_capit.N20B,N20B,lesped_capit,31,0.97,0.4938029646320821,0.125,0,0.001447721282176437,2,1,0,Clumped,Non-directional
liatri_punct.N20B,N20B,liatri_punct,31,0.97,0.9738274065893568,0,0.06666666666666667,0.6035755086858975,2,1,0,Random,Undetermined
mentze_oligo.N20B,N20B,mentze_oligo,31,0.030000000000000027,NA,NA,NA,NA,2,1,NA,Rare,Undetermined
mirabi_linea.N20B,N20B,mirabi_linea,31,0.09999999999999998,NA,NA,NA,NA,4,2,NA,Rare,Undetermined
muhlen_cuspi.N20B,N20B,muhlen_cuspi,31,0.97,NA,NA,NA,NA,0,0,NA,Invariant,Undetermined
muhlen_racem.N20B,N20B,muhlen_racem,31,0.97,0.6088355461174525,0.3125,0.4666666666666667,0.004828185087321806,8,4,0,Recurrent,Non-directional
panicu_virga.N20B,N20B,panicu_virga,31,0.97,0.2061056896922602,0.625,0.3333333333333333,2.6151153902856627e-4,6,3,0,Recurrent,Non-directional
pediom_argop.N20B,N20B,pediom_argop,31,0.74,0.0607219234556129,0.3125,0,0.001133670762583116,4,2,0,Recurrent,Non-directional
physal_virgi.N20B,N20B,physal_virgi,31,0.26,0.1808948507507627,0.125,0.4,9.465071008334956e-6,3,2,0,Recurrent,Non-directional
polygo_tenue.N20B,N20B,polygo_tenue,31,0.030000000000000027,NA,NA,NA,NA,2,1,NA,Rare,Undetermined
prunus_ameri.N20B,N20B,prunus_ameri,31,0.97,0.8939812654690358,0.3125,0.4,0.006587846048527602,8,4,0,Recurrent,Non-directional
rosa_arkan.N20B,N20B,rosa_arkan,31,0.97,5.8669510429744606e-6,0.875,0,NA,4,2,-1,Decreasing,Directional
salvia_azure.N20B,N20B,salvia_azure,31,0.97,NA,NA,NA,NA,0,0,NA,Invariant,Undetermined
schiza_scopa.N20B,N20B,schiza_scopa,31,0.97,NA,NA,NA,NA,0,0,NA,Invariant,Undetermined
solanu_carol.N20B,N20B,solanu_carol,31,0.97,NA,NA,NA,NA,0,0,NA,Invariant,Undetermined
solida_altis.N20B,N20B,solida_altis,31,0.97,0.24735482306428383,0.1875,0,6.487325970637214e-5,2,1,0,Clumped,Non-directional
solida_misso.N20B,N20B,solida_misso,31,0.97,0.2061056896922602,0.625,0.3333333333333333,0.022444185600620135,10,5,0,Recurrent,Non-directional
solida_rigid.N20B,N20B,solida_rigid,31,0.97,0.9999999999999997,0.4375,0.4,0.0011829699173814081,7,4,0,Recurrent,Non-directional
sorgha_nutan.N20B,N20B,sorgha_nutan,31,0.97,0.9999999999999999,0.0625,0,0.6035755086858975,2,1,0,Random,Undetermined
sporob_compo.N20B,N20B,sporob_compo,31,0.97,NA,NA,NA,NA,0,0,NA,Invariant,Undetermined
sporob_heter.N20B,N20B,sporob_heter,31,0.97,0.9226879138461672,0.1875,0.26666666666666666,1.432305454886208e-4,4,2,0,Recurrent,Non-directional
symphy_drumm.N20B,N20B,symphy_drumm,31,0.74,0.1808948507507627,0.125,0.4,0.03099322590817793,8,4,0,Recurrent,Non-directional
symphy_erico.N20B,N20B,symphy_erico,31,0.97,0.0607219234556129,0.3125,0,4.4051415956993966e-6,2,1,0,Clumped,Non-directional
symphy_oblon.N20B,N20B,symphy_oblon,31,0.97,0.4938029646320821,0.125,0,0.6704940806325976,4,2,0,Random,Undetermined
symphy_seric.N20B,N20B,symphy_seric,31,0.97,2.918006686601915e-4,0.6875,0,NA,4,2,-1,Decreasing,Directional
tragia_beton.N20B,N20B,tragia_beton,31,0.97,0.028802456421696293,0.375,0,NA,6,3,-1,Decreasing,Directional
triden_flavu.N20B,N20B,triden_flavu,31,0.97,0.24735482306428383,0.1875,0,0.7421078985573584,6,3,0,Random,Undetermined
vernon_baldw.N20B,N20B,vernon_baldw,31,0.97,0.0607219234556129,0.3125,0,0.001133670762583116,4,2,0,Recurrent,Non-directional
acalyp_virgi.N4A,N4A,acalyp_virgi,31,0.65,0.4938029646320821,0.125,0,0.6704940806325976,4,2,0,Random,Undetermined
agrost_hyema.N4A,N4A,agrost_hyema,31,0.9,0.9999999999999996,0.125,0.06666666666666667,0.7421078985573584,6,3,0,Random,Undetermined
allium_stell.N4A,N4A,allium_stell,31,0.18999999999999995,0.20178086785522442,0.3125,0.06666666666666667,0.1580272246149236,8,4,0,Random,Undetermined
ambros_artem.N4A,N4A,ambros_artem,31,0.87,0.7605990847392358,0.3125,0.2,0.524803430044251,12,6,0,Random,Undetermined
asclep_syria.N4A,N4A,asclep_syria,31,0.09999999999999998,NA,NA,NA,NA,4,2,NA,Rare,Undetermined
asclep_virdf.N4A,N4A,asclep_virdf,31,0.94,NA,NA,NA,NA,0,0,NA,Invariant,Undetermined
bromus_arven.N4A,N4A,bromus_arven,31,0.84,0.0028758670616075917,0,0.5333333333333333,NA,2,1,1,Increasing,Directional
carex_gravi.N4A,N4A,carex_gravi,31,0.9,0.4938029646320821,0.125,0,0.001447721282176437,2,1,0,Clumped,Non-directional
chlori_verti.N4A,N4A,chlori_verti,31,0.74,0.04204028171591283,0,0.3333333333333333,NA,5,3,1,Increasing,Directional
cirsiu_altis.N4A,N4A,cirsiu_altis,31,0.94,0.24735482306428383,0.1875,0,0.0560820490128325,4,2,0,Random,Undetermined
conyza_canad.N4A,N4A,conyza_canad,31,0.71,NA,NA,NA,NA,0,0,NA,Invariant,Undetermined
desmod_sessi.N4A,N4A,desmod_sessi,31,0.6799999999999999,0.9999999999999999,0.0625,0,0.6035755086858975,2,1,0,Random,Undetermined
dichan_ovale.N4A,N4A,dichan_ovale,31,0.97,0.9999999999999996,0.125,0.06666666666666667,0.0560820490128325,4,2,0,Random,Undetermined
eleoch_compr.N4A,N4A,eleoch_compr,31,0.48,0.8618712493148953,0.4375,0.5333333333333333,9.580607150506351e-4,7,4,0,Recurrent,Non-directional
eupato_altis.N4A,N4A,eupato_altis,31,0.97,0.01307691769989149,0.4375,0,NA,2,1,-1,Decreasing,Directional
helian_annuu.N4A,N4A,helian_annuu,31,0.39,0.21144981550278782,0.25,0.5333333333333333,0.5445789149211955,15,8,0,Random,Undetermined
hymeno_scabi.N4A,N4A,hymeno_scabi,31,0.87,0.9999999999999999,0.0625,0,0.6035755086858975,2,1,0,Random,Undetermined
lactuc_serri.N4A,N4A,lactuc_serri,31,0.16000000000000003,0.36899585542689983,0.25,0.06666666666666667,0.04834969544775515,6,3,0,Recurrent,Non-directional
lesped_viola.N4A,N4A,lesped_viola,31,0.97,0.2601470231694908,0.375,0.13333333333333333,0.03099322590817793,8,4,0,Recurrent,Non-directional
oenoth_curti.N4A,N4A,oenoth_curti,31,0.29000000000000004,0.49850501549688025,0.375,0.2,0.10767605225207548,10,5,0,Random,Undetermined
oenoth_glauc.N4A,N4A,oenoth_glauc,31,0.39,0.33506173744419815,0.5,0.26666666666666666,0.03464647108891813,10,5,0,Recurrent,Non-directional
oenoth_serru.N4A,N4A,oenoth_serru,31,0.13,0.12381749876088588,0.25,0,0.005854677406542337,4,2,0,Recurrent,Non-directional
oenoth_speci.N4A,N4A,oenoth_speci,31,0.65,0.9999999999999999,0.0625,0,0.6035755086858975,2,1,0,Random,Undetermined
pediom_argop.N4A,N4A,pediom_argop,31,0.97,0.640592006524916,0.1875,0.06666666666666667,0.8097008933768095,8,4,0,Random,Undetermined
persica_pensy.N4A,N4A,persica_pensy,31,0.030000000000000027,NA,NA,NA,NA,2,1,NA,Rare,Undetermined
planta_rhodo.N4A,N4A,planta_rhodo,31,0.84,NA,NA,NA,NA,0,0,NA,Invariant,Undetermined
prunus_ameri.N4A,N4A,prunus_ameri,31,0.97,0.012764441573415098,0.0625,0.5333333333333333,NA,7,4,1,Increasing,Directional
spheno_obtus.N4A,N4A,spheno_obtus,31,0.87,0.9999999999999999,0.0625,0,0.6035755086858975,2,1,0,Random,Undetermined
sporob_crypt.N4A,N4A,sporob_crypt,31,0.31999999999999995,0.04074992922062589,0.125,0.5333333333333333,NA,9,5,1,Increasing,Directional
stroph_leios.N4A,N4A,stroph_leios,31,0.06000000000000005,NA,NA,NA,NA,4,2,NA,Rare,Undetermined
tragia_beton.N4A,N4A,tragia_beton,31,0.39,0.8211111546026745,0.4375,0.3333333333333333,0.03464647108891813,10,5,0,Recurrent,Non-directional
triden_flavu.N4A,N4A,triden_flavu,31,0.74,0.12381749876088588,0.25,0,0.8097008933768095,8,4,0,Random,Undetermined
trioda_lepto.N4A,N4A,trioda_lepto,31,0.42000000000000004,0.5648742938932729,0.5,0.3333333333333333,0.6327408073507788,16,8,0,Random,Undetermined
vulpia_octof.N4A,N4A,vulpia_octof,31,0.87,NA,NA,NA,NA,0,0,NA,Invariant,Undetermined
ambros_artem.N4D,N4D,ambros_artem,31,0.74,0.9999999999999998,0.25,0.2,0.7310353554048772,12,6,0,Random,Undetermined
antenn_negle.N4D,N4D,antenn_negle,31,0.97,0.20151722122503768,0.1875,0.4666666666666667,0.5752316355407165,14,7,0,Random,Undetermined
bromus_arven.N4D,N4D,bromus_arven,31,0.97,0.30337022879060743,0.4375,0.2,0.009884131621000238,8,4,0,Recurrent,Non-directional
bromus_inerm.N4D,N4D,bromus_inerm,31,0.61,0.01805085266521226,0.6875,0.2,NA,6,3,-1,Decreasing,Directional
eupato_altis.N4D,N4D,eupato_altis,31,0.97,0.9999999999999996,0.125,0.06666666666666667,0.0560820490128325,4,2,0,Random,Undetermined
euphor_cyath.N4D,N4D,euphor_cyath,31,0.18999999999999995,0.20178086785522442,0.3125,0.06666666666666667,3.451392902386525e-4,4,2,0,Recurrent,Non-directional
monard_fistu.N4D,N4D,monard_fistu,31,0.94,0.4938029646320821,0.125,0,0.001447721282176437,2,1,0,Clumped,Non-directional
oenoth_serru.N4D,N4D,oenoth_serru,31,0.31999999999999995,0.0048793920520536944,0.0625,0.6,NA,5,3,1,Increasing,Directional
polygo_tenue.N4D,N4D,polygo_tenue,31,0.18999999999999995,0.7137617291360441,0.25,0.13333333333333333,0.1580272246149236,8,4,0,Random,Undetermined
solanu_carol.N4D,N4D,solanu_carol,31,0.81,0.4938029646320821,0.125,0,0.6704940806325976,4,2,0,Random,Undetermined
spheno_obtus.N4D,N4D,spheno_obtus,31,0.97,0.9999999999999996,0.125,0.06666666666666667,0.7421078985573584,6,3,0,Random,Undetermined
torili_arven.N4D,N4D,torili_arven,31,0.9,0.5648742938932729,0.5,0.3333333333333333,0.06200509991426033,11,6,0,Random,Undetermined
toxico_nutta.N4D,N4D,toxico_nutta,31,0.030000000000000027,NA,NA,NA,NA,2,1,NA,Rare,Undetermined
baptis_austr.1D,1D,baptis_austr,31,0.09999999999999998,NA,NA,NA,NA,4,2,NA,Rare,Undetermined
mirabi_linea.1D,1D,mirabi_linea,31,0.13,0.12381749876088588,0.25,0,0.005854677406542337,4,2,0,Recurrent,Non-directional
carex_gravi.20B,20B,carex_gravi,31,0.84,0.9999999999999999,0.0625,0,0.6035755086858975,2,1,0,Random,Undetermined
chenop_album.20B,20B,chenop_album,31,0.030000000000000027,NA,NA,NA,NA,2,1,NA,Rare,Undetermined
sisyri_campe.20B,20B,sisyri_campe,31,0.52,NA,NA,NA,NA,0,0,NA,Invariant,Undetermined
agrost_hyema.4A,4A,agrost_hyema,31,0.87,0.8430306226434657,0.5,0.4,0.10791625276542875,12,6,0,Random,Undetermined
aristi_oliga.4A,4A,aristi_oliga,31,0.22999999999999998,0.9226879138461672,0.1875,0.26666666666666666,0.06607865080611015,8,4,0,Random,Undetermined
astrag_crass.4A,4A,astrag_crass,31,0.29000000000000004,0.02379624189979081,0.5,0.06666666666666667,NA,8,4,-1,Decreasing,Directional
chenop_album.4A,4A,chenop_album,31,0.030000000000000027,NA,NA,NA,NA,2,1,NA,Rare,Undetermined
chlori_verti.4A,4A,chlori_verti,31,0.030000000000000027,NA,NA,NA,NA,2,1,NA,Rare,Undetermined
eleoch_compr.4A,4A,eleoch_compr,31,0.42000000000000004,0.87862332033474,0.375,0.4666666666666667,7.505385230943867e-5,5,3,0,Recurrent,Non-directional
prunus_ameri.4A,4A,prunus_ameri,31,0.71,0.010261748444302629,0.5625,0.06666666666666667,NA,6,3,-1,Decreasing,Directional
stenar_nigri.4A,4A,stenar_nigri,31,0.06000000000000005,NA,NA,NA,NA,4,2,NA,Rare,Undetermined
teucri_canad.4A,4A,teucri_canad,31,0.71,0.4457475743700233,0.3125,0.13333333333333333,0.16471815196577136,9,5,0,Random,Undetermined
vicia_ameri.4A,4A,vicia_ameri,31,0.26,0.2601470231694908,0.375,0.13333333333333333,0.1835045895181674,10,5,0,Random,Undetermined
viola_pedat.4A,4A,viola_pedat,31,0.55,NA,NA,NA,NA,0,0,NA,Invariant,Undetermined
agrost_hyema.4B,4B,agrost_hyema,31,0.06000000000000005,NA,NA,NA,NA,4,2,NA,Rare,Undetermined
ambros_artem.4B,4B,ambros_artem,31,0.48,0.8618712493148953,0.4375,0.5333333333333333,0.8212820423593377,18,9,0,Random,Undetermined
calyst_macou.4B,4B,calyst_macou,31,0.18999999999999995,0.7137617291360441,0.25,0.13333333333333333,3.288173608173529e-5,3,2,0,Recurrent,Non-directional
desman_illin.4B,4B,desman_illin,31,0.16000000000000003,0.0607219234556129,0.3125,0,0.001133670762583116,4,2,0,Recurrent,Non-directional
euphor_serpe.4B,4B,euphor_serpe,31,0.13,0.12381749876088588,0.25,0,0.2055398893616577,6,3,0,Random,Undetermined
mirabi_linea.4B,4B,mirabi_linea,31,0.13,0.12381749876088588,0.25,0,0.2055398893616577,6,3,0,Random,Undetermined
symphy_laeve.4B,4B,symphy_laeve,31,0.030000000000000027,NA,NA,NA,NA,2,1,NA,Rare,Undetermined
cannab_sativ.N1B,N1B,cannab_sativ,31,0.06000000000000005,NA,NA,NA,NA,2,1,NA,Rare,Undetermined
digita_cogna.N1B,N1B,digita_cogna,31,0.52,NA,NA,NA,NA,0,0,NA,Invariant,Undetermined
planta_rhodo.N1B,N1B,planta_rhodo,31,0.81,0.9999999999999999,0.0625,0,0.6035755086858975,2,1,0,Random,Undetermined
viola_nephr.N1B,N1B,viola_nephr,31,0.6799999999999999,NA,NA,NA,NA,0,0,NA,Invariant,Undetermined
bromus_arven.N20B,N20B,bromus_arven,31,0.94,0.7605990847392358,0.3125,0.2,0.03099322590817793,8,4,0,Recurrent,Non-directional
celtis_occid.N20B,N20B,celtis_occid,31,0.6799999999999999,0.010261748444302629,0.5625,0.06666666666666667,NA,8,4,-1,Decreasing,Directional
helian_annuu.N20B,N20B,helian_annuu,31,0.09999999999999998,NA,NA,NA,NA,6,3,NA,Rare,Undetermined
pariet_pensy.N20B,N20B,pariet_pensy,31,0.18999999999999995,0.5872145938600922,0.125,0.26666666666666666,0.1580272246149236,8,4,0,Random,Undetermined
symphy_laeve.N20B,N20B,symphy_laeve,31,0.29000000000000004,0.0022718372541295786,0.5625,0,NA,2,1,-1,Decreasing,Directional
torili_arven.N20B,N20B,torili_arven,31,0.52,NA,NA,NA,NA,0,0,NA,Invariant,Undetermined
veroni_pereg.N20B,N20B,veroni_pereg,31,0.09999999999999998,NA,NA,NA,NA,4,2,NA,Rare,Undetermined
gerani_carol.N4A,N4A,gerani_carol,31,0.42000000000000004,0.5648742938932729,0.5,0.3333333333333333,0.06200509991426033,11,6,0,Random,Undetermined
glandu_bipin.N4A,N4A,glandu_bipin,31,0.18999999999999995,0.20178086785522442,0.3125,0.06666666666666667,0.013974368446475812,6,3,0,Recurrent,Non-directional
liatri_punct.N4A,N4A,liatri_punct,31,0.77,0.05148761028667245,0.4375,0.06666666666666667,0.03099322590817793,8,4,0,Recurrent,Non-directional
mirabi_linea.N4A,N4A,mirabi_linea,31,0.030000000000000027,NA,NA,NA,NA,2,1,NA,Rare,Undetermined
pediom_tenui.N4A,N4A,pediom_tenui,31,0.9,1,0.25,0.26666666666666666,0.524803430044251,12,6,0,Random,Undetermined
asclep_tuber.N4D,N4D,asclep_tuber,31,0.61,0.9999999999999999,0.0625,0,0.6035755086858975,2,1,0,Random,Undetermined
chenop_album.N4D,N4D,chenop_album,31,0.09999999999999998,NA,NA,NA,NA,6,3,NA,Rare,Undetermined
euphor_missu.N4D,N4D,euphor_missu,31,0.030000000000000027,NA,NA,NA,NA,2,1,NA,Rare,Undetermined
geum_canad.N4D,N4D,geum_canad,31,0.9,0.9999999999999996,0.125,0.06666666666666667,0.0560820490128325,4,2,0,Random,Undetermined
melilo_offic.N4D,N4D,melilo_offic,31,0.16000000000000003,0.36899585542689983,0.25,0.06666666666666667,8.89012572017322e-5,3,2,0,Recurrent,Non-directional
nothoc_cuspi.N4D,N4D,nothoc_cuspi,31,0.030000000000000027,NA,NA,NA,NA,2,1,NA,Rare,Undetermined
opunti_macro.N4D,N4D,opunti_macro,31,0.35,0.016999777502603453,0.125,0.6,NA,5,3,1,Increasing,Directional
prunus_ameri.N4D,N4D,prunus_ameri,31,0.94,0.37829294350114534,0.3125,0.5333333333333333,0.0038548663576638852,8,4,0,Recurrent,Non-directional
scroph_maril.N4D,N4D,scroph_maril,31,0.06000000000000005,NA,NA,NA,NA,2,1,NA,Rare,Undetermined
solanu_rostr.N4D,N4D,solanu_rostr,31,0.26,0.6053967742246604,0.1875,0.3333333333333333,0.08314230445910545,9,5,0,Random,Undetermined
solida_rigid.N4D,N4D,solida_rigid,31,0.94,0.9999999999999997,0.3125,0.26666666666666666,0.0049570404947700255,7,4,0,Recurrent,Non-directional
celtis_occid.20B,20B,celtis_occid,31,0.6799999999999999,0.24735482306428383,0.1875,0,0.0560820490128325,4,2,0,Random,Undetermined
draba_repta.20B,20B,draba_repta,31,0.030000000000000027,NA,NA,NA,NA,2,1,NA,Rare,Undetermined
helian_annuu.20B,20B,helian_annuu,31,0.030000000000000027,NA,NA,NA,NA,2,1,NA,Rare,Undetermined
viola_nephr.20B,20B,viola_nephr,31,0.030000000000000027,NA,NA,NA,NA,2,1,NA,Rare,Undetermined
helian_pauci.4A,4A,helian_pauci,31,0.9,0.20178086785522442,0.3125,0.06666666666666667,3.451392902386525e-4,4,2,0,Recurrent,Non-directional
oenoth_macro.4A,4A,oenoth_macro,31,0.030000000000000027,NA,NA,NA,NA,2,1,NA,Rare,Undetermined
silene_antir.4A,4A,silene_antir,31,0.35,0.5366545109001994,0.4375,0.26666666666666666,0.7651714952570862,16,8,0,Random,Undetermined
draba_repta.4B,4B,draba_repta,31,0.030000000000000027,NA,NA,NA,NA,2,1,NA,Rare,Undetermined
planta_rhodo.4B,4B,planta_rhodo,31,0.09999999999999998,NA,NA,NA,NA,6,3,NA,Rare,Undetermined
verben_stric.4B,4B,verben_stric,31,0.26,1,0.25,0.26666666666666666,0.03099322590817793,8,4,0,Recurrent,Non-directional
viola_nephr.4B,4B,viola_nephr,31,0.030000000000000027,NA,NA,NA,NA,2,1,NA,Rare,Undetermined
acalyp_virgi.N1B,N1B,acalyp_virgi,31,0.74,NA,NA,NA,NA,0,0,NA,Invariant,Undetermined
bromus_tecto.N1B,N1B,bromus_tecto,31,0.030000000000000027,NA,NA,NA,NA,2,1,NA,Rare,Undetermined
chenop_album.N1B,N1B,chenop_album,31,0.09999999999999998,NA,NA,NA,NA,4,2,NA,Rare,Undetermined
dalea_multi.N1B,N1B,dalea_multi,31,0.65,NA,NA,NA,NA,0,0,NA,Invariant,Undetermined
hedeom_hispi.N1B,N1B,hedeom_hispi,31,0.84,0.9999999999999999,0.0625,0,0.6035755086858975,2,1,0,Random,Undetermined
hierac_longi.N1B,N1B,hierac_longi,31,0.5800000000000001,NA,NA,NA,NA,0,0,NA,Invariant,Undetermined
muhlen_racem.N1B,N1B,muhlen_racem,31,0.55,0.4938029646320821,0.125,0,0.001447721282176437,2,1,0,Clumped,Non-directional
panicu_capil.N1B,N1B,panicu_capil,31,0.26,0.03082268374448432,0.0625,0.4666666666666667,NA,10,5,1,Increasing,Directional
solida_rigid.N1B,N1B,solida_rigid,31,0.9,0.09348810510448448,0,0.26666666666666666,0.005854677406542337,4,2,0,Recurrent,Non-directional
torili_arven.N1B,N1B,torili_arven,31,0.09999999999999998,NA,NA,NA,NA,6,3,NA,Rare,Undetermined
agalin_asper.N20B,N20B,agalin_asper,31,0.39,1,0.375,0.4,0.3921499298999891,14,7,0,Random,Undetermined
eriger_annuu.N20B,N20B,eriger_annuu,31,0.42000000000000004,0.9999999999999997,0.4375,0.4,0.011037686739147493,9,5,0,Recurrent,Non-directional
gerani_carol.N20B,N20B,gerani_carol,31,0.030000000000000027,NA,NA,NA,NA,2,1,NA,Rare,Undetermined
oenoth_glauc.N20B,N20B,oenoth_glauc,31,0.13,1,0.125,0.13333333333333333,0.2055398893616577,6,3,0,Random,Undetermined
draba_repta.N4A,N4A,draba_repta,31,0.39,0.21144981550278782,0.25,0.5333333333333333,0.25481427188414496,13,7,0,Random,Undetermined
lithos_incis.N4A,N4A,lithos_incis,31,0.77,NA,NA,NA,NA,0,0,NA,Invariant,Undetermined
solanu_rostr.N4A,N4A,solanu_rostr,31,0.09999999999999998,NA,NA,NA,NA,6,3,NA,Rare,Undetermined
stenar_nigri.N4A,N4A,stenar_nigri,31,0.44999999999999996,0.6001627353234458,0.375,0.5333333333333333,0.0010269894884793185,7,4,0,Recurrent,Non-directional
agerat_altis.N4D,N4D,agerat_altis,31,0.35,0.0017018576035889687,0.0625,0.6666666666666666,NA,7,4,1,Increasing,Directional
calyst_macou.N4D,N4D,calyst_macou,31,0.71,0.9999999999999998,0.0625,0.06666666666666667,0.6704940806325976,4,2,0,Random,Undetermined
desman_illin.N4D,N4D,desman_illin,31,0.48,0.0068781768234081634,0.75,0.2,NA,6,3,-1,Decreasing,Directional
trades_bract.N4D,N4D,trades_bract,31,0.06000000000000005,NA,NA,NA,NA,4,2,NA,Rare,Undetermined
desman_illin.1D,1D,desman_illin,31,0.18999999999999995,0.20178086785522442,0.3125,0.06666666666666667,0.002589305566365421,5,3,0,Recurrent,Non-directional
allium_stell.20B,20B,allium_stell,31,0.16000000000000003,0.0607219234556129,0.3125,0,0.001133670762583116,4,2,0,Recurrent,Non-directional
triden_flavu.20B,20B,triden_flavu,31,0.71,0.5872145938600922,0.125,0.26666666666666666,0.013974368446475812,6,3,0,Recurrent,Non-directional
arnogl_plant.4A,4A,arnogl_plant,31,0.39,0.014700550967152358,0.625,0.13333333333333333,NA,8,4,-1,Decreasing,Directional
cuscut_glome.4A,4A,cuscut_glome,31,0.22999999999999998,0.10478287613147351,0.375,0.06666666666666667,0.06607865080611015,8,4,0,Random,Undetermined
juncus_inter.4A,4A,juncus_inter,31,0.74,0.016999777502603453,0.125,0.6,NA,9,5,1,Increasing,Directional
lithos_incis.4A,4A,lithos_incis,31,0.52,NA,NA,NA,NA,0,0,NA,Invariant,Undetermined
taraxa_offic.4A,4A,taraxa_offic,31,0.030000000000000027,NA,NA,NA,NA,2,1,NA,Rare,Undetermined
solanu_ptyca.4B,4B,solanu_ptyca,31,0.030000000000000027,NA,NA,NA,NA,2,1,NA,Rare,Undetermined
agrost_hyema.N1B,N1B,agrost_hyema,31,0.35,0.5366545109001994,0.4375,0.26666666666666666,0.46912551414965753,14,7,0,Random,Undetermined
cyperu_lupul.N1B,N1B,cyperu_lupul,31,0.84,NA,NA,NA,NA,0,0,NA,Invariant,Undetermined
desman_illin.N1B,N1B,desman_illin,31,0.55,0.640592006524916,0.1875,0.06666666666666667,0.8097008933768095,8,4,0,Random,Undetermined
eriger_annuu.N1B,N1B,eriger_annuu,31,0.65,0.9999999999999999,0.0625,0,0.6035755086858975,2,1,0,Random,Undetermined
eupato_altis.N1B,N1B,eupato_altis,31,0.81,NA,NA,NA,NA,0,0,NA,Invariant,Undetermined
lithos_incis.N1B,N1B,lithos_incis,31,0.84,NA,NA,NA,NA,0,0,NA,Invariant,Undetermined
taraxa_offic.N1B,N1B,taraxa_offic,31,0.13,1,0.125,0.13333333333333333,0.2055398893616577,6,3,0,Random,Undetermined
thlasp_arven.N1B,N1B,thlasp_arven,31,0.06000000000000005,NA,NA,NA,NA,4,2,NA,Rare,Undetermined
cyperu_lupul.N20B,N20B,cyperu_lupul,31,0.6799999999999999,NA,NA,NA,NA,0,0,NA,Invariant,Undetermined
melilo_offic.N20B,N20B,melilo_offic,31,0.09999999999999998,NA,NA,NA,NA,6,3,NA,Rare,Undetermined
rumex_crisp.N20B,N20B,rumex_crisp,31,0.030000000000000027,NA,NA,NA,NA,2,1,NA,Rare,Undetermined
solanu_ptyca.N20B,N20B,solanu_ptyca,31,0.09999999999999998,NA,NA,NA,NA,6,3,NA,Rare,Undetermined
cuscut_glome.N4A,N4A,cuscut_glome,31,0.44999999999999996,0.04900634866838942,0.25,0.6666666666666666,NA,14,7,1,Increasing,Directional
gledit_triac.N4D,N4D,gledit_triac,31,0.84,0.018164489689699026,0,0.4,NA,9,5,1,Increasing,Directional
oenoth_glauc.N4D,N4D,oenoth_glauc,31,0.22999999999999998,0.33875884132344075,0.125,0.3333333333333333,0.7310353554048772,12,6,0,Random,Undetermined
physal_heter.N4D,N4D,physal_heter,31,0.29000000000000004,0.14193493503497973,0.4375,0.13333333333333333,0.016495127877457202,8,4,0,Recurrent,Non-directional
rubus_pensi.N4D,N4D,rubus_pensi,31,0.84,0.0887889536306751,0.5625,0.2,0.004828185087321806,8,4,0,Recurrent,Non-directional
agrost_hyema.1D,1D,agrost_hyema,31,0.030000000000000027,NA,NA,NA,NA,2,1,NA,Rare,Undetermined
cyperu_lupul.1D,1D,cyperu_lupul,31,0.74,NA,NA,NA,NA,0,0,NA,Invariant,Undetermined
mirabi_albid.1D,1D,mirabi_albid,31,0.61,NA,NA,NA,NA,0,0,NA,Invariant,Undetermined
physal_virgi.1D,1D,physal_virgi,31,0.31999999999999995,0.04074992922062589,0.125,0.5333333333333333,NA,3,2,1,Increasing,Directional
poa_prate.1D,1D,poa_prate,31,0.09999999999999998,NA,NA,NA,NA,6,3,NA,Rare,Undetermined
bromus_inerm.20B,20B,bromus_inerm,31,0.84,0.9999999999999997,0.1875,0.2,0.002589305566365421,5,3,0,Recurrent,Non-directional
cyperu_lupul.20B,20B,cyperu_lupul,31,0.06000000000000005,NA,NA,NA,NA,4,2,NA,Rare,Undetermined
carex_gravi.4A,4A,carex_gravi,31,0.77,0.9999999999999998,0.0625,0.06666666666666667,0.6704940806325976,4,2,0,Random,Undetermined
euphor_nutan.4A,4A,euphor_nutan,31,0.39,1,0.375,0.4,0.001471672169274707,7,4,0,Recurrent,Non-directional
mirabi_albid.4A,4A,mirabi_albid,31,0.18999999999999995,0.7137617291360441,0.25,0.13333333333333333,0.1580272246149236,8,4,0,Random,Undetermined
physal_heter.4A,4A,physal_heter,31,0.09999999999999998,NA,NA,NA,NA,3,2,NA,Rare,Undetermined
solanu_rostr.4A,4A,solanu_rostr,31,0.06000000000000005,NA,NA,NA,NA,4,2,NA,Rare,Undetermined
toxico_nutta.4A,4A,toxico_nutta,31,0.030000000000000027,NA,NA,NA,NA,2,1,NA,Rare,Undetermined
lithos_occid.4B,4B,lithos_occid,31,0.030000000000000027,NA,NA,NA,NA,2,1,NA,Rare,Undetermined
oenoth_serru.4B,4B,oenoth_serru,31,0.06000000000000005,NA,NA,NA,NA,2,1,NA,Rare,Undetermined
desmod_sessi.N1B,N1B,desmod_sessi,31,0.13,0.5450438219949827,0.0625,0.2,3.755965225892386e-4,3,2,0,Recurrent,Non-directional
euphor_nutan.N1B,N1B,euphor_nutan,31,0.84,NA,NA,NA,NA,0,0,NA,Invariant,Undetermined
oenoth_curti.N1B,N1B,oenoth_curti,31,0.16000000000000003,0.36899585542689983,0.25,0.06666666666666667,0.04834969544775515,6,3,0,Recurrent,Non-directional
physal_heter.N1B,N1B,physal_heter,31,0.22999999999999998,0.9999999999999998,0.25,0.2,0.005137313835460302,6,3,0,Recurrent,Non-directional
lamium_ample.N20B,N20B,lamium_ample,31,0.06000000000000005,NA,NA,NA,NA,2,1,NA,Rare,Undetermined
asclep_tuber.N4A,N4A,asclep_tuber,31,0.6799999999999999,NA,NA,NA,NA,0,0,NA,Invariant,Undetermined
calyst_macou.N4A,N4A,calyst_macou,31,0.39,0.0887889536306751,0.5625,0.2,3.907149978571431e-4,6,3,0,Recurrent,Non-directional
croton_monan.N4A,N4A,croton_monan,31,0.52,NA,NA,NA,NA,0,0,NA,Invariant,Undetermined
desman_illin.N4A,N4A,desman_illin,31,0.030000000000000027,NA,NA,NA,NA,2,1,NA,Rare,Undetermined
galium_apari.N4A,N4A,galium_apari,31,0.35,0.016999777502603453,0.125,0.6,NA,7,4,1,Increasing,Directional
helian_maxim.N4A,N4A,helian_maxim,31,0.84,0.3717703175791154,0.375,0.6,0.18181665042692735,13,7,0,Random,Undetermined
helian_pauci.N4A,N4A,helian_pauci,31,0.84,0.028802456421696293,0.375,0,NA,4,2,-1,Decreasing,Directional
tragop_dubiu.N4A,N4A,tragop_dubiu,31,0.35,0.8939812654690358,0.3125,0.4,0.01882099292415999,9,5,0,Recurrent,Non-directional
draba_repta.N4D,N4D,draba_repta,31,0.31999999999999995,0.6111614453463713,0.25,0.4,0.40890539535182613,13,7,0,Random,Undetermined
euphor_nutan.N4D,N4D,euphor_nutan,31,0.6799999999999999,NA,NA,NA,NA,0,0,NA,Invariant,Undetermined
euphor_serpe.N4D,N4D,euphor_serpe,31,0.35,0.10193077872193111,0.1875,0.5333333333333333,0.1899789731215372,12,6,0,Random,Undetermined
mirabi_linea.N4D,N4D,mirabi_linea,31,0.06000000000000005,NA,NA,NA,NA,4,2,NA,Rare,Undetermined
stenar_nigri.N4D,N4D,stenar_nigri,31,0.35,0.004087560306914374,0.625,0.06666666666666667,NA,6,3,-1,Decreasing,Directional
elymus_canad.1D,1D,elymus_canad,31,0.030000000000000027,NA,NA,NA,NA,2,1,NA,Rare,Undetermined
gledit_triac.20B,20B,gledit_triac,31,0.81,0.006424433886882116,0.125,0.6666666666666666,NA,3,2,1,Increasing,Directional
bromus_arven.4A,4A,bromus_arven,31,0.030000000000000027,NA,NA,NA,NA,2,1,NA,Rare,Undetermined
chenop_berla.4A,4A,chenop_berla,31,0.06000000000000005,NA,NA,NA,NA,3,2,NA,Rare,Undetermined
viola_nephr.4A,4A,viola_nephr,31,0.06000000000000005,NA,NA,NA,NA,2,1,NA,Rare,Undetermined
solanu_rostr.4B,4B,solanu_rostr,31,0.06000000000000005,NA,NA,NA,NA,4,2,NA,Rare,Undetermined
stroph_leios.4B,4B,stroph_leios,31,0.09999999999999998,NA,NA,NA,NA,4,2,NA,Rare,Undetermined
calyst_macou.N1B,N1B,calyst_macou,31,0.030000000000000027,NA,NA,NA,NA,2,1,NA,Rare,Undetermined
euphor_glypt.N1B,N1B,euphor_glypt,31,0.6799999999999999,NA,NA,NA,NA,0,0,NA,Invariant,Undetermined
hordeu_pusil.N1B,N1B,hordeu_pusil,31,0.77,0.9999999999999998,0.0625,0.06666666666666667,0.6704940806325976,4,2,0,Random,Undetermined
cercis_canad.N20B,N20B,cercis_canad,31,0.71,0.0028758670616075917,0,0.5333333333333333,NA,1,1,1,Increasing,Directional
convol_arven.N20B,N20B,convol_arven,31,0.030000000000000027,NA,NA,NA,NA,2,1,NA,Rare,Undetermined
sparti_pecti.N20B,N20B,sparti_pecti,31,0.030000000000000027,NA,NA,NA,NA,2,1,NA,Rare,Undetermined
stenar_nigri.N20B,N20B,stenar_nigri,31,0.71,0.0074558999955622735,0,0.4666666666666667,NA,7,4,1,Increasing,Directional
stroph_leios.N20B,N20B,stroph_leios,31,0.39,0.8211111546026745,0.4375,0.3333333333333333,0.013825547448709034,9,5,0,Recurrent,Non-directional
dalea_multi.N4A,N4A,dalea_multi,31,0.65,0.20250799155863133,0,0.2,0.0560820490128325,4,2,0,Random,Undetermined
delphi_carol.N4A,N4A,delphi_carol,31,0.35,0.10193077872193111,0.1875,0.5333333333333333,0.1899789731215372,12,6,0,Random,Undetermined
helian_petio.N4A,N4A,helian_petio,31,0.030000000000000027,NA,NA,NA,NA,2,1,NA,Rare,Undetermined
cyperu_lupul.N4D,N4D,cyperu_lupul,31,0.74,NA,NA,NA,NA,0,0,NA,Invariant,Undetermined
euphor_glypt.N4D,N4D,euphor_glypt,31,0.44999999999999996,0.21263539028863307,0.3125,0.6,0.19248910452693918,13,7,0,Random,Undetermined
planta_rhodo.N4D,N4D,planta_rhodo,31,0.6799999999999999,NA,NA,NA,NA,0,0,NA,Invariant,Undetermined
senna_maril.N4D,N4D,senna_maril,31,0.55,NA,NA,NA,NA,0,0,NA,Invariant,Undetermined
euphor_nutan.1D,1D,euphor_nutan,31,0.18999999999999995,0.9999999999999997,0.1875,0.2,3.451392902386525e-4,4,2,0,Recurrent,Non-directional
taraxa_offic.1D,1D,taraxa_offic,31,0.030000000000000027,NA,NA,NA,NA,2,1,NA,Rare,Undetermined
hybant_verti.20B,20B,hybant_verti,31,0.030000000000000027,NA,NA,NA,NA,2,1,NA,Rare,Undetermined
symphy_lance.20B,20B,symphy_lance,31,0.29000000000000004,0.9999999999999997,0.3125,0.26666666666666666,0.016495127877457202,8,4,0,Recurrent,Non-directional
trades_bract.20B,20B,trades_bract,31,0.030000000000000027,NA,NA,NA,NA,2,1,NA,Rare,Undetermined
allium_canad.4A,4A,allium_canad,31,0.030000000000000027,NA,NA,NA,NA,2,1,NA,Rare,Undetermined
desmod_canes.4A,4A,desmod_canes,31,0.06000000000000005,NA,NA,NA,NA,2,1,NA,Rare,Undetermined
polyga_verti.4A,4A,polyga_verti,31,0.030000000000000027,NA,NA,NA,NA,2,1,NA,Rare,Undetermined
conyza_canad.4B,4B,conyza_canad,31,0.48,0.3717703175791154,0.375,0.6,0.022444185600620135,10,5,0,Recurrent,Non-directional
coryda_micra.4B,4B,coryda_micra,31,0.030000000000000027,NA,NA,NA,NA,2,1,NA,Rare,Undetermined
euphor_nutan.4B,4B,euphor_nutan,31,0.26,0.1808948507507627,0.125,0.4,0.1835045895181674,10,5,0,Random,Undetermined
helian_pauci.4B,4B,helian_pauci,31,0.16000000000000003,0.937189201292317,0.125,0.2,0.009213517951520575,5,3,0,Recurrent,Non-directional
monard_fistu.4B,4B,monard_fistu,31,0.09999999999999998,NA,NA,NA,NA,4,2,NA,Rare,Undetermined
stenar_nigri.4B,4B,stenar_nigri,31,0.5800000000000001,0.12381749876088588,0.25,0,1.2238218346433187e-5,2,1,0,Clumped,Non-directional
kummer_stipu.N1B,N1B,kummer_stipu,31,0.39,0.04687353118595259,0.1875,0.6,NA,9,5,1,Increasing,Directional
planta_virgi.N1B,N1B,planta_virgi,31,0.29000000000000004,0.012764441573415098,0.0625,0.5333333333333333,NA,3,2,1,Increasing,Directional
polyga_verti.N1B,N1B,polyga_verti,31,0.18999999999999995,0.9999999999999997,0.1875,0.2,0.013974368446475812,6,3,0,Recurrent,Non-directional
polygo_avicu.N1B,N1B,polygo_avicu,31,0.42000000000000004,0.87862332033474,0.375,0.4666666666666667,3.1840052171206096e-4,6,3,0,Recurrent,Non-directional
vulpia_octof.N1B,N1B,vulpia_octof,31,0.74,0.9738274065893568,0,0.06666666666666667,0.6035755086858975,2,1,0,Random,Undetermined
agrost_hyema.N20B,N20B,agrost_hyema,31,0.16000000000000003,0.9999999999999999,0.1875,0.13333333333333333,0.8691420224364163,10,5,0,Random,Undetermined
penste_grand.N20B,N20B,penste_grand,31,0.42000000000000004,0.19225130462178386,0.5625,0.26666666666666666,1.54759813706146e-5,4,2,0,Recurrent,Non-directional
symphy_lance.N20B,N20B,symphy_lance,31,0.18999999999999995,0.028802456421696293,0.375,0,NA,4,2,-1,Decreasing,Directional
xanthi_strum.N20B,N20B,xanthi_strum,31,0.030000000000000027,NA,NA,NA,NA,2,1,NA,Rare,Undetermined
coryda_micra.N4A,N4A,coryda_micra,31,0.030000000000000027,NA,NA,NA,NA,2,1,NA,Rare,Undetermined
muhlen_racem.N4A,N4A,muhlen_racem,31,0.5800000000000001,0.06934084351022943,0.0625,0.4,0.32821377477504554,10,5,0,Random,Undetermined
schedo_panic.N4A,N4A,schedo_panic,31,0.5800000000000001,0.9738274065893568,0,0.06666666666666667,0.6035755086858975,2,1,0,Random,Undetermined
scutel_parvu.N4A,N4A,scutel_parvu,31,0.13,1,0.125,0.13333333333333333,0.8097008933768095,8,4,0,Random,Undetermined
agrost_hyema.N4D,N4D,agrost_hyema,31,0.16000000000000003,0.2909855017348392,0.0625,0.26666666666666666,0.001133670762583116,4,2,0,Recurrent,Non-directional
elymus_virgi.N4D,N4D,elymus_virgi,31,0.6799999999999999,0.018164489689699026,0,0.4,NA,6,3,1,Increasing,Directional
euphor_stict.N4D,N4D,euphor_stict,31,0.030000000000000027,NA,NA,NA,NA,2,1,NA,Rare,Undetermined
medica_lupul.N4D,N4D,medica_lupul,31,0.5800000000000001,0.09348810510448448,0,0.26666666666666666,0.005854677406542337,4,2,0,Recurrent,Non-directional
mirabi_albid.N4D,N4D,mirabi_albid,31,0.29000000000000004,0.9999999999999997,0.3125,0.26666666666666666,0.9251620124982283,16,8,0,Random,Undetermined
oenoth_bienn.N4D,N4D,oenoth_bienn,31,0.16000000000000003,0.2909855017348392,0.0625,0.26666666666666666,0.04834969544775515,6,3,0,Recurrent,Non-directional
polyga_verti.N4D,N4D,polyga_verti,31,0.26,0.7605990847392358,0.3125,0.2,0.08314230445910545,9,5,0,Random,Undetermined
euphor_glypt.1D,1D,euphor_glypt,31,0.48,0.10688976489998328,0.3125,0.6666666666666666,0.008859362878385164,9,5,0,Recurrent,Non-directional
desmod_sessi.20B,20B,desmod_sessi,31,0.44999999999999996,0.21263539028863307,0.3125,0.6,0.054069791766971596,11,6,0,Random,Undetermined
euphor_nutan.20B,20B,euphor_nutan,31,0.26,0.1808948507507627,0.125,0.4,0.08314230445910545,9,5,0,Random,Undetermined
verben_urtic.20B,20B,verben_urtic,31,0.31999999999999995,0.0048793920520536944,0.0625,0.6,NA,7,4,1,Increasing,Directional
argemo_polya.4A,4A,argemo_polya,31,0.06000000000000005,NA,NA,NA,NA,2,1,NA,Rare,Undetermined
descur_pinna.4A,4A,descur_pinna,31,0.030000000000000027,NA,NA,NA,NA,2,1,NA,Rare,Undetermined
agerat_altis.4B,4B,agerat_altis,31,0.71,1.6335193877090986e-4,0.125,0.8666666666666667,NA,7,4,1,Increasing,Directional
lactuc_ludov.4B,4B,lactuc_ludov,31,0.06000000000000005,NA,NA,NA,NA,3,2,NA,Rare,Undetermined
lithos_incis.4B,4B,lithos_incis,31,0.35,0.5366545109001994,0.4375,0.26666666666666666,0.006587846048527602,8,4,0,Recurrent,Non-directional
mentze_oligo.4B,4B,mentze_oligo,31,0.09999999999999998,NA,NA,NA,NA,4,2,NA,Rare,Undetermined
mirabi_albid.4B,4B,mirabi_albid,31,0.06000000000000005,NA,NA,NA,NA,4,2,NA,Rare,Undetermined
callir_alcae.N1B,N1B,callir_alcae,31,0.16000000000000003,0.937189201292317,0.125,0.2,0.04834969544775515,6,3,0,Recurrent,Non-directional
euphor_cyath.N1B,N1B,euphor_cyath,31,0.09999999999999998,NA,NA,NA,NA,4,2,NA,Rare,Undetermined
geum_canad.N1B,N1B,geum_canad,31,0.31999999999999995,0.6111614453463713,0.25,0.4,0.1421962667157867,11,6,0,Random,Undetermined
desman_illin.N20B,N20B,desman_illin,31,0.09999999999999998,NA,NA,NA,NA,4,2,NA,Rare,Undetermined
desmod_canes.N20B,N20B,desmod_canes,31,0.030000000000000027,NA,NA,NA,NA,2,1,NA,Rare,Undetermined
elymus_virgi.N20B,N20B,elymus_virgi,31,0.71,0.4938029646320821,0.125,0,0.6704940806325976,4,2,0,Random,Undetermined
euphor_glypt.N20B,N20B,euphor_glypt,31,0.35,0.10193077872193111,0.1875,0.5333333333333333,0.6265707658860669,15,8,0,Random,Undetermined
euphor_nutan.N20B,N20B,euphor_nutan,31,0.65,NA,NA,NA,NA,0,0,NA,Invariant,Undetermined
geum_canad.N20B,N20B,geum_canad,31,0.74,NA,NA,NA,NA,0,0,NA,Invariant,Undetermined
kummer_stipu.N20B,N20B,kummer_stipu,31,0.44999999999999996,6.427402391033742e-4,0.125,0.8,NA,7,4,1,Increasing,Directional
lactuc_canad.N20B,N20B,lactuc_canad,31,0.030000000000000027,NA,NA,NA,NA,2,1,NA,Rare,Undetermined
lactuc_ludov.N20B,N20B,lactuc_ludov,31,0.22999999999999998,0.4457475743700233,0.3125,0.13333333333333333,0.32821377477504554,10,5,0,Random,Undetermined
lithos_incis.N20B,N20B,lithos_incis,31,0.65,NA,NA,NA,NA,0,0,NA,Invariant,Undetermined
lycopu_ameri.N20B,N20B,lycopu_ameri,31,0.030000000000000027,NA,NA,NA,NA,2,1,NA,Rare,Undetermined
planta_patag.N20B,N20B,planta_patag,31,0.74,1,0.25,0.26666666666666666,0.03099322590817793,8,4,0,Recurrent,Non-directional
senna_maril.N20B,N20B,senna_maril,31,0.74,NA,NA,NA,NA,0,0,NA,Invariant,Undetermined
solida_canad.N20B,N20B,solida_canad,31,0.71,0.09348810510448448,0,0.26666666666666666,0.005854677406542337,4,2,0,Recurrent,Non-directional
astrag_lotif.N4A,N4A,astrag_lotif,31,0.13,0.12381749876088588,0.25,0,1.2238218346433187e-5,2,1,0,Clumped,Non-directional
elymus_virgi.N4A,N4A,elymus_virgi,31,0.48,0.019726940183490724,0.25,0.7333333333333333,NA,11,6,1,Increasing,Directional
euphor_glypt.N4A,N4A,euphor_glypt,31,0.55,NA,NA,NA,NA,0,0,NA,Invariant,Undetermined
euphor_nutan.N4A,N4A,euphor_nutan,31,0.6799999999999999,NA,NA,NA,NA,0,0,NA,Invariant,Undetermined
geum_canad.N4A,N4A,geum_canad,31,0.44999999999999996,6.427402391033742e-4,0.125,0.8,NA,5,3,1,Increasing,Directional
juncus_inter.N4A,N4A,juncus_inter,31,0.6799999999999999,0.9530952817995972,0.0625,0.13333333333333333,0.0560820490128325,4,2,0,Random,Undetermined
mirabi_albid.N4A,N4A,mirabi_albid,31,0.06000000000000005,NA,NA,NA,NA,4,2,NA,Rare,Undetermined
lactuc_ludov.N4D,N4D,lactuc_ludov,31,0.26,0.2601470231694908,0.375,0.13333333333333333,0.002322345759658203,6,3,0,Recurrent,Non-directional
polygo_ramos.N4D,N4D,polygo_ramos,31,0.030000000000000027,NA,NA,NA,NA,2,1,NA,Rare,Undetermined
hymeno_scabi.1D,1D,hymeno_scabi,31,0.09999999999999998,NA,NA,NA,NA,6,3,NA,Rare,Undetermined
spheno_obtus.1D,1D,spheno_obtus,31,0.030000000000000027,NA,NA,NA,NA,2,1,NA,Rare,Undetermined
asclep_sulli.20B,20B,asclep_sulli,31,0.22999999999999998,0.10478287613147351,0.375,0.06666666666666667,1.432305454886208e-4,4,2,0,Recurrent,Non-directional
juncus_inter.20B,20B,juncus_inter,31,0.39,0.04687353118595259,0.1875,0.6,NA,5,3,1,Increasing,Directional
mirabi_albid.20B,20B,mirabi_albid,31,0.22999999999999998,0.33875884132344075,0.125,0.3333333333333333,0.06607865080611015,8,4,0,Random,Undetermined
ribes_misso.20B,20B,ribes_misso,31,0.29000000000000004,0.08941437300482474,0.125,0.4666666666666667,2.582679536782227e-4,5,3,0,Recurrent,Non-directional
lactuc_ludov.4A,4A,lactuc_ludov,31,0.030000000000000027,NA,NA,NA,NA,2,1,NA,Rare,Undetermined
oenoth_glauc.4A,4A,oenoth_glauc,31,0.35,0.10193077872193111,0.1875,0.5333333333333333,0.1899789731215372,12,6,0,Random,Undetermined
euphor_denta.4B,4B,euphor_denta,31,0.18999999999999995,0.14634529452104464,0.0625,0.3333333333333333,0.5764451241889132,10,5,0,Random,Undetermined
geum_canad.4B,4B,geum_canad,31,0.16000000000000003,0.937189201292317,0.125,0.2,0.04834969544775515,6,3,0,Recurrent,Non-directional
chenop_berla.N1B,N1B,chenop_berla,31,0.030000000000000027,NA,NA,NA,NA,2,1,NA,Rare,Undetermined
juncus_inter.N1B,N1B,juncus_inter,31,0.09999999999999998,NA,NA,NA,NA,4,2,NA,Rare,Undetermined
lactuc_ludov.N1B,N1B,lactuc_ludov,31,0.13,0.12381749876088588,0.25,0,1.2238218346433187e-5,2,1,0,Clumped,Non-directional
polygo_ramos.N1B,N1B,polygo_ramos,31,0.13,0.5450438219949827,0.0625,0.2,0.005854677406542337,4,2,0,Recurrent,Non-directional
asclep_sulli.N20B,N20B,asclep_sulli,31,0.030000000000000027,NA,NA,NA,NA,2,1,NA,Rare,Undetermined
euphor_denta.N20B,N20B,euphor_denta,31,0.5800000000000001,NA,NA,NA,NA,0,0,NA,Invariant,Undetermined
juncus_inter.N20B,N20B,juncus_inter,31,0.18999999999999995,0.5872145938600922,0.125,0.26666666666666666,0.34277709300771575,9,5,0,Random,Undetermined
monard_fistu.N20B,N20B,monard_fistu,31,0.61,NA,NA,NA,NA,0,0,NA,Invariant,Undetermined
agalin_asper.N4A,N4A,agalin_asper,31,0.09999999999999998,NA,NA,NA,NA,6,3,NA,Rare,Undetermined
lactuc_ludov.N4A,N4A,lactuc_ludov,31,0.06000000000000005,NA,NA,NA,NA,4,2,NA,Rare,Undetermined
polygo_tenue.N4A,N4A,polygo_tenue,31,0.18999999999999995,0.5872145938600922,0.125,0.26666666666666666,0.1580272246149236,8,4,0,Random,Undetermined
euphor_prost.N4D,N4D,euphor_prost,31,0.18999999999999995,0.5872145938600922,0.125,0.26666666666666666,0.013974368446475812,6,3,0,Recurrent,Non-directional
hierac_longi.N4D,N4D,hierac_longi,31,0.39,0.04687353118595259,0.1875,0.6,NA,10,5,1,Increasing,Directional
panicu_capil.N4D,N4D,panicu_capil,31,0.06000000000000005,NA,NA,NA,NA,4,2,NA,Rare,Undetermined
desmod_sessi.1D,1D,desmod_sessi,31,0.030000000000000027,NA,NA,NA,NA,2,1,NA,Rare,Undetermined
eupato_altis.1D,1D,eupato_altis,31,0.31999999999999995,0.20151722122503768,0.1875,0.4666666666666667,1.6474945821656675e-4,5,3,0,Recurrent,Non-directional
triden_flavu.1D,1D,triden_flavu,31,0.030000000000000027,NA,NA,NA,NA,2,1,NA,Rare,Undetermined
melilo_offic.20B,20B,melilo_offic,31,0.13,0.5450438219949827,0.0625,0.2,0.2055398893616577,6,3,0,Random,Undetermined
ulmus_rubra.20B,20B,ulmus_rubra,31,0.65,0.21144981550278782,0.25,0.5333333333333333,0.013825547448709034,9,5,0,Recurrent,Non-directional
euphor_glypt.4A,4A,euphor_glypt,31,0.18999999999999995,0.5872145938600922,0.125,0.26666666666666666,0.5764451241889132,10,5,0,Random,Undetermined
ulmus_ameri.4A,4A,ulmus_ameri,31,0.16000000000000003,0.9999999999999999,0.1875,0.13333333333333333,0.009213517951520575,5,3,0,Recurrent,Non-directional
bromus_arven.4B,4B,bromus_arven,31,0.030000000000000027,NA,NA,NA,NA,2,1,NA,Rare,Undetermined
physal_heter.4B,4B,physal_heter,31,0.030000000000000027,NA,NA,NA,NA,2,1,NA,Rare,Undetermined
euphor_prost.N1B,N1B,euphor_prost,31,0.13,0.5450438219949827,0.0625,0.2,0.2055398893616577,6,3,0,Random,Undetermined
penste_cobae.N1B,N1B,penste_cobae,31,0.39,1,0.375,0.4,1.808438401266599e-5,4,2,0,Recurrent,Non-directional
eriger_phila.N20B,N20B,eriger_phila,31,0.65,0.9738274065893568,0,0.06666666666666667,0.6035755086858975,2,1,0,Random,Undetermined
oenoth_curti.N20B,N20B,oenoth_curti,31,0.09999999999999998,NA,NA,NA,NA,4,2,NA,Rare,Undetermined
sporob_crypt.N20B,N20B,sporob_crypt,31,0.35,0.10193077872193111,0.1875,0.5333333333333333,0.001993189677654741,7,4,0,Recurrent,Non-directional
ulmus_ameri.N20B,N20B,ulmus_ameri,31,0.6799999999999999,0.9530952817995972,0.0625,0.13333333333333333,0.0560820490128325,4,2,0,Random,Undetermined
baptis_bract.N4A,N4A,baptis_bract,31,0.030000000000000027,NA,NA,NA,NA,2,1,NA,Rare,Undetermined
gledit_triac.N4A,N4A,gledit_triac,31,0.52,0.9738274065893568,0,0.06666666666666667,0.6035755086858975,2,1,0,Random,Undetermined
setari_pumil.N4A,N4A,setari_pumil,31,0.42000000000000004,0.1075338678513425,0.25,0.6,0.02783482359317869,10,5,0,Recurrent,Non-directional
glandu_bipin.N4D,N4D,glandu_bipin,31,0.26,0.6053967742246604,0.1875,0.3333333333333333,0.1835045895181674,10,5,0,Random,Undetermined
oenoth_curti.N4D,N4D,oenoth_curti,31,0.29000000000000004,0.49850501549688025,0.375,0.2,0.001241434005125989,6,3,0,Recurrent,Non-directional
planta_patag.N4D,N4D,planta_patag,31,0.6799999999999999,0.43618286861823546,0,0.13333333333333333,0.6704940806325976,4,2,0,Random,Undetermined
sporob_crypt.N4D,N4D,sporob_crypt,31,0.44999999999999996,0.6001627353234458,0.375,0.5333333333333333,2.581945659548293e-6,3,2,0,Recurrent,Non-directional
eriger_phila.1D,1D,eriger_phila,31,0.09999999999999998,NA,NA,NA,NA,6,3,NA,Rare,Undetermined
silene_antir.1D,1D,silene_antir,31,0.030000000000000027,NA,NA,NA,NA,2,1,NA,Rare,Undetermined
draba_repta.4A,4A,draba_repta,31,0.030000000000000027,NA,NA,NA,NA,2,1,NA,Rare,Undetermined
solida_molli.4A,4A,solida_molli,31,0.030000000000000027,NA,NA,NA,NA,2,1,NA,Rare,Undetermined
solanu_carol.4B,4B,solanu_carol,31,0.18999999999999995,0.5872145938600922,0.125,0.26666666666666666,0.013974368446475812,6,3,0,Recurrent,Non-directional
eriger_phila.N1B,N1B,eriger_phila,31,0.030000000000000027,NA,NA,NA,NA,2,1,NA,Rare,Undetermined
planta_patag.N1B,N1B,planta_patag,31,0.65,0.43618286861823546,0,0.13333333333333333,0.6704940806325976,4,2,0,Random,Undetermined
polygo_tenue.N1B,N1B,polygo_tenue,31,0.16000000000000003,0.2909855017348392,0.0625,0.26666666666666666,0.04834969544775515,6,3,0,Recurrent,Non-directional
schedo_panic.N1B,N1B,schedo_panic,31,0.65,0.640592006524916,0.1875,0.06666666666666667,0.2055398893616577,6,3,0,Random,Undetermined
solida_canad.N1B,N1B,solida_canad,31,0.35,0.016999777502603453,0.125,0.6,NA,7,4,1,Increasing,Directional
mirabi_albid.N20B,N20B,mirabi_albid,31,0.09999999999999998,NA,NA,NA,NA,6,3,NA,Rare,Undetermined
pascop_smith.N20B,N20B,pascop_smith,31,0.030000000000000027,NA,NA,NA,NA,2,1,NA,Rare,Undetermined
triost_perfo.N20B,N20B,triost_perfo,31,0.5800000000000001,0.018164489689699026,0,0.4,NA,4,2,1,Increasing,Directional
polyga_verti.N4A,N4A,polyga_verti,31,0.06000000000000005,NA,NA,NA,NA,4,2,NA,Rare,Undetermined
apocyn_canna.N4D,N4D,apocyn_canna,31,0.44999999999999996,0.007129770985317564,0.1875,0.7333333333333333,NA,5,3,1,Increasing,Directional
coryph_misso.N4D,N4D,coryph_misso,31,0.31999999999999995,0.6111614453463713,0.25,0.4,0.028025026034106518,9,5,0,Recurrent,Non-directional
hordeu_pusil.N4D,N4D,hordeu_pusil,31,0.65,NA,NA,NA,NA,0,0,NA,Invariant,Undetermined
penste_cobae.N4D,N4D,penste_cobae,31,0.09999999999999998,NA,NA,NA,NA,6,3,NA,Rare,Undetermined
scutel_parvu.N4D,N4D,scutel_parvu,31,0.13,1,0.125,0.13333333333333333,0.005854677406542337,4,2,0,Recurrent,Non-directional
junipe_virgi.20B,20B,junipe_virgi,31,0.22999999999999998,0.9226879138461672,0.1875,0.26666666666666666,0.02087276352945389,7,4,0,Recurrent,Non-directional
mirabi_nycta.20B,20B,mirabi_nycta,31,0.030000000000000027,NA,NA,NA,NA,2,1,NA,Rare,Undetermined
viola_bicol.4A,4A,viola_bicol,31,0.030000000000000027,NA,NA,NA,NA,2,1,NA,Rare,Undetermined
dalea_multi.N20B,N20B,dalea_multi,31,0.61,0.012764441573415098,0.0625,0.5333333333333333,NA,9,5,1,Increasing,Directional
polyga_verti.N20B,N20B,polyga_verti,31,0.16000000000000003,0.2909855017348392,0.0625,0.26666666666666666,0.39382529300283187,8,4,0,Random,Undetermined
hordeu_pusil.N4A,N4A,hordeu_pusil,31,0.61,0.09348810510448448,0,0.26666666666666666,0.510929583565928,7,4,0,Random,Undetermined
symphy_lance.N4A,N4A,symphy_lance,31,0.06000000000000005,NA,NA,NA,NA,4,2,NA,Rare,Undetermined
celast_scand.N4D,N4D,celast_scand,31,0.030000000000000027,NA,NA,NA,NA,2,1,NA,Rare,Undetermined
desmod_panic.N4D,N4D,desmod_panic,31,0.39,0.04687353118595259,0.1875,0.6,NA,9,5,1,Increasing,Directional
solanu_ptyca.N4D,N4D,solanu_ptyca,31,0.09999999999999998,NA,NA,NA,NA,6,3,NA,Rare,Undetermined
veroni_agres.N4D,N4D,veroni_agres,31,0.16000000000000003,0.2909855017348392,0.0625,0.26666666666666666,0.39382529300283187,8,4,0,Random,Undetermined
menisp_canad.20B,20B,menisp_canad,31,0.06000000000000005,NA,NA,NA,NA,2,1,NA,Rare,Undetermined
boutel_dacty.4B,4B,boutel_dacty,31,0.06000000000000005,NA,NA,NA,NA,2,1,NA,Rare,Undetermined
euphor_glypt.4B,4B,euphor_glypt,31,0.13,1,0.125,0.13333333333333333,0.2055398893616577,6,3,0,Random,Undetermined
rubus_pensi.4B,4B,rubus_pensi,31,0.5800000000000001,6.105499724505564e-6,0,0.8666666666666667,NA,2,1,1,Increasing,Directional
ulmus_ameri.N1B,N1B,ulmus_ameri,31,0.18999999999999995,0.14634529452104464,0.0625,0.3333333333333333,0.002589305566365421,5,3,0,Recurrent,Non-directional
zantho_ameri.N20B,N20B,zantho_ameri,31,0.5800000000000001,1.6335193877090986e-4,0.125,0.8666666666666667,NA,3,2,1,Increasing,Directional
chaero_procu.N4A,N4A,chaero_procu,31,0.030000000000000027,NA,NA,NA,NA,2,1,NA,Rare,Undetermined
kummer_stipu.N4A,N4A,kummer_stipu,31,0.48,7.155493279836431e-6,0.0625,0.9333333333333333,NA,5,3,1,Increasing,Directional
medica_lupul.N4A,N4A,medica_lupul,31,0.44999999999999996,3.5481351587574716e-5,0.0625,0.8666666666666667,NA,7,4,1,Increasing,Directional
desmod_sessi.N4D,N4D,desmod_sessi,31,0.18999999999999995,0.14634529452104464,0.0625,0.3333333333333333,0.002589305566365421,5,3,0,Recurrent,Non-directional
kummer_stipu.N4D,N4D,kummer_stipu,31,0.39,5.338986932222854e-4,0.0625,0.7333333333333333,NA,5,3,1,Increasing,Directional
schedo_panic.N4D,N4D,schedo_panic,31,0.55,NA,NA,NA,NA,0,0,NA,Invariant,Undetermined
geum_canad.20B,20B,geum_canad,31,0.44999999999999996,3.5481351587574716e-5,0.0625,0.8666666666666667,NA,3,2,1,Increasing,Directional
pariet_pensy.20B,20B,pariet_pensy,31,0.26,0.03082268374448432,0.0625,0.4666666666666667,NA,5,3,1,Increasing,Directional
securi_varia.20B,20B,securi_varia,31,0.44999999999999996,3.5481351587574716e-5,0.0625,0.8666666666666667,NA,3,2,1,Increasing,Directional
asclep_sulli.4A,4A,asclep_sulli,31,0.55,0.9738274065893568,0,0.06666666666666667,0.6035755086858975,2,1,0,Random,Undetermined
panicu_capil.4A,4A,panicu_capil,31,0.35,0.016999777502603453,0.125,0.6,NA,7,4,1,Increasing,Directional
eriger_annuu.4B,4B,eriger_annuu,31,0.030000000000000027,NA,NA,NA,NA,2,1,NA,Rare,Undetermined
euphor_denta.N1B,N1B,euphor_denta,31,0.48,1.6335193877090986e-4,0.125,0.8666666666666667,NA,3,2,1,Increasing,Directional
setari_pumil.N1B,N1B,setari_pumil,31,0.18999999999999995,0.14634529452104464,0.0625,0.3333333333333333,0.5764451241889132,10,5,0,Random,Undetermined
argemo_polya.N20B,N20B,argemo_polya,31,0.18999999999999995,0.5872145938600922,0.125,0.26666666666666666,3.451392902386525e-4,4,2,0,Recurrent,Non-directional
physal_heter.N20B,N20B,physal_heter,31,0.030000000000000027,NA,NA,NA,NA,2,1,NA,Rare,Undetermined
schedo_panic.N20B,N20B,schedo_panic,31,0.52,NA,NA,NA,NA,0,0,NA,Invariant,Undetermined
solanu_rostr.N20B,N20B,solanu_rostr,31,0.18999999999999995,0.14634529452104464,0.0625,0.3333333333333333,0.05476579991427084,7,4,0,Random,Undetermined
aristi_oliga.N4A,N4A,aristi_oliga,31,0.09999999999999998,NA,NA,NA,NA,2,1,NA,Rare,Undetermined
penste_cobae.N4A,N4A,penste_cobae,31,0.09999999999999998,NA,NA,NA,NA,4,2,NA,Rare,Undetermined
teucri_canad.N4A,N4A,teucri_canad,31,0.31999999999999995,0.0048793920520536944,0.0625,0.6,NA,3,2,1,Increasing,Directional
argemo_polya.N4D,N4D,argemo_polya,31,0.13,1,0.125,0.13333333333333333,1.2238218346433187e-5,2,1,0,Clumped,Non-directional
celtis_occid.N4D,N4D,celtis_occid,31,0.52,0.20250799155863133,0,0.2,0.0560820490128325,4,2,0,Random,Undetermined
eriger_annuu.N4D,N4D,eriger_annuu,31,0.35,0.016999777502603453,0.125,0.6,NA,7,4,1,Increasing,Directional
grinde_squar.N4D,N4D,grinde_squar,31,0.16000000000000003,0.2909855017348392,0.0625,0.26666666666666666,0.39382529300283187,8,4,0,Random,Undetermined
mentze_oligo.N4D,N4D,mentze_oligo,31,0.29000000000000004,0.08941437300482474,0.125,0.4666666666666667,0.001241434005125989,6,3,0,Recurrent,Non-directional
physal_virgi.N4D,N4D,physal_virgi,31,0.29000000000000004,0.012764441573415098,0.0625,0.5333333333333333,NA,3,2,1,Increasing,Directional
krigia_cespi.4A,4A,krigia_cespi,31,0.26,0.03082268374448432,0.0625,0.4666666666666667,NA,12,6,1,Increasing,Directional
muhlen_racem.4B,4B,muhlen_racem,31,0.29000000000000004,0.012764441573415098,0.0625,0.5333333333333333,NA,7,4,1,Increasing,Directional
chaero_procu.N1B,N1B,chaero_procu,31,0.030000000000000027,NA,NA,NA,NA,2,1,NA,Rare,Undetermined
gledit_triac.N1B,N1B,gledit_triac,31,0.18999999999999995,0.14634529452104464,0.0625,0.3333333333333333,0.002589305566365421,5,3,0,Recurrent,Non-directional
opunti_macro.N1B,N1B,opunti_macro,31,0.22999999999999998,0.06934084351022943,0.0625,0.4,1.432305454886208e-4,4,2,0,Recurrent,Non-directional
planta_arist.N1B,N1B,planta_arist,31,0.06000000000000005,NA,NA,NA,NA,4,2,NA,Rare,Undetermined
grinde_squar.N4A,N4A,grinde_squar,31,0.52,0.09348810510448448,0,0.26666666666666666,0.2055398893616577,6,3,0,Random,Undetermined
pariet_pensy.N4A,N4A,pariet_pensy,31,0.030000000000000027,NA,NA,NA,NA,2,1,NA,Rare,Undetermined
solanu_carol.N4A,N4A,solanu_carol,31,0.16000000000000003,0.2909855017348392,0.0625,0.26666666666666666,8.89012572017322e-5,3,2,0,Recurrent,Non-directional
hierac_longi.1D,1D,hierac_longi,31,0.48,1.9070231506884455e-7,0,1,NA,1,1,1,Increasing,Directional
erecht_hiera.20B,20B,erecht_hiera,31,0.29000000000000004,0.001030537674362584,0,0.6,NA,5,3,1,Increasing,Directional
fallop_scand.20B,20B,fallop_scand,31,0.39,2.6574051326725527e-5,0,0.8,NA,7,4,1,Increasing,Directional
oenoth_curti.20B,20B,oenoth_curti,31,0.030000000000000027,NA,NA,NA,NA,2,1,NA,Rare,Undetermined
grinde_squar.N1B,N1B,grinde_squar,31,0.35,1.0065448155418538e-4,0,0.7333333333333333,NA,5,3,1,Increasing,Directional
monard_fistu.N1B,N1B,monard_fistu,31,0.06000000000000005,NA,NA,NA,NA,4,2,NA,Rare,Undetermined
cuscut_glome.N20B,N20B,cuscut_glome,31,0.030000000000000027,NA,NA,NA,NA,2,1,NA,Rare,Undetermined
cynanc_laeve.N20B,N20B,cynanc_laeve,31,0.16000000000000003,0.04204028171591283,0,0.3333333333333333,NA,5,3,1,Increasing,Directional
setari_pumil.N20B,N20B,setari_pumil,31,0.030000000000000027,NA,NA,NA,NA,2,1,NA,Rare,Undetermined
junipe_virgi.N4D,N4D,junipe_virgi,31,0.030000000000000027,NA,NA,NA,NA,2,1,NA,Rare,Undetermined
panicu_capil.20B,20B,panicu_capil,31,0.06000000000000005,NA,NA,NA,NA,4,2,NA,Rare,Undetermined
solanu_ptyca.20B,20B,solanu_ptyca,31,0.06000000000000005,NA,NA,NA,NA,4,2,NA,Rare,Undetermined
agerat_altis.4A,4A,agerat_altis,31,0.39,2.6574051326725527e-5,0,0.8,NA,3,2,1,Increasing,Directional
prunel_vulga.N1B,N1B,prunel_vulga,31,0.06000000000000005,NA,NA,NA,NA,2,1,NA,Rare,Undetermined
veroni_agres.N1B,N1B,veroni_agres,31,0.030000000000000027,NA,NA,NA,NA,2,1,NA,Rare,Undetermined
chlori_verti.N20B,N20B,chlori_verti,31,0.31999999999999995,3.387421033652586e-4,0,0.6666666666666666,NA,5,3,1,Increasing,Directional
desmod_sessi.N20B,N20B,desmod_sessi,31,0.42000000000000004,6.105499724505564e-6,0,0.8666666666666667,NA,3,2,1,Increasing,Directional
panicu_capil.N20B,N20B,panicu_capil,31,0.16000000000000003,0.04204028171591283,0,0.3333333333333333,NA,7,4,1,Increasing,Directional
scutel_parvu.N20B,N20B,scutel_parvu,31,0.18999999999999995,0.018164489689699026,0,0.4,NA,5,3,1,Increasing,Directional
verben_urtic.N20B,N20B,verben_urtic,31,0.22999999999999998,0.0074558999955622735,0,0.4666666666666667,NA,5,3,1,Increasing,Directional
eriger_phila.N4A,N4A,eriger_phila,31,0.09999999999999998,NA,NA,NA,NA,4,2,NA,Rare,Undetermined
veroni_agres.N4A,N4A,veroni_agres,31,0.030000000000000027,NA,NA,NA,NA,2,1,NA,Rare,Undetermined
galium_circa.N4D,N4D,galium_circa,31,0.29000000000000004,0.001030537674362584,0,0.6,NA,3,2,1,Increasing,Directional
helian_annuu.N4D,N4D,helian_annuu,31,0.030000000000000027,NA,NA,NA,NA,2,1,NA,Rare,Undetermined
setari_pumil.N4D,N4D,setari_pumil,31,0.06000000000000005,NA,NA,NA,NA,4,2,NA,Rare,Undetermined
ambros_artem.1D,1D,ambros_artem,31,0.030000000000000027,NA,NA,NA,NA,2,1,NA,Rare,Undetermined
agerat_altis.20B,20B,agerat_altis,31,0.35,1.0065448155418538e-4,0,0.7333333333333333,NA,5,3,1,Increasing,Directional
pseudo_obtus.20B,20B,pseudo_obtus,31,0.16000000000000003,0.04204028171591283,0,0.3333333333333333,NA,5,3,1,Increasing,Directional
erecht_hiera.4A,4A,erecht_hiera,31,0.16000000000000003,0.04204028171591283,0,0.3333333333333333,NA,6,3,1,Increasing,Directional
erecht_hiera.4B,4B,erecht_hiera,31,0.13,0.09348810510448448,0,0.26666666666666666,0.8097008933768095,8,4,0,Random,Undetermined
carex_austr.N1B,N1B,carex_austr,31,0.42000000000000004,6.105499724505564e-6,0,0.8666666666666667,NA,1,1,1,Increasing,Directional
carex_austr.N20B,N20B,carex_austr,31,0.39,2.6574051326725527e-5,0,0.8,NA,3,2,1,Increasing,Directional
grinde_squar.N20B,N20B,grinde_squar,31,0.39,2.6574051326725527e-5,0,0.8,NA,3,2,1,Increasing,Directional
medica_lupul.N20B,N20B,medica_lupul,31,0.22999999999999998,0.0074558999955622735,0,0.4666666666666667,NA,5,3,1,Increasing,Directional
apocyn_canna.N4A,N4A,apocyn_canna,31,0.030000000000000027,NA,NA,NA,NA,2,1,NA,Rare,Undetermined
carex_austr.N4A,N4A,carex_austr,31,0.42000000000000004,6.105499724505564e-6,0,0.8666666666666667,NA,1,1,1,Increasing,Directional
chamae_fasci.N4A,N4A,chamae_fasci,31,0.06000000000000005,NA,NA,NA,NA,4,2,NA,Rare,Undetermined
eriger_annuu.N4A,N4A,eriger_annuu,31,0.13,0.09348810510448448,0,0.26666666666666666,0.2055398893616577,6,3,0,Random,Undetermined
viola_nephr.N4A,N4A,viola_nephr,31,0.030000000000000027,NA,NA,NA,NA,2,1,NA,Rare,Undetermined
carex_austr.N4D,N4D,carex_austr,31,0.42000000000000004,6.105499724505564e-6,0,0.8666666666666667,NA,1,1,1,Increasing,Directional
chlori_verti.N4D,N4D,chlori_verti,31,0.29000000000000004,0.001030537674362584,0,0.6,NA,3,2,1,Increasing,Directional
eleoch_compr.N4D,N4D,eleoch_compr,31,0.09999999999999998,NA,NA,NA,NA,4,2,NA,Rare,Undetermined
planta_virgi.N4D,N4D,planta_virgi,31,0.29000000000000004,0.001030537674362584,0,0.6,NA,3,2,1,Increasing,Directional
toxico_radic.N4D,N4D,toxico_radic,31,0.42000000000000004,6.105499724505564e-6,0,0.8666666666666667,NA,1,1,1,Increasing,Directional
verbas_blatt.N4D,N4D,verbas_blatt,31,0.16000000000000003,0.04204028171591283,0,0.3333333333333333,NA,5,3,1,Increasing,Directional
toxico_radic.4B,4B,toxico_radic,31,0.13,0.09348810510448448,0,0.26666666666666666,1.2238218346433187e-5,2,1,0,Clumped,Non-directional
verben_urtic.4B,4B,verben_urtic,31,0.29000000000000004,0.001030537674362584,0,0.6,NA,5,3,1,Increasing,Directional
medica_lupul.N1B,N1B,medica_lupul,31,0.16000000000000003,0.04204028171591283,0,0.3333333333333333,NA,5,3,1,Increasing,Directional
agerat_altis.N20B,N20B,agerat_altis,31,0.39,2.6574051326725527e-5,0,0.8,NA,1,1,1,Increasing,Directional
carex_bland.N20B,N20B,carex_bland,31,0.030000000000000027,NA,NA,NA,NA,2,1,NA,Rare,Undetermined
rubus_pensi.N20B,N20B,rubus_pensi,31,0.39,2.6574051326725527e-5,0,0.8,NA,1,1,1,Increasing,Directional
dichan_ovale.N4D,N4D,dichan_ovale,31,0.29000000000000004,0.001030537674362584,0,0.6,NA,5,3,1,Increasing,Directional
senna_maril.20B,20B,senna_maril,31,0.13,0.09348810510448448,0,0.26666666666666666,0.2055398893616577,6,3,0,Random,Undetermined
solida_speci.N1B,N1B,solida_speci,31,0.18999999999999995,0.018164489689699026,0,0.4,NA,6,3,1,Increasing,Directional
galium_circa.N20B,N20B,galium_circa,31,0.31999999999999995,3.387421033652586e-4,0,0.6666666666666666,NA,3,2,1,Increasing,Directional
ribes_misso.N20B,N20B,ribes_misso,31,0.09999999999999998,NA,NA,NA,NA,3,2,NA,Rare,Undetermined
securi_varia.N20B,N20B,securi_varia,31,0.31999999999999995,3.387421033652586e-4,0,0.6666666666666666,NA,3,2,1,Increasing,Directional
carex_austr.1D,1D,carex_austr,31,0.030000000000000027,NA,NA,NA,NA,2,1,NA,Rare,Undetermined
carex_austr.4A,4A,carex_austr,31,0.06000000000000005,NA,NA,NA,NA,2,1,NA,Rare,Undetermined
desmod_panic.4B,4B,desmod_panic,31,0.13,0.09348810510448448,0,0.26666666666666666,0.005854677406542337,4,2,0,Recurrent,Non-directional
sporob_vagin.N1B,N1B,sporob_vagin,31,0.29000000000000004,0.001030537674362584,0,0.6,NA,3,2,1,Increasing,Directional
toxico_radic.N1B,N1B,toxico_radic,31,0.030000000000000027,NA,NA,NA,NA,2,1,NA,Rare,Undetermined
desmod_panic.N20B,N20B,desmod_panic,31,0.18999999999999995,0.018164489689699026,0,0.4,NA,5,3,1,Increasing,Directional
fallop_scand.N20B,N20B,fallop_scand,31,0.09999999999999998,NA,NA,NA,NA,6,3,NA,Rare,Undetermined
leersi_oryzo.N20B,N20B,leersi_oryzo,31,0.030000000000000027,NA,NA,NA,NA,2,1,NA,Rare,Undetermined
desmod_panic.N4A,N4A,desmod_panic,31,0.18999999999999995,0.018164489689699026,0,0.4,NA,4,2,1,Increasing,Directional
dianth_armer.N4A,N4A,dianth_armer,31,0.29000000000000004,0.001030537674362584,0,0.6,NA,3,2,1,Increasing,Directional
oenoth_bienn.N4A,N4A,oenoth_bienn,31,0.13,0.09348810510448448,0,0.26666666666666666,1.2238218346433187e-5,2,1,0,Clumped,Non-directional
asclep_tuber.1D,1D,asclep_tuber,31,0.18999999999999995,0.018164489689699026,0,0.4,NA,3,2,1,Increasing,Directional
desmod_panic.20B,20B,desmod_panic,31,0.13,0.09348810510448448,0,0.26666666666666666,1.2238218346433187e-5,2,1,0,Clumped,Non-directional
echina_angus.4A,4A,echina_angus,31,0.030000000000000027,NA,NA,NA,NA,2,1,NA,Rare,Undetermined
opunti_macro.4B,4B,opunti_macro,31,0.030000000000000027,NA,NA,NA,NA,2,1,NA,Rare,Undetermined
prunus_ameri.N1B,N1B,prunus_ameri,31,0.030000000000000027,NA,NA,NA,NA,2,1,NA,Rare,Undetermined
toxico_radic.N20B,N20B,toxico_radic,31,0.16000000000000003,0.04204028171591283,0,0.3333333333333333,NA,5,3,1,Increasing,Directional
symphy_pilos.N4D,N4D,symphy_pilos,31,0.22999999999999998,0.0074558999955622735,0,0.4666666666666667,NA,3,2,1,Increasing,Directional
cuscut_coryl.20B,20B,cuscut_coryl,31,0.09999999999999998,NA,NA,NA,NA,6,3,NA,Rare,Undetermined
euphor_david.20B,20B,euphor_david,31,0.22999999999999998,0.0074558999955622735,0,0.4666666666666667,NA,2,1,1,Increasing,Directional
galium_circa.20B,20B,galium_circa,31,0.13,0.09348810510448448,0,0.26666666666666666,0.005854677406542337,4,2,0,Recurrent,Non-directional
oxalis_dille.20B,20B,oxalis_dille,31,0.26,0.0028758670616075917,0,0.5333333333333333,NA,1,1,1,Increasing,Directional
rubus_occid.20B,20B,rubus_occid,31,0.26,0.0028758670616075917,0,0.5333333333333333,NA,1,1,1,Increasing,Directional
smilax_tamno.20B,20B,smilax_tamno,31,0.13,0.09348810510448448,0,0.26666666666666666,0.2055398893616577,6,3,0,Random,Undetermined
tragia_ramos.20B,20B,tragia_ramos,31,0.18999999999999995,0.018164489689699026,0,0.4,NA,4,2,1,Increasing,Directional
cuscut_indec.4A,4A,cuscut_indec,31,0.09999999999999998,NA,NA,NA,NA,4,2,NA,Rare,Undetermined
ophiog_vulga.4A,4A,ophiog_vulga,31,0.22999999999999998,0.0074558999955622735,0,0.4666666666666667,NA,2,1,1,Increasing,Directional
oxalis_dille.4A,4A,oxalis_dille,31,0.22999999999999998,0.0074558999955622735,0,0.4666666666666667,NA,2,1,1,Increasing,Directional
planta_virgi.4A,4A,planta_virgi,31,0.16000000000000003,0.04204028171591283,0,0.3333333333333333,NA,6,3,1,Increasing,Directional
celast_scand.4B,4B,celast_scand,31,0.22999999999999998,0.0074558999955622735,0,0.4666666666666667,NA,3,2,1,Increasing,Directional
cuscut_glome.4B,4B,cuscut_glome,31,0.06000000000000005,NA,NA,NA,NA,4,2,NA,Rare,Undetermined
cuscut_indec.4B,4B,cuscut_indec,31,0.13,0.09348810510448448,0,0.26666666666666666,0.005854677406542337,4,2,0,Recurrent,Non-directional
desmod_perpl.4B,4B,desmod_perpl,31,0.18999999999999995,0.018164489689699026,0,0.4,NA,3,2,1,Increasing,Directional
oxalis_dille.4B,4B,oxalis_dille,31,0.22999999999999998,0.0074558999955622735,0,0.4666666666666667,NA,2,1,1,Increasing,Directional
physal_virgi.4B,4B,physal_virgi,31,0.26,0.0028758670616075917,0,0.5333333333333333,NA,1,1,1,Increasing,Directional
solida_speci.4B,4B,solida_speci,31,0.06000000000000005,NA,NA,NA,NA,2,1,NA,Rare,Undetermined
vitis_ripar.4B,4B,vitis_ripar,31,0.13,0.09348810510448448,0,0.26666666666666666,3.755965225892386e-4,3,2,0,Recurrent,Non-directional
coryda_micra.N1B,N1B,coryda_micra,31,0.09999999999999998,NA,NA,NA,NA,6,3,NA,Rare,Undetermined
eragro_cilia.N1B,N1B,eragro_cilia,31,0.030000000000000027,NA,NA,NA,NA,2,1,NA,Rare,Undetermined
euphor_david.N1B,N1B,euphor_david,31,0.16000000000000003,0.04204028171591283,0,0.3333333333333333,NA,7,4,1,Increasing,Directional
euphor_macul.N1B,N1B,euphor_macul,31,0.26,0.0028758670616075917,0,0.5333333333333333,NA,1,1,1,Increasing,Directional
oxalis_dille.N1B,N1B,oxalis_dille,31,0.26,0.0028758670616075917,0,0.5333333333333333,NA,1,1,1,Increasing,Directional
tragia_ramos.N1B,N1B,tragia_ramos,31,0.26,0.0028758670616075917,0,0.5333333333333333,NA,1,1,1,Increasing,Directional
veroni_arven.N1B,N1B,veroni_arven,31,0.18999999999999995,0.018164489689699026,0,0.4,NA,5,3,1,Increasing,Directional
viola_misso.N1B,N1B,viola_misso,31,0.26,0.0028758670616075917,0,0.5333333333333333,NA,1,1,1,Increasing,Directional
arnogl_plant.N20B,N20B,arnogl_plant,31,0.09999999999999998,NA,NA,NA,NA,4,2,NA,Rare,Undetermined
botryc_virgi.N20B,N20B,botryc_virgi,31,0.18999999999999995,0.018164489689699026,0,0.4,NA,3,2,1,Increasing,Directional
coryph_misso.N20B,N20B,coryph_misso,31,0.26,0.0028758670616075917,0,0.5333333333333333,NA,1,1,1,Increasing,Directional
desmod_perpl.N20B,N20B,desmod_perpl,31,0.26,0.0028758670616075917,0,0.5333333333333333,NA,1,1,1,Increasing,Directional
draba_cunei.N20B,N20B,draba_cunei,31,0.26,0.0028758670616075917,0,0.5333333333333333,NA,1,1,1,Increasing,Directional
euphor_david.N20B,N20B,euphor_david,31,0.22999999999999998,0.0074558999955622735,0,0.4666666666666667,NA,3,2,1,Increasing,Directional
euphor_macul.N20B,N20B,euphor_macul,31,0.22999999999999998,0.0074558999955622735,0,0.4666666666666667,NA,3,2,1,Increasing,Directional
morus_alba.N20B,N20B,morus_alba,31,0.26,0.0028758670616075917,0,0.5333333333333333,NA,1,1,1,Increasing,Directional
oxalis_dille.N20B,N20B,oxalis_dille,31,0.26,0.0028758670616075917,0,0.5333333333333333,NA,1,1,1,Increasing,Directional
phryma_lepto.N20B,N20B,phryma_lepto,31,0.06000000000000005,NA,NA,NA,NA,4,2,NA,Rare,Undetermined
planta_virgi.N20B,N20B,planta_virgi,31,0.26,0.0028758670616075917,0,0.5333333333333333,NA,1,1,1,Increasing,Directional
setari_virid.N20B,N20B,setari_virid,31,0.26,0.0028758670616075917,0,0.5333333333333333,NA,1,1,1,Increasing,Directional
solida_gigan.N20B,N20B,solida_gigan,31,0.26,0.0028758670616075917,0,0.5333333333333333,NA,1,1,1,Increasing,Directional
sporob_vagin.N20B,N20B,sporob_vagin,31,0.26,0.0028758670616075917,0,0.5333333333333333,NA,1,1,1,Increasing,Directional
tragia_ramos.N20B,N20B,tragia_ramos,31,0.26,0.0028758670616075917,0,0.5333333333333333,NA,1,1,1,Increasing,Directional
ulmus_rubra.N20B,N20B,ulmus_rubra,31,0.26,0.0028758670616075917,0,0.5333333333333333,NA,1,1,1,Increasing,Directional
veroni_arven.N20B,N20B,veroni_arven,31,0.22999999999999998,0.0074558999955622735,0,0.4666666666666667,NA,3,2,1,Increasing,Directional
viola_misso.N20B,N20B,viola_misso,31,0.26,0.0028758670616075917,0,0.5333333333333333,NA,1,1,1,Increasing,Directional
vitis_ripar.N20B,N20B,vitis_ripar,31,0.18999999999999995,0.018164489689699026,0,0.4,NA,3,2,1,Increasing,Directional
cuscut_indec.N4A,N4A,cuscut_indec,31,0.06000000000000005,NA,NA,NA,NA,3,2,NA,Rare,Undetermined
desmod_perpl.N4A,N4A,desmod_perpl,31,0.18999999999999995,0.018164489689699026,0,0.4,NA,3,2,1,Increasing,Directional
oxalis_dille.N4A,N4A,oxalis_dille,31,0.26,0.0028758670616075917,0,0.5333333333333333,NA,1,1,1,Increasing,Directional
planta_virgi.N4A,N4A,planta_virgi,31,0.26,0.0028758670616075917,0,0.5333333333333333,NA,1,1,1,Increasing,Directional
polygo_avicu.N4A,N4A,polygo_avicu,31,0.16000000000000003,0.04204028171591283,0,0.3333333333333333,NA,4,2,1,Increasing,Directional
rubus_pensi.N4A,N4A,rubus_pensi,31,0.26,0.0028758670616075917,0,0.5333333333333333,NA,1,1,1,Increasing,Directional
spiran_verna.N4A,N4A,spiran_verna,31,0.09999999999999998,NA,NA,NA,NA,5,3,NA,Rare,Undetermined
sporob_vagin.N4A,N4A,sporob_vagin,31,0.26,0.0028758670616075917,0,0.5333333333333333,NA,1,1,1,Increasing,Directional
tragia_ramos.N4A,N4A,tragia_ramos,31,0.26,0.0028758670616075917,0,0.5333333333333333,NA,1,1,1,Increasing,Directional
tricho_brach.N4A,N4A,tricho_brach,31,0.06000000000000005,NA,NA,NA,NA,4,2,NA,Rare,Undetermined
arenar_serpy.N4D,N4D,arenar_serpy,31,0.06000000000000005,NA,NA,NA,NA,3,2,NA,Rare,Undetermined
botryc_virgi.N4D,N4D,botryc_virgi,31,0.26,0.0028758670616075917,0,0.5333333333333333,NA,1,1,1,Increasing,Directional
coryda_micra.N4D,N4D,coryda_micra,31,0.06000000000000005,NA,NA,NA,NA,4,2,NA,Rare,Undetermined
cuscut_glome.N4D,N4D,cuscut_glome,31,0.06000000000000005,NA,NA,NA,NA,4,2,NA,Rare,Undetermined
desmod_perpl.N4D,N4D,desmod_perpl,31,0.26,0.0028758670616075917,0,0.5333333333333333,NA,1,1,1,Increasing,Directional
euphor_david.N4D,N4D,euphor_david,31,0.16000000000000003,0.04204028171591283,0,0.3333333333333333,NA,7,4,1,Increasing,Directional
euphor_macul.N4D,N4D,euphor_macul,31,0.26,0.0028758670616075917,0,0.5333333333333333,NA,1,1,1,Increasing,Directional
oxalis_dille.N4D,N4D,oxalis_dille,31,0.26,0.0028758670616075917,0,0.5333333333333333,NA,1,1,1,Increasing,Directional
parthe_quinq.N4D,N4D,parthe_quinq,31,0.26,0.0028758670616075917,0,0.5333333333333333,NA,1,1,1,Increasing,Directional
paspal_setac.N4D,N4D,paspal_setac,31,0.26,0.0028758670616075917,0,0.5333333333333333,NA,1,1,1,Increasing,Directional
solida_speci.N4D,N4D,solida_speci,31,0.26,0.0028758670616075917,0,0.5333333333333333,NA,1,1,1,Increasing,Directional
sporob_vagin.N4D,N4D,sporob_vagin,31,0.26,0.0028758670616075917,0,0.5333333333333333,NA,1,1,1,Increasing,Directional
tragia_ramos.N4D,N4D,tragia_ramos,31,0.26,0.0028758670616075917,0,0.5333333333333333,NA,1,1,1,Increasing,Directional
veroni_arven.N4D,N4D,veroni_arven,31,0.26,0.0028758670616075917,0,0.5333333333333333,NA,1,1,1,Increasing,Directional
viola_misso.N4D,N4D,viola_misso,31,0.26,0.0028758670616075917,0,0.5333333333333333,NA,1,1,1,Increasing,Directional
zizia_aurea.N4D,N4D,zizia_aurea,31,0.030000000000000027,NA,NA,NA,NA,2,1,NA,Rare,Undetermined
erecht_hiera.1D,1D,erecht_hiera,31,0.09999999999999998,NA,NA,NA,NA,4,2,NA,Rare,Undetermined
panicu_capil.1D,1D,panicu_capil,31,0.06000000000000005,NA,NA,NA,NA,4,2,NA,Rare,Undetermined
hackel_virgi.20B,20B,hackel_virgi,31,0.18999999999999995,0.018164489689699026,0,0.4,NA,2,1,1,Increasing,Directional
ophiog_vulga.20B,20B,ophiog_vulga,31,0.030000000000000027,NA,NA,NA,NA,2,1,NA,Rare,Undetermined
opunti_macro.20B,20B,opunti_macro,31,0.09999999999999998,NA,NA,NA,NA,4,2,NA,Rare,Undetermined
viola_misso.20B,20B,viola_misso,31,0.22999999999999998,0.0074558999955622735,0,0.4666666666666667,NA,1,1,1,Increasing,Directional
euphor_denta.4A,4A,euphor_denta,31,0.06000000000000005,NA,NA,NA,NA,2,1,NA,Rare,Undetermined
euphor_macul.4A,4A,euphor_macul,31,0.030000000000000027,NA,NA,NA,NA,2,1,NA,Rare,Undetermined
pseudo_obtus.4A,4A,pseudo_obtus,31,0.06000000000000005,NA,NA,NA,NA,4,2,NA,Rare,Undetermined
apocyn_canna.N1B,N1B,apocyn_canna,31,0.09999999999999998,NA,NA,NA,NA,3,2,NA,Rare,Undetermined
chlori_verti.N1B,N1B,chlori_verti,31,0.22999999999999998,0.0074558999955622735,0,0.4666666666666667,NA,1,1,1,Increasing,Directional
evolvu_nutta.N1B,N1B,evolvu_nutta,31,0.06000000000000005,NA,NA,NA,NA,4,2,NA,Rare,Undetermined
paspal_setac.N1B,N1B,paspal_setac,31,0.22999999999999998,0.0074558999955622735,0,0.4666666666666667,NA,1,1,1,Increasing,Directional
physal_longi.N1B,N1B,physal_longi,31,0.030000000000000027,NA,NA,NA,NA,2,1,NA,Rare,Undetermined
symphy_lance.N1B,N1B,symphy_lance,31,0.030000000000000027,NA,NA,NA,NA,2,1,NA,Rare,Undetermined
carex_grise.N20B,N20B,carex_grise,31,0.22999999999999998,0.0074558999955622735,0,0.4666666666666667,NA,1,1,1,Increasing,Directional
chenop_album.N20B,N20B,chenop_album,31,0.06000000000000005,NA,NA,NA,NA,4,2,NA,Rare,Undetermined
cuscut_indec.N20B,N20B,cuscut_indec,31,0.09999999999999998,NA,NA,NA,NA,3,2,NA,Rare,Undetermined
leucos_multi.N20B,N20B,leucos_multi,31,0.13,0.09348810510448448,0,0.26666666666666666,0.047322364103480605,5,3,0,Recurrent,Non-directional
ophiog_vulga.N20B,N20B,ophiog_vulga,31,0.18999999999999995,0.018164489689699026,0,0.4,NA,3,2,1,Increasing,Directional
physal_longi.N20B,N20B,physal_longi,31,0.030000000000000027,NA,NA,NA,NA,2,1,NA,Rare,Undetermined
rubus_occid.N20B,N20B,rubus_occid,31,0.22999999999999998,0.0074558999955622735,0,0.4666666666666667,NA,1,1,1,Increasing,Directional
celtis_occid.N4A,N4A,celtis_occid,31,0.16000000000000003,0.04204028171591283,0,0.3333333333333333,NA,4,2,1,Increasing,Directional
erecht_hiera.N4A,N4A,erecht_hiera,31,0.06000000000000005,NA,NA,NA,NA,4,2,NA,Rare,Undetermined
euphor_denta.N4A,N4A,euphor_denta,31,0.13,0.09348810510448448,0,0.26666666666666666,0.005854677406542337,4,2,0,Recurrent,Non-directional
euphor_macul.N4A,N4A,euphor_macul,31,0.18999999999999995,0.018164489689699026,0,0.4,NA,3,2,1,Increasing,Directional
oenoth_villo.N4A,N4A,oenoth_villo,31,0.18999999999999995,0.018164489689699026,0,0.4,NA,3,2,1,Increasing,Directional
pyrus_calle.N4A,N4A,pyrus_calle,31,0.16000000000000003,0.04204028171591283,0,0.3333333333333333,NA,5,3,1,Increasing,Directional
sanicu_canad.N4A,N4A,sanicu_canad,31,0.16000000000000003,0.04204028171591283,0,0.3333333333333333,NA,3,2,1,Increasing,Directional
verbas_blatt.N4A,N4A,verbas_blatt,31,0.030000000000000027,NA,NA,NA,NA,2,1,NA,Rare,Undetermined
carex_grise.N4D,N4D,carex_grise,31,0.22999999999999998,0.0074558999955622735,0,0.4666666666666667,NA,1,1,1,Increasing,Directional
commel_erect.N4D,N4D,commel_erect,31,0.06000000000000005,NA,NA,NA,NA,2,1,NA,Rare,Undetermined
sanicu_canad.N4D,N4D,sanicu_canad,31,0.22999999999999998,0.0074558999955622735,0,0.4666666666666667,NA,1,1,1,Increasing,Directional
parthe_quinq.20B,20B,parthe_quinq,31,0.18999999999999995,0.018164489689699026,0,0.4,NA,1,1,1,Increasing,Directional
solanu_rostr.20B,20B,solanu_rostr,31,0.030000000000000027,NA,NA,NA,NA,2,1,NA,Rare,Undetermined
torili_arven.20B,20B,torili_arven,31,0.16000000000000003,0.04204028171591283,0,0.3333333333333333,NA,3,2,1,Increasing,Directional
vitis_ripar.20B,20B,vitis_ripar,31,0.030000000000000027,NA,NA,NA,NA,2,1,NA,Rare,Undetermined
oenoth_serru.4A,4A,oenoth_serru,31,0.13,0.09348810510448448,0,0.26666666666666666,1.2238218346433187e-5,2,1,0,Clumped,Non-directional
rubus_pensi.4A,4A,rubus_pensi,31,0.18999999999999995,0.018164489689699026,0,0.4,NA,1,1,1,Increasing,Directional
ulmus_rubra.4A,4A,ulmus_rubra,31,0.06000000000000005,NA,NA,NA,NA,4,2,NA,Rare,Undetermined
ambros_trifi.4B,4B,ambros_trifi,31,0.030000000000000027,NA,NA,NA,NA,2,1,NA,Rare,Undetermined
carex_austr.4B,4B,carex_austr,31,0.16000000000000003,0.04204028171591283,0,0.3333333333333333,NA,3,2,1,Increasing,Directional
oenoth_villo.4B,4B,oenoth_villo,31,0.06000000000000005,NA,NA,NA,NA,4,2,NA,Rare,Undetermined
rubus_occid.4B,4B,rubus_occid,31,0.18999999999999995,0.018164489689699026,0,0.4,NA,1,1,1,Increasing,Directional
ulmus_rubra.4B,4B,ulmus_rubra,31,0.16000000000000003,0.04204028171591283,0,0.3333333333333333,NA,3,2,1,Increasing,Directional
viola_misso.4B,4B,viola_misso,31,0.09999999999999998,NA,NA,NA,NA,4,2,NA,Rare,Undetermined
carex_grise.N1B,N1B,carex_grise,31,0.18999999999999995,0.018164489689699026,0,0.4,NA,1,1,1,Increasing,Directional
cuscut_indec.N1B,N1B,cuscut_indec,31,0.09999999999999998,NA,NA,NA,NA,4,2,NA,Rare,Undetermined
monole_nutta.N1B,N1B,monole_nutta,31,0.16000000000000003,0.04204028171591283,0,0.3333333333333333,NA,3,2,1,Increasing,Directional
oenoth_villo.N1B,N1B,oenoth_villo,31,0.16000000000000003,0.04204028171591283,0,0.3333333333333333,NA,3,2,1,Increasing,Directional
cratae_molli.N20B,N20B,cratae_molli,31,0.16000000000000003,0.04204028171591283,0,0.3333333333333333,NA,3,2,1,Increasing,Directional
hackel_virgi.N20B,N20B,hackel_virgi,31,0.06000000000000005,NA,NA,NA,NA,4,2,NA,Rare,Undetermined
malvas_angus.N20B,N20B,malvas_angus,31,0.06000000000000005,NA,NA,NA,NA,3,2,NA,Rare,Undetermined
pseudo_obtus.N20B,N20B,pseudo_obtus,31,0.030000000000000027,NA,NA,NA,NA,2,1,NA,Rare,Undetermined
sanicu_canad.N20B,N20B,sanicu_canad,31,0.18999999999999995,0.018164489689699026,0,0.4,NA,1,1,1,Increasing,Directional
agerat_altis.N4A,N4A,agerat_altis,31,0.16000000000000003,0.04204028171591283,0,0.3333333333333333,NA,3,2,1,Increasing,Directional
desmod_canes.N4A,N4A,desmod_canes,31,0.030000000000000027,NA,NA,NA,NA,2,1,NA,Rare,Undetermined
draba_brach.N4A,N4A,draba_brach,31,0.13,0.09348810510448448,0,0.26666666666666666,1.2238218346433187e-5,2,1,0,Clumped,Non-directional
lepidi_virgi.N4A,N4A,lepidi_virgi,31,0.18999999999999995,0.018164489689699026,0,0.4,NA,1,1,1,Increasing,Directional
lesped_xmann.N4A,N4A,lesped_xmann,31,0.18999999999999995,0.018164489689699026,0,0.4,NA,1,1,1,Increasing,Directional
ulmus_rubra.N4A,N4A,ulmus_rubra,31,0.030000000000000027,NA,NA,NA,NA,2,1,NA,Rare,Undetermined
verben_urtic.N4A,N4A,verben_urtic,31,0.13,0.09348810510448448,0,0.26666666666666666,3.755965225892386e-4,3,2,0,Recurrent,Non-directional
veroni_arven.N4A,N4A,veroni_arven,31,0.18999999999999995,0.018164489689699026,0,0.4,NA,1,1,1,Increasing,Directional
anemon_carol.N4D,N4D,anemon_carol,31,0.06000000000000005,NA,NA,NA,NA,2,1,NA,Rare,Undetermined
oenoth_villo.N4D,N4D,oenoth_villo,31,0.16000000000000003,0.04204028171591283,0,0.3333333333333333,NA,3,2,1,Increasing,Directional
polygo_avicu.N4D,N4D,polygo_avicu,31,0.030000000000000027,NA,NA,NA,NA,2,1,NA,Rare,Undetermined
rubus_occid.N4D,N4D,rubus_occid,31,0.18999999999999995,0.018164489689699026,0,0.4,NA,1,1,1,Increasing,Directional
solida_canad.N4D,N4D,solida_canad,31,0.18999999999999995,0.018164489689699026,0,0.4,NA,1,1,1,Increasing,Directional
taraxa_offic.N4D,N4D,taraxa_offic,31,0.030000000000000027,NA,NA,NA,NA,2,1,NA,Rare,Undetermined
zantho_ameri.N4D,N4D,zantho_ameri,31,0.13,0.09348810510448448,0,0.26666666666666666,3.755965225892386e-4,3,2,0,Recurrent,Non-directional
teucri_canad.1D,1D,teucri_canad,31,0.13,0.09348810510448448,0,0.26666666666666666,3.755965225892386e-4,3,2,0,Recurrent,Non-directional
desmod_perpl.20B,20B,desmod_perpl,31,0.16000000000000003,0.04204028171591283,0,0.3333333333333333,NA,1,1,1,Increasing,Directional
lonice_maack.20B,20B,lonice_maack,31,0.16000000000000003,0.04204028171591283,0,0.3333333333333333,NA,1,1,1,Increasing,Directional
pyrus_calle.20B,20B,pyrus_calle,31,0.16000000000000003,0.04204028171591283,0,0.3333333333333333,NA,1,1,1,Increasing,Directional
sanicu_canad.20B,20B,sanicu_canad,31,0.13,0.09348810510448448,0,0.26666666666666666,3.755965225892386e-4,3,2,0,Recurrent,Non-directional
cyperu_xmeso.N1B,N1B,cyperu_xmeso,31,0.06000000000000005,NA,NA,NA,NA,2,1,NA,Rare,Undetermined
mirabi_albid.N1B,N1B,mirabi_albid,31,0.06000000000000005,NA,NA,NA,NA,3,2,NA,Rare,Undetermined
pediom_tenui.N1B,N1B,pediom_tenui,31,0.13,0.09348810510448448,0,0.26666666666666666,3.755965225892386e-4,3,2,0,Recurrent,Non-directional
physal_virgi.N1B,N1B,physal_virgi,31,0.16000000000000003,0.04204028171591283,0,0.3333333333333333,NA,1,1,1,Increasing,Directional
setari_virid.N1B,N1B,setari_virid,31,0.16000000000000003,0.04204028171591283,0,0.3333333333333333,NA,1,1,1,Increasing,Directional
celast_scand.N20B,N20B,celast_scand,31,0.16000000000000003,0.04204028171591283,0,0.3333333333333333,NA,1,1,1,Increasing,Directional
cyperu_xmeso.N20B,N20B,cyperu_xmeso,31,0.13,0.09348810510448448,0,0.26666666666666666,1.2238218346433187e-5,2,1,0,Clumped,Non-directional
lesped_cunea.N20B,N20B,lesped_cunea,31,0.06000000000000005,NA,NA,NA,NA,4,2,NA,Rare,Undetermined
pediom_tenui.N20B,N20B,pediom_tenui,31,0.16000000000000003,0.04204028171591283,0,0.3333333333333333,NA,1,1,1,Increasing,Directional
callir_invol.N4A,N4A,callir_invol,31,0.13,0.09348810510448448,0,0.26666666666666666,3.755965225892386e-4,3,2,0,Recurrent,Non-directional
carex_bickn.N4A,N4A,carex_bickn,31,0.16000000000000003,0.04204028171591283,0,0.3333333333333333,NA,1,1,1,Increasing,Directional
planta_arist.N4A,N4A,planta_arist,31,0.030000000000000027,NA,NA,NA,NA,2,1,NA,Rare,Undetermined
setari_virid.N4A,N4A,setari_virid,31,0.13,0.09348810510448448,0,0.26666666666666666,1.2238218346433187e-5,2,1,0,Clumped,Non-directional
astrag_lotif.N4D,N4D,astrag_lotif,31,0.09999999999999998,NA,NA,NA,NA,2,1,NA,Rare,Undetermined
lesped_cunea.N4D,N4D,lesped_cunea,31,0.030000000000000027,NA,NA,NA,NA,2,1,NA,Rare,Undetermined
pseudo_obtus.N4D,N4D,pseudo_obtus,31,0.09999999999999998,NA,NA,NA,NA,5,3,NA,Rare,Undetermined
setari_virid.N4D,N4D,setari_virid,31,0.06000000000000005,NA,NA,NA,NA,4,2,NA,Rare,Undetermined
carex_austr.20B,20B,carex_austr,31,0.13,0.09348810510448448,0,0.26666666666666666,1.9998841638841e-7,1,1,0,Clumped,Non-directional
tragia_ramos.4A,4A,tragia_ramos,31,0.06000000000000005,NA,NA,NA,NA,3,2,NA,Rare,Undetermined
elymus_virgi.4B,4B,elymus_virgi,31,0.030000000000000027,NA,NA,NA,NA,2,1,NA,Rare,Undetermined
parthe_quinq.4B,4B,parthe_quinq,31,0.06000000000000005,NA,NA,NA,NA,3,2,NA,Rare,Undetermined
lepidi_virgi.N1B,N1B,lepidi_virgi,31,0.030000000000000027,NA,NA,NA,NA,2,1,NA,Rare,Undetermined
euphor_prost.N20B,N20B,euphor_prost,31,0.030000000000000027,NA,NA,NA,NA,2,1,NA,Rare,Undetermined
helian_pauci.N20B,N20B,helian_pauci,31,0.13,0.09348810510448448,0,0.26666666666666666,1.9998841638841e-7,1,1,0,Clumped,Non-directional
paspal_setac.N20B,N20B,paspal_setac,31,0.13,0.09348810510448448,0,0.26666666666666666,1.9998841638841e-7,1,1,0,Clumped,Non-directional
agalin_densi.N4A,N4A,agalin_densi,31,0.030000000000000027,NA,NA,NA,NA,2,1,NA,Rare,Undetermined
carex_grise.N4A,N4A,carex_grise,31,0.13,0.09348810510448448,0,0.26666666666666666,1.9998841638841e-7,1,1,0,Clumped,Non-directional
heliop_helia.N4A,N4A,heliop_helia,31,0.13,0.09348810510448448,0,0.26666666666666666,1.9998841638841e-7,1,1,0,Clumped,Non-directional
polygo_ramos.N4A,N4A,polygo_ramos,31,0.030000000000000027,NA,NA,NA,NA,2,1,NA,Rare,Undetermined
ulmus_ameri.N4A,N4A,ulmus_ameri,31,0.13,0.09348810510448448,0,0.26666666666666666,1.9998841638841e-7,1,1,0,Clumped,Non-directional
draba_brach.N4D,N4D,draba_brach,31,0.030000000000000027,NA,NA,NA,NA,2,1,NA,Rare,Undetermined
persic_hydro.20B,20B,persic_hydro,31,0.09999999999999998,NA,NA,NA,NA,1,1,NA,Rare,Undetermined
phryma_lepto.20B,20B,phryma_lepto,31,0.09999999999999998,NA,NA,NA,NA,1,1,NA,Rare,Undetermined
solida_canad.20B,20B,solida_canad,31,0.09999999999999998,NA,NA,NA,NA,1,1,NA,Rare,Undetermined
oenoth_villo.4A,4A,oenoth_villo,31,0.030000000000000027,NA,NA,NA,NA,2,1,NA,Rare,Undetermined
hackel_virgi.4B,4B,hackel_virgi,31,0.030000000000000027,NA,NA,NA,NA,2,1,NA,Rare,Undetermined
pariet_pensy.4B,4B,pariet_pensy,31,0.06000000000000005,NA,NA,NA,NA,2,1,NA,Rare,Undetermined
buglos_arven.N1B,N1B,buglos_arven,31,0.030000000000000027,NA,NA,NA,NA,2,1,NA,Rare,Undetermined
capsel_bursa.N1B,N1B,capsel_bursa,31,0.030000000000000027,NA,NA,NA,NA,2,1,NA,Rare,Undetermined
cynanc_laeve.N1B,N1B,cynanc_laeve,31,0.030000000000000027,NA,NA,NA,NA,2,1,NA,Rare,Undetermined
desmod_perpl.N1B,N1B,desmod_perpl,31,0.09999999999999998,NA,NA,NA,NA,1,1,NA,Rare,Undetermined
draba_brach.N1B,N1B,draba_brach,31,0.030000000000000027,NA,NA,NA,NA,2,1,NA,Rare,Undetermined
dyssod_pappo.N1B,N1B,dyssod_pappo,31,0.030000000000000027,NA,NA,NA,NA,2,1,NA,Rare,Undetermined
helian_tuber.N20B,N20B,helian_tuber,31,0.09999999999999998,NA,NA,NA,NA,1,1,NA,Rare,Undetermined
oenoth_villo.N20B,N20B,oenoth_villo,31,0.09999999999999998,NA,NA,NA,NA,1,1,NA,Rare,Undetermined
polygo_avicu.N20B,N20B,polygo_avicu,31,0.09999999999999998,NA,NA,NA,NA,1,1,NA,Rare,Undetermined
capsel_bursa.N4A,N4A,capsel_bursa,31,0.030000000000000027,NA,NA,NA,NA,2,1,NA,Rare,Undetermined
chenop_album.N4A,N4A,chenop_album,31,0.030000000000000027,NA,NA,NA,NA,2,1,NA,Rare,Undetermined
digita_sangu.N4A,N4A,digita_sangu,31,0.06000000000000005,NA,NA,NA,NA,3,2,NA,Rare,Undetermined
euphor_cyath.N4A,N4A,euphor_cyath,31,0.030000000000000027,NA,NA,NA,NA,2,1,NA,Rare,Undetermined
paspal_setac.N4A,N4A,paspal_setac,31,0.09999999999999998,NA,NA,NA,NA,1,1,NA,Rare,Undetermined
physal_heter.N4A,N4A,physal_heter,31,0.06000000000000005,NA,NA,NA,NA,3,2,NA,Rare,Undetermined
hackel_virgi.N4D,N4D,hackel_virgi,31,0.09999999999999998,NA,NA,NA,NA,1,1,NA,Rare,Undetermined
lonice_maack.N4D,N4D,lonice_maack,31,0.09999999999999998,NA,NA,NA,NA,1,1,NA,Rare,Undetermined
bidens_frond.20B,20B,bidens_frond,31,0.06000000000000005,NA,NA,NA,NA,1,1,NA,Rare,Undetermined
morus_alba.20B,20B,morus_alba,31,0.06000000000000005,NA,NA,NA,NA,1,1,NA,Rare,Undetermined
muhlen_frond.20B,20B,muhlen_frond,31,0.06000000000000005,NA,NA,NA,NA,1,1,NA,Rare,Undetermined
zantho_ameri.20B,20B,zantho_ameri,31,0.06000000000000005,NA,NA,NA,NA,1,1,NA,Rare,Undetermined
galium_circa.4A,4A,galium_circa,31,0.030000000000000027,NA,NA,NA,NA,2,1,NA,Rare,Undetermined
gerani_carol.4A,4A,gerani_carol,31,0.030000000000000027,NA,NA,NA,NA,2,1,NA,Rare,Undetermined
helian_annuu.4A,4A,helian_annuu,31,0.030000000000000027,NA,NA,NA,NA,2,1,NA,Rare,Undetermined
lesped_viola.4A,4A,lesped_viola,31,0.06000000000000005,NA,NA,NA,NA,1,1,NA,Rare,Undetermined
physal_misso.4A,4A,physal_misso,31,0.030000000000000027,NA,NA,NA,NA,2,1,NA,Rare,Undetermined
rubus_occid.4A,4A,rubus_occid,31,0.06000000000000005,NA,NA,NA,NA,1,1,NA,Rare,Undetermined
chenop_stand.4B,4B,chenop_stand,31,0.030000000000000027,NA,NA,NA,NA,2,1,NA,Rare,Undetermined
junipe_virgi.4B,4B,junipe_virgi,31,0.030000000000000027,NA,NA,NA,NA,2,1,NA,Rare,Undetermined
physal_misso.4B,4B,physal_misso,31,0.030000000000000027,NA,NA,NA,NA,2,1,NA,Rare,Undetermined
sanicu_canad.4B,4B,sanicu_canad,31,0.06000000000000005,NA,NA,NA,NA,1,1,NA,Rare,Undetermined
tragia_ramos.4B,4B,tragia_ramos,31,0.06000000000000005,NA,NA,NA,NA,1,1,NA,Rare,Undetermined
zantho_ameri.4B,4B,zantho_ameri,31,0.06000000000000005,NA,NA,NA,NA,1,1,NA,Rare,Undetermined
agerat_altis.N1B,N1B,agerat_altis,31,0.06000000000000005,NA,NA,NA,NA,1,1,NA,Rare,Undetermined
ophiog_vulga.N1B,N1B,ophiog_vulga,31,0.030000000000000027,NA,NA,NA,NA,2,1,NA,Rare,Undetermined
eragro_cilia.N20B,N20B,eragro_cilia,31,0.030000000000000027,NA,NA,NA,NA,2,1,NA,Rare,Undetermined
erecht_hiera.N20B,N20B,erecht_hiera,31,0.030000000000000027,NA,NA,NA,NA,2,1,NA,Rare,Undetermined
leersi_virgi.N20B,N20B,leersi_virgi,31,0.06000000000000005,NA,NA,NA,NA,1,1,NA,Rare,Undetermined
parthe_quinq.N20B,N20B,parthe_quinq,31,0.06000000000000005,NA,NA,NA,NA,1,1,NA,Rare,Undetermined
quercu_muehl.N20B,N20B,quercu_muehl,31,0.06000000000000005,NA,NA,NA,NA,1,1,NA,Rare,Undetermined
taraxa_eryth.N20B,N20B,taraxa_eryth,31,0.06000000000000005,NA,NA,NA,NA,1,1,NA,Rare,Undetermined
verbas_blatt.N20B,N20B,verbas_blatt,31,0.030000000000000027,NA,NA,NA,NA,2,1,NA,Rare,Undetermined
leersi_virgi.N4A,N4A,leersi_virgi,31,0.06000000000000005,NA,NA,NA,NA,1,1,NA,Rare,Undetermined
rubus_occid.N4A,N4A,rubus_occid,31,0.06000000000000005,NA,NA,NA,NA,1,1,NA,Rare,Undetermined
torili_arven.N4A,N4A,torili_arven,31,0.030000000000000027,NA,NA,NA,NA,2,1,NA,Rare,Undetermined
digita_sangu.N4D,N4D,digita_sangu,31,0.030000000000000027,NA,NA,NA,NA,2,1,NA,Rare,Undetermined
rubus_flage.N4D,N4D,rubus_flage,31,0.06000000000000005,NA,NA,NA,NA,1,1,NA,Rare,Undetermined
botryc_virgi.20B,20B,botryc_virgi,31,0.030000000000000027,NA,NA,NA,NA,1,1,NA,Rare,Undetermined
celast_scand.20B,20B,celast_scand,31,0.030000000000000027,NA,NA,NA,NA,1,1,NA,Rare,Undetermined
malus_bacca.20B,20B,malus_bacca,31,0.030000000000000027,NA,NA,NA,NA,1,1,NA,Rare,Undetermined
physal_longi.20B,20B,physal_longi,31,0.030000000000000027,NA,NA,NA,NA,1,1,NA,Rare,Undetermined
verbas_blatt.4A,4A,verbas_blatt,31,0.030000000000000027,NA,NA,NA,NA,1,1,NA,Rare,Undetermined
verben_urtic.4A,4A,verben_urtic,31,0.030000000000000027,NA,NA,NA,NA,1,1,NA,Rare,Undetermined
leersi_virgi.4B,4B,leersi_virgi,31,0.030000000000000027,NA,NA,NA,NA,1,1,NA,Rare,Undetermined
elymus_virgi.N1B,N1B,elymus_virgi,31,0.030000000000000027,NA,NA,NA,NA,1,1,NA,Rare,Undetermined
helian_pauci.N1B,N1B,helian_pauci,31,0.030000000000000027,NA,NA,NA,NA,1,1,NA,Rare,Undetermined
lithos_occid.N1B,N1B,lithos_occid,31,0.030000000000000027,NA,NA,NA,NA,1,1,NA,Rare,Undetermined
symphy_pilos.N1B,N1B,symphy_pilos,31,0.030000000000000027,NA,NA,NA,NA,1,1,NA,Rare,Undetermined
cuscut_indec.N4D,N4D,cuscut_indec,31,0.030000000000000027,NA,NA,NA,NA,1,1,NA,Rare,Undetermined
