"","Species.watershed","Watershed_name","Genus_spp","1992","1993","1994","1995","1996","1997","1998","1999","2000","2001","2002","2003","2004","2005","2006","2007","2008","2009","2010","2011","2012","2013","2014","2015","2016","2017","2018","2019","2020","2021","2022"
"1","achill_mille.1D","1D","achill_mille",1,1,0,1,1,1,1,1,1,1,1,1,0,0,1,0,1,0,0,0,1,1,0,0,0,0,0,0,0,0,0
"2","ambros_psilo.1D","1D","ambros_psilo",1,2,2,2,2,2,2,1,1,1,2,2,3,2,1,2,2,2,2,2,2,2,2,2,2,2,2,2,2,2,2
"3","amorph_canes.1D","1D","amorph_canes",2,2,2,2,2,2,2,2,2,2,2,2,2,2,2,2,2,2,2,2,2,2,1.5,2,2,2,2,2,2,2,2
"4","androp_gerar.1D","1D","androp_gerar",4,4,3,4,4,4,3,4,4,5,4,5,4.5,5,5,5,5,5,5,5,5,5,4,5,5,5,4,5,5,4.5,5
"5","antenn_negle.1D","1D","antenn_negle",2,1,1,1,1,1,1,1,1,1,1,1,1,1,1,1,1,1,1,1,1,0,1,0,0,0,0,0,0,0,0
"6","apocyn_canna.1D","1D","apocyn_canna",2,0,1.5,1,0,1,0,1,1,1,1,1,1,1,1,0,1,1,0,0,1,1,1,1,1,0,1,1,0,0,1
"7","arnogl_plant.1D","1D","arnogl_plant",1,1,0,1,1,1,0,1,0,0,0,1,0,1,0,0,0,1,1,1,1,0,0,0,1,1,1,1,0,0,0
"8","artemi_ludov.1D","1D","artemi_ludov",1,1,1,1.5,1,1,1,1,1,1,1,1.5,1.5,1,1,1,1,1,1,1,1,1,1,1,1,1,1,1,1,1,1
"9","asclep_steno.1D","1D","asclep_steno",1,1,1,1,1,1,1,1,1,1,1,1,1,1,1,1,1,1,1,1,1,1,1,1,1,1,1,1,1,1,1
"10","asclep_syria.1D","1D","asclep_syria",1,2,0,0,0,1,1,1,0,0,1,1,0,0,0,0,0,0,0,0,0,0,0,0,0,1,1,1,1,1,1
"11","asclep_verti.1D","1D","asclep_verti",2,2,1,1,1,1,1,1,1,1,1,1,1,1,1,1,1,1,1,1,1,1,1,1,1,1,1,1,1,1,1
"12","asclep_virdf.1D","1D","asclep_virdf",1,1,1,1,1,1,1,1,1,1,1,1,1,1,1,1,1,1,1,1,1,1,1,1,1,1,1,1,1,1,1
"13","asclep_virds.1D","1D","asclep_virds",2,2,2,2,1,1,1,1,1,1,2,2,2,1,1,1.5,1,1,1,2,1.5,2,2,2,2,2,2,2,2,1,1
"14","astrag_crass.1D","1D","astrag_crass",3,0,0,0,0,1,0,0,1,1,0,0,0,0,0,0,0,0,0,0,0,0,0,0,0,0,0,0,0,0,0
"15","baptis_bract.1D","1D","baptis_bract",2,2,2,2,1,2,2,1,1,2,2,2,2,1,1,1,1,1,1,1,1,1,1,1,1,1,1,1,1,1,1
"16","boutel_curti.1D","1D","boutel_curti",2,2,2,2,1,1,1,1,1,1,1,1,1,1,2,1,1,1,1,1,1,1,1,1,1,1,2,2,1,1,1
"17","boutel_graci.1D","1D","boutel_graci",2,2,2,2,1,1,1,1,1,1,1,1,1,1,1,1,1,1,0,1,1,1,0,1,1,1,1,1,1,1,1
"18","boutel_hirsu.1D","1D","boutel_hirsu",3,2,2,2,1,1,1,1,1,1,1,1,1,1,0,0,1,1,0,1,0,2,0,0,0,0,0,0,0,0,0
"19","bricke_eupat.1D","1D","bricke_eupat",2,2,2,2,1,1,1,1,1,1,1,1,1,1,1,1,1,1,1,1,1,1,1,1,1,1,1,1,1,1,1
"20","callir_invol.1D","1D","callir_invol",1.5,2,1.5,2,1,1,1,1,1,1,1.5,1.5,1,1,1,1.5,1,1,1,0,0,0,0,0,0,0,0,0,0,0,0
"21","carex_brevi.1D","1D","carex_brevi",2,0,0,0,1,1,1,1,1,1,1,2,1,1,1,1,1,1,1,1,1,1,1,1,1,1,1,1,1,1,1
"22","carex_gravi.1D","1D","carex_gravi",1.5,0,0,0,0,1,1,1,0,1,1,1,1,0,0,1,0,1,0,1,0,0,0,0,0,1,0,0,0,0,0
"23","carex_inops.1D","1D","carex_inops",2,0,0,0,0,1,1,1,1,1,2,2,2,2,1,1,1,1,1,1,1,1,1,1,1,1,1,1,1,1,1
"24","carex_meadi.1D","1D","carex_meadi",1,0,0,1,1,1,1,1,1,1,1,1,1,1,1,1,1,1,1,1,1,1,1,1,1,1,1,1,1,1,1
"25","ceanot_herba.1D","1D","ceanot_herba",3,2,2,2.5,2,2,2,2,3,3,3,2.5,2.5,2.5,3,2.5,2.5,2.5,2,1.5,1,1.5,0,2,2,2,2,2,2,2,2
"26","cirsiu_undul.1D","1D","cirsiu_undul",1,1,1,1,1,1,1,1,1,1,1,1,1,1,1,1,1,1,1,1,1,1,1,1,1,1,1,1,1,1,1
"27","dalea_candi.1D","1D","dalea_candi",1.5,2,2,1,1,1,1,1,1,1,1,1,1,1,1,1,1,1,1,1,1,1,1,1,1,1,1,1,1,1,1
"28","dalea_multi.1D","1D","dalea_multi",1,1,0,0,0,0,0,0,0,0,0,0,0,0,0,0,0,0,0,0,0,0,1,0,0,0,0,0,0,0,0
"29","dalea_purpu.1D","1D","dalea_purpu",2,2,2,1.5,1,1,1,1,1,1,1,1,1,1,1,1,1,1,1,1,1,1,1,1,1,1,1,1,1,1,1
"30","delphi_carol.1D","1D","delphi_carol",1,2,0,0,1,0,0,0,0,1,1,1,0,0,0,0,0,1,1,0,0,0,0,0,0,0,0,0,0,0,0
"31","desmod_illin.1D","1D","desmod_illin",1,1,1,1,1,1,1,1,1,1,1,1,1,0,1,1,1,1,1,1,1,1,0,0,1,0,1,0,0,0,1
"32","dichan_oligo.1D","1D","dichan_oligo",2,2,2,2,2,2,1,1,1,1,1,1,1,1,1,1,1,1,1,1,1,1,1,1,1,1,1,1,1,1,1
"33","dichan_ovale.1D","1D","dichan_ovale",2,2,1,1,1,1,1,1,1,1,1,1,1,1,1,1,1,1,1,1,1,1,1,1,1,1,1,1,1,1,1
"34","digita_cogna.1D","1D","digita_cogna",2,0,0,0,1,0,0,0,0,0,0,0,0,0,1,1,1,1,0,0,1,0,0,0,0,0,0,0,0,0,0
"35","echina_angus.1D","1D","echina_angus",2,0,0,0,0,2,2,2,2,2,0,0,0,0,2,0,0,0,0,0,0,0,0,0,0,0,0,0,0,0,0
"36","eragro_spect.1D","1D","eragro_spect",2,1,2,2,1,1,1,1,1,1,1,1,1,1,1,1,1,1,1,1,1,1,1,1,1,1,1,1,1,1,1
"37","eriger_strig.1D","1D","eriger_strig",1,1,1,1,1,1,1,1,1,1,1,1,1,0,1,1,1,1,1,1,1,1,1,1,1,1,1,1,1,1,1
"38","euphor_serpe.1D","1D","euphor_serpe",1,0,0,0,1,1,1,0,0,0,0,0,0,0,0,0,0,0,0,0,0,0,0,0,0,0,0,0,0,0,0
"39","gerani_carol.1D","1D","gerani_carol",1,0,0,0,0,0,0,0,0,0,0,0,0,0,0,0,0,0,0,0,0,0,0,0,0,0,0,0,0,0,0
"40","koeler_macra.1D","1D","koeler_macra",2,2,2,1,2,1,1,1,1,1,1,1,1,1,1,1,1,1,1,0,0,1,1,1,1,1,1,1,1,1,1
"41","lesped_capit.1D","1D","lesped_capit",2,1,1,2,1,1,1,1,1,1,1,1,1,1,1,1,1,1,1,1,1,1,1,2,1,1,1,1,1,1,1
"42","lesped_viola.1D","1D","lesped_viola",1.5,1,2,1,1,1,1,1,1,1,1,1,1,1,1,1,1,1,1,1,1,1.5,1,1,1,2,2,1.5,2,1,1
"43","mimosa_quadr.1D","1D","mimosa_quadr",3,2,2,2,2,2,2,2,2,3,2.5,2.5,2.5,2.5,3,2,2.5,2.5,2,2,1,2,2,2.5,2,2,2,2,2,2,2
"44","muhlen_cuspi.1D","1D","muhlen_cuspi",2,0,0,0,0,0,0,0,0,0,0,0,0,0,1,0,0,0,0,0,0,0,0,0,0,0,0,0,0,0,0
"45","oxalis_stric.1D","1D","oxalis_stric",1,1,1,1,1,1,0,1,0,0,0,0,0,0,0,0,1,1,0,0,0,0,0,0,0,0,0,0,0,0,0
"46","packer_platt.1D","1D","packer_platt",1.5,0,0,0,1,1,1,1,1,0,0,1,1,0,1,0,1,1,0,0,0,0,0,0,0,0,0,0,0,0,0
"47","panicu_virga.1D","1D","panicu_virga",3,3,3,3,3,2,2,2,2,3,3,3,3,3,3,4,4,4,4,4,4,4,5,4,3.5,4,4,4,4,4,4
"48","pediom_argop.1D","1D","pediom_argop",3,2,2,2,2,2,2,2,3,4,4,5,6,6,5,4,4,3,2,2,1,2,2,2,1,2,2,2,2,2,2
"49","pediom_escul.1D","1D","pediom_escul",1,1,1,1,1,1,1,1,1,1,1,1,1,1,1,1,1,1,1,1,1,1,1,1,1,1,1,1,1,1,1
"50","pediom_tenui.1D","1D","pediom_tenui",1,1,0,0,0,2,2,2,2,2,0,0,0,0,1,1,1,1,1,1,1,1,1,1,1,1,1,1,2,1,2
"51","physal_pumil.1D","1D","physal_pumil",1.5,2,1,1.5,1,1,1,1,1,1,1,1,1,1,1,1,1,1,1,1,1,1,1,1,1,1,1,1,1,1,1
"52","ratibi_colum.1D","1D","ratibi_colum",1,1,1,1,1,1,1,1,1,1,1,1,1,1,1,1,1,1,1,1,1,1,1,1,1,0,1,0,0,0,0
"53","rosa_arkan.1D","1D","rosa_arkan",2,1,0,2,1,1.5,1.5,1,2,2,2,2,2,2,2,1,1,1,1,1,1,1,0,1,1,2,2,1,1,1,1
"54","ruelli_humil.1D","1D","ruelli_humil",2,2,2,2,1,1,1,1,1,1,1,1,1,1,1,1,1,1,1,1,1,1,1,1,1,1,1,1,1,1,1
"55","salvia_azure.1D","1D","salvia_azure",2,2,2,2,2,2,2,2,2,2,2,2,2,2,2,2,2,2,2,2,1,1,1.5,2,2,2,2,2,2,2,2
"56","schiza_scopa.1D","1D","schiza_scopa",3,4,4,4,4,4,4,4,4,4,4,4,4,4,4,4,4,4,4,4,4,4,2,4,4,4,4,4,3,4,4
"57","sisyri_campe.1D","1D","sisyri_campe",2,2,0,1,1,1,1,1,1,1,1,1,1,1,1,1,1,1,1,1,0,1,1,0,1,0,1,1,0,1,1
"58","solanu_carol.1D","1D","solanu_carol",1.5,0,0,0,0,0,0,0,1,1,1,0,0,0,1,0,1,1,1,0,1,1,1,0,1,1,1,1,1,1,1
"59","solida_altis.1D","1D","solida_altis",2,2,2,2,1,1,1,1.5,2,1,1.5,1,2,2,2,1.5,1,1,1.5,2,1,1,2,1.5,2,2,2,2,2.5,3,3
"60","solida_misso.1D","1D","solida_misso",2,1,1,1,1,1,1,1,1,1,1,1,1,1,1,1,1,1,1,1,1,1,0,1.5,1.5,1,1,1,1,1,1.5
"61","solida_rigid.1D","1D","solida_rigid",2,2,0,0,0,0,0,0,0,0,0,0,0,0,0,0,0,0,0,0,0,0,0,0,0,0,0,0,0,0,0
"62","sorgha_nutan.1D","1D","sorgha_nutan",3,3,3,3,3,3,3,3,3,3,3,3,3,3,3,3,3,3,3,3,3,2,3,2.5,3,3,3,3,3,3,3
"63","sporob_compo.1D","1D","sporob_compo",2,2,2,2,1,1,1,1,1,1,1,1,1,1,1,1,1,1,1,1,1,1,1,1,1,1,1,1,1,1,1
"64","sporob_heter.1D","1D","sporob_heter",2,2,2,2,1.5,1.5,1,1,1,1,1.5,2,2,2,1,2,2,2,2,2,1,2,0,1,2,1.5,2,2,2,1,1.5
"65","stroph_leios.1D","1D","stroph_leios",1.5,1,2,1,1,0,1,1,1,1,1,1,0,0,0,1,1,0,0,0,0,0,0,0,0,0,0,1,0,0,0
"66","sympho_orbic.1D","1D","sympho_orbic",1,1,1.5,1,1,1,1,1,1,0,0,1,0,1,1,1,1,1,1,1,1,1,1,0,0,0,0,0,0,0,0
"67","symphy_erico.1D","1D","symphy_erico",2,2,2,2,1,1,1,1,1,1,1,2,2,1,1,1,1,1,1,1,1,1,1,1,1,1,1,1,1,1,1
"68","symphy_oblon.1D","1D","symphy_oblon",2,2,2,2,2,2,1,1,1,1,2,2,2,2,1,1,1,1,1,1,1,1.5,0,2,1,1,1.5,1.5,1.5,1.5,1.5
"69","symphy_seric.1D","1D","symphy_seric",2,1,1,1,1,1,1,1,1,1,1,1,1,1,1,1,1,1,1,1,1,1,0,1,1,1,1,1,1,1,1
"70","tragia_beton.1D","1D","tragia_beton",1,0,1,1,1,1,1,0,0,0,1,1,0,1,1,1,1,1,1,1,1,1,1,1,1,0,0,1,1,0,1
"71","verben_stric.1D","1D","verben_stric",1.5,1,1,1,1,1,1,1,1,1,1,1,1,1,1,1,1,1,1,1,0,0,1,1,0,1,1,1,1,1,0
"72","vernon_baldw.1D","1D","vernon_baldw",2,1,2,2,1,1,1,1,1,1,2,2,1,1,1,1,1,1,1,1,1,1,1,1,2,2,1,2,1,2,1
"73","viola_nephr.1D","1D","viola_nephr",1,0,0,1,0,1,1,1,1,1,0,1,0,1,0,1,0,1,0,0,0,0,0,0,0,0,0,0,0,0,0
"74","viola_pedat.1D","1D","viola_pedat",1.5,0,1,1,1,1,1,1,1,1,1,0,1,1,1,1,1,1,1,1,1,0,0,1,1,1,1,1,0,0,0
"75","acalyp_virgi.20B","20B","acalyp_virgi",2,2,1,2,2,0,1,0,1,1,0,1,1,0,1,1,1,1,1,0,0,1,0,1,1,1,1,1,1,1,1
"76","achill_mille.20B","20B","achill_mille",1,2,2,2,2,1.5,1,1,1,1,1,2,1,1,1,1,1,1,1,1,1,1,1,1,1,1,1,1,1,1,1
"77","agrost_hyema.20B","20B","agrost_hyema",1.5,0,1,0,0,0,0,2,0,0,0,0,0,0,0,0,0,0,0,0,0,4,0,0,1,1,0,1,0,1,0
"78","ambros_psilo.20B","20B","ambros_psilo",1,2,1,2,2,2,2,2,2,1,2,2,2,1,1,1,2,2,1.5,1,1.5,2,2,2,2,2,1,1,1,1,1
"79","amorph_canes.20B","20B","amorph_canes",2,2,2,2,2,2,2,2,2,2,2,2,2,2,2,2,1.5,2,1,2,2,2,2,2,2,2,2,2,2,2,2
"80","androp_gerar.20B","20B","androp_gerar",4,4,5,5,5,5,5,5,4.5,4,5,4,4,4,4,4,4,4,3.5,4,4,4,3,4,4,4,4,4,4,4,4
"81","antenn_negle.20B","20B","antenn_negle",2,2,1.5,2,1.5,2,1,0,0,0,1,1,0,1,0,0,1,0,0,0,0,0,0,0,0,0,0,1,0,0,1
"82","apocyn_canna.20B","20B","apocyn_canna",1,2,1.5,2,2,2,2,2,2,1,2,1,1,1,1,1,1,0,0,0,0,0,0,0,0,1,0,0,0,0,0
"83","argemo_polya.20B","20B","argemo_polya",1.5,1,0,0,0,0,1,1,1,0,0,0,0,0,0,0,0,0,0,0,0,0,0,0,0,0,0,0,0,0,0
"84","arnogl_plant.20B","20B","arnogl_plant",1,0,1,2,0,0,0,0,0,0,0,0,0,0,0,0,0,0,0,0,0,0,0,0,0,0,0,0,0,0,0
"85","artemi_ludov.20B","20B","artemi_ludov",2,2,2,2,2,2,2,2,2,2,2,2,2,2,2,1,1,2,2,2,3,2,2,2,2,2,2,2,2,2,2
"86","asclep_steno.20B","20B","asclep_steno",1,1,1,0,1,1,1,1,1,1,1,1,0,1,0,0,1,0,1,0,1,0,1,1,0,1,1,0,1,1,1
"87","asclep_syria.20B","20B","asclep_syria",2,2,2,1,2,1,2,2,2,2,2,2,1,1,1,1,1,1,1,1,1,1,1,1,1,1,1,1,0,0,1
"88","asclep_verti.20B","20B","asclep_verti",1,1,1,1,1,1,1,1,1,1,1,1,1,1,1,1,1,1,1,1,1,1,1,1,1,1,1,1,1,1,1
"89","asclep_virdf.20B","20B","asclep_virdf",1,1,2,1,1,1,1,1,1,1,1,1,0,1,1,1,1,1,0,1,1,1,1,0,0,0,0,0,0,1,0
"90","asclep_virds.20B","20B","asclep_virds",2,2,2,2,2,1,1,2,1,1.5,1,1.5,1,1,1,1,1,1,1,1,2,1.5,2,1,1,1.5,2,1,1,0,0
"91","baptis_austr.20B","20B","baptis_austr",2,2,2,2,2,1,2,2,1,1,1.5,2,1,1.5,1,1,1,1.5,1.5,1,1,2,1,1.5,1.5,1.5,2,1,1,1,1.5
"92","baptis_bract.20B","20B","baptis_bract",2,2,2,2,2,2,2,2,1,2,1,1,1,1,1,1,1,1.5,1,1,1,1,1,1,1,1.5,1.5,1.5,1.5,1,1
"93","boutel_curti.20B","20B","boutel_curti",3,2,1,1,1,1,1,1,1,1,1,1,1,1,1,2,2,1,1,1,1,1,1,1,1,1,1,1,1,1,1
"94","boutel_graci.20B","20B","boutel_graci",2,0,0,0,0,0,1,0,0,0,0,0,0,0,0,0,0,0,0,0,0,0,0,0,0,1,0,0,0,0,0
"95","bricke_eupat.20B","20B","bricke_eupat",2,2,2,2,2,2,1,1,1,2,2,2,2,2,1,1,1,1,1,1,1,1,1,1,1,1,1,1,1,1,1
"96","bromus_arven.20B","20B","bromus_arven",2,0,1,0,0,0,0,1,1,3,0,0,0,0,0,0,0,0,1,0,1,0,0,0,0,0,0,0,1,1,1
"97","callir_invol.20B","20B","callir_invol",1,1,2,0,0,1,1,1.5,1,1,1,1,1,1,1,1,1,0,0,1,0,1,0,0,1,1,0,0,0,0,0
"98","carex_brevi.20B","20B","carex_brevi",2,0,0,0,1.5,1,1,1,1,1,2,1,1,1,1,1,1,1,1,1,1,1,1,1,1,1,1,1,1,1,1
"99","carex_inops.20B","20B","carex_inops",1,0,0,0,1,1,1,1,1,1,1,1,1,1,1,1,1,1,1,1,1,1,1,1,1,1,1,1,1,1,1
"100","carex_meadi.20B","20B","carex_meadi",1,0,1,2,1,1,1,1,1,1,1,1,1,1,1,1,1,1,1,1,1,1,1,1,1,1,1,1,1,1,1
"101","ceanot_herba.20B","20B","ceanot_herba",3,3,2,2,3,3,2,2,3,3,3,3,3,3,3,3.5,3,3,2.5,2,2,2,2.5,2,2,2,2,2,2,2,2
"102","cirsiu_altis.20B","20B","cirsiu_altis",2,2,2,2,2,1,1,1,1,1,1,1,1,1,1,1,1,1,2,1,1,1,1,1,1,1,1,1,1,1,1
"103","cirsiu_undul.20B","20B","cirsiu_undul",1,1.5,2,1,2,1.5,1,2,1,1,1,0,0,0,0,0,0,0,0,0,0,0,0,0,0,0,0,0,0,0,0
"104","conyza_canad.20B","20B","conyza_canad",1,0,1.5,0,0,0,0,1,0,0,0,1,1,0,1,1,1,1,1,1,0,0,0,0,1,1,1,1,1,1,0
"105","cornus_drumm.20B","20B","cornus_drumm",1,2,2,2,2,2,2,2,3,3,2,2.5,2,2,3,2,3,3,4,4,4,4.5,4,5,5,5,5,5,5,5,5
"106","coryda_micra.20B","20B","coryda_micra",1,0,0,2,0,0,0,0,0,0,0,0,0,0,0,0,1,0,0,0,0,0,0,0,0,0,0,0,0,0,0
"107","croton_monan.20B","20B","croton_monan",1.5,0,0,0,0,2,2,1,1.5,1.5,0,0,0,1,1,2,1.5,1,1,1,1,1,1,1,1,1,1,1,0,1,1
"108","dalea_candi.20B","20B","dalea_candi",1,1.5,2,0,1,1,1,1,1,1,1,1,0,1,1,1,1,1,0,1,1,0,1,1,1,0,1,0,0,1,1
"109","dalea_purpu.20B","20B","dalea_purpu",1,2,1,1,2,1,1,1,1,1,1,1,1,1,1,1,1,1,1,1,1,1,1,1,1,1,1,0,1,1,1
"110","delphi_carol.20B","20B","delphi_carol",1,2,0,2,1.5,1,1,2,1,1,1,1,1,1,1,1,1,1,1,1,0,0,0,1,0,0,0,1,0,0,1
"111","descur_pinna.20B","20B","descur_pinna",1,0,0,1,1,1,1,1,0,0,0,0,0,0,1,0,0,0,1,0,0,0,0,0,0,0,0,0,0,0,0
"112","desmod_illin.20B","20B","desmod_illin",1.5,2,2,2,1.5,1,1.5,2,1.5,1,1,1,1,1,1,1,1,1,1,1,1,1,1,1,1,1,1,1,1,1,0
"113","dichan_oligo.20B","20B","dichan_oligo",1,2,2,1,1,1,1,1,1,1,1,1,1,1,1,1,1,1.5,2,1,1,1,1,1,1,1,1,1,1,1,1
"114","dichan_ovale.20B","20B","dichan_ovale",1,2,2,0,2,1.5,1,1,1,1,1,0,1,0,1,1,1,1,1,1,1,1,0,1,1,1,1,1.5,1.5,1,1
"115","digita_cogna.20B","20B","digita_cogna",1,1,0,0,0,0,1,1,0,0,0,0,0,0,0,1,1,1,0,0,1,0,1.5,1,1,2,1,1,0,1,0
"116","draba_cunei.20B","20B","draba_cunei",1,0,0,0,0,0,0,0,0,0,0,0,0,0,0,0,0,0,0,0,0,0,0,0,0,0,0,0,0,0,0
"117","echina_angus.20B","20B","echina_angus",2,1.5,1,1,1,1,1,1,1,1,1,1,1,1,1,1,1,1,1,1,1,1,1,0,1,1,1,1,1,0,0
"118","eleoch_compr.20B","20B","eleoch_compr",2,2.5,3,3,3,2,1,2,1,3,4,3,2,2,1,1.5,1,1,1,1,1,2,2,1.5,1,1,1,1,1,1,1.5
"119","elymus_canad.20B","20B","elymus_canad",2,2,1,1,1,1,1,1,1,1,1,1,1,1,1,1,1,1,1,1,1,1,1,1,1,1,1,1,1,1,1
"120","eragro_spect.20B","20B","eragro_spect",2,2,0,0,0,0,1,1,1,0,1,0,0,1,1,1,1,1,1,1,0,1,0,0,1,1,1,1,0,1,0
"121","eriger_strig.20B","20B","eriger_strig",1,1,0,1,1,0,0,0,0,1,0,0,0,0,1,1,1,0,0,1,0,0,0,0,0,0,0,0,1,0,0
"122","euphor_denta.20B","20B","euphor_denta",1,0,0,0,0,0,0,0,1,1,1,1,0,1,1,0,1,1,1,1,1,1,1,0,1,1,1,1,1,1,1
"123","euphor_margi.20B","20B","euphor_margi",1,1,1,1,1,1,1,1,1,1,1,1,1,1,1,1,1,1,1,1,1,1,1,1,1,1,1,1,1,1,1
"124","euphor_spath.20B","20B","euphor_spath",1,1,1,1,1,1,1,1,1,1,1,1,1,1,1,1,1,1,1,1,1,1,1,1,1,1,1,1,1,1,1
"125","galium_apari.20B","20B","galium_apari",2,0,2,1,1,1,1,1,1,0,0,1,0,0,0,0,1,1,1,0,0,0,0,1,1,1,1,1,1,1,1
"126","gerani_carol.20B","20B","gerani_carol",1,1,1,1,0,0,0,0,0,0,0,0,0,0,0,0,0,0,0,0,0,0,0,1,0,0,0,0,1,0,1
"127","hierac_longi.20B","20B","hierac_longi",2,2,0,1,0,1,1,1,1,0,0,0,0,1,0,1,1,1,1,1,1,1,1,1,1,1,0,0,0,0,0
"128","koeler_macra.20B","20B","koeler_macra",2,1.5,2,1.5,1,0,1,1,1,0,1,1,1,1,1,1,1,1,1,0,1,1,1,1,1,1,1,1,1,1,1
"129","kummer_stipu.20B","20B","kummer_stipu",1,0,0,0,0,0,0,0,0,0,0,0,0,0,0,1,0,0,0,0,0,0,0,0,0,0,0,0,0,0,0
"130","lactuc_ludov.20B","20B","lactuc_ludov",1,0,0,0,0,0,0,0,1,1,1,0,1,1,1,1,0,0,0,1,0,0,1,0,0,1,0,0,0,0,0
"131","lactuc_serri.20B","20B","lactuc_serri",1,1,1,1,1,1,1,1,1,1,0,0,1,0,1,1,0,0,0,1,1,1,0,1,1,0,0,0,0,0,0
"132","lepidi_densi.20B","20B","lepidi_densi",1,1,0,0,1,0,1,1,0,0,0,0,1,0,1,1,0,0,1,0,0,0,1,0,0,0,0,0,0,0,0
"133","lesped_capit.20B","20B","lesped_capit",2,2,1,1,2,1,1,1,1,1,1,1,1,1,1,1,1,1,1,1,1,1,1,1,1,1,1,1,1,1,1
"134","lesped_viola.20B","20B","lesped_viola",3.5,3,4,3.5,4.5,3,2,3,4,4,4,4,3,2,1.5,1.5,1.5,1.5,2,2,2,1,2,1,1,1,1.5,2,2,2,2
"135","linum_sulca.20B","20B","linum_sulca",1,1,1,1,1,0,1,1,1,1,1,1,1,1,1,1,1,1,1,1,0,1,1,1,1,1,1,1,0,1,1
"136","lithos_incis.20B","20B","lithos_incis",1,0,0,0,0,0,0,0,1,1,0,0,0,0,1,0,1,1,0,0,1,0,0,0,0,0,1,1,1,0,1
"137","lomati_foeni.20B","20B","lomati_foeni",1.5,1,1,2,1,1,1,1,1,1,0,0,1,0,1,0,0,1,0,0,0,0,0,0,0,0,0,0,0,0,0
"138","mimosa_quadr.20B","20B","mimosa_quadr",2,2,2,0,2,1,1,2,2,2,2.5,2,2,2,2,2,2,2,2,2,2,2,2,1,1,2,2,2,2,2,2
"139","mirabi_linea.20B","20B","mirabi_linea",1,0,0,0,0,0,1,1,0,0,0,0,0,0,0,0,0,0,0,0,0,0,0,0,0,0,0,0,0,0,0
"140","muhlen_cuspi.20B","20B","muhlen_cuspi",2,2,2,2,2,2,1,2,1.5,2,2,1.5,2,2,1,2,2,1,0,0,1,1,1,1.5,1.5,2,2,2,1,1,1
"141","oenoth_bienn.20B","20B","oenoth_bienn",2,0,0,0,0,0,0,0,0,0,0,0,0,0,0,0,0,0,0,0,0,0,0,0,0,0,0,0,0,0,0
"142","oxalis_stric.20B","20B","oxalis_stric",1,1,1,1,1.5,1,1,1,1,0,0,1,1,1,1,1,1,1,1,1,0,1,1,0,0,0,0,0,0,0,0
"143","oxalis_viola.20B","20B","oxalis_viola",1,2,1,2,1.5,2,1,1.5,1,0,0,0,1,0,1,0,1,1,0,0,0,0,0,1,0,1,1,0,0,0,0
"144","packer_platt.20B","20B","packer_platt",1,0,0,2,1,2,1,0,0,0,0,0,0,0,0,0,0,0,0,0,0,0,0,0,0,0,0,0,0,0,0
"145","panicu_virga.20B","20B","panicu_virga",3,2,2,2,2,1,1,1,1,1,1,1,1,1,1,2,2,1,1,1,1,1,1,1.5,1,2,1,1.5,1.5,1,1
"146","pediom_escul.20B","20B","pediom_escul",2,1,2,2,2,1,1,2,1,1,1,1,0,1,1,0,1,0,0,0,0,0,0,0,0,0,0,1,0,0,0
"147","pediom_tenui.20B","20B","pediom_tenui",1,0,0,0,0,0,0,0,1,0,0,0,0,0,0,0,0,0,0,0,0,0,0,0,0,0,0,0,0,0,0
"148","physal_pumil.20B","20B","physal_pumil",2,2,2,1,2,1,1,2,2,2,2,2,2,2,1,1,1,1,1,1,1,1,1,1,1,1,1,1,1,1,1
"149","poa_prate.20B","20B","poa_prate",3,3,3,4,3,3,3,4,4,4,4,4,4,5,5,5,5,4,4,4,4,4,4,4,4,4,4,3.5,4,4,4
"150","prunus_ameri.20B","20B","prunus_ameri",1,2,2,3,4,1,1,1,2,1.5,2,2,2,2,1,1.5,1.5,1,1,1,1,1,1,1,1,1,1,1,1,1,1
"151","ratibi_colum.20B","20B","ratibi_colum",1,0,1,0,1,0,1,2,1,1,1,1,0,0,0,0,1,1,1,0,1,1,0,0,0,0,0,1,1,0,1
"152","rhus_aroma.20B","20B","rhus_aroma",3,3,3,4,4,4,2,3,3.5,1,0,0,0,0,3,0,0,0,1,1,0,2,1,2,1,2,1.5,1.5,1,1.5,2
"153","rhus_glabr.20B","20B","rhus_glabr",3,3,2,3,3,3,3,3,3,3.5,1.5,2,2,1,3,2,2.5,3,2,3,3,2,3,3,3,2,2,2,1,1,1.5
"154","rosa_arkan.20B","20B","rosa_arkan",3,3,2,2,2,2,1.5,2,3,2,2,2,2,3,2,2,2,2,2,1,1,1,1.5,1,1,1,1,1,1,1,1
"155","rubus_pensi.20B","20B","rubus_pensi",2,2.5,2,2,2,2,2,2,2,2,3,2,2,2,2,2,2,3,3,3,2.5,3,3,2,3,2,2,2,2,2,2
"156","ruelli_humil.20B","20B","ruelli_humil",2,2,2,2,2,1,1,2,1,2,2,2,2,2,2,2,2,1,2,2,2,2,2,1,1,2,1,1,1,1,1
"157","salvia_azure.20B","20B","salvia_azure",2,2,2,2,2,2,2,1,1,2,1.5,2,2,1.5,1,1,1,1,1,1,1,1,1.5,1,1,2,1,1,1,1,1
"158","schiza_scopa.20B","20B","schiza_scopa",2,2,1,1,1,2,2,2,2,2,2,2,2,2,2,2,2,2,2,2,2,2,2,2,2,2,2,2,2,2,2
"159","silene_antir.20B","20B","silene_antir",1,1,0,0,1,0,0,1,0,1,0,0,0,0,1,0,1,0,0,0,0,0,0,0,0,0,0,0,0,0,0
"160","solanu_carol.20B","20B","solanu_carol",1,2,1.5,1.5,2,2,2,1,2,1,1,1,1,1,1,1,1,1,1,1,1,1,1,1,1,1,1,1,1,1,1
"161","solida_altis.20B","20B","solida_altis",2,3,2,2,3,3,2.5,3,4,4,5,5,5,5,4.5,5,5,4,4,2,2,2,2,1,1,1,1,1.5,1,1,1
"162","solida_misso.20B","20B","solida_misso",2,2,2,2,2,2,2,2,2,2,2,2,2,2,2,1.5,1,2,2,3,3,1,1,1,2,2,2,2,2.5,2,2
"163","solida_rigid.20B","20B","solida_rigid",1,2,0,2,2,2,2,2,2,2,1.5,2,1.5,1,1.5,1,1,0,1,1,1,1,1,0,1,1,0,1,1,1,1
"164","sorgha_nutan.20B","20B","sorgha_nutan",3,3,2,2,2,1,1,2,2,2,2,2,2,2,1,2,2,1.5,1,1,1,1,1,2,2,2,2,2,2,2,2
"165","sparti_pecti.20B","20B","sparti_pecti",2,2,0,2,2,2,2,2,2,2,2,2,2,0,0,2,2,2,1,0,0,1,0,1.5,2,1,2,3,3,3.5,3.5
"166","spermo_inerm.20B","20B","spermo_inerm",1,0,1,0,1,0,1,1,0,0,0,1,0,0,0,1,0,0,0,1,0,0,1,1,0,0,0,1,0,0,0
"167","spheno_obtus.20B","20B","spheno_obtus",1,2,2,1,1,1,1,1.5,1,1,1,0,1,1,1,1,1,1.5,1,1,0,0,1,1,1,1,1,1,1,1,1
"168","sporob_compo.20B","20B","sporob_compo",3,3,2,2,2,2,2,2,2,2,2,2,2,2,2,2,1,1,1,1,1,1,1,1,1,1,1,1,1,1,1
"169","sporob_heter.20B","20B","sporob_heter",3,2,2,2,2,2,2,2,2,2,2,2,2,2,2,2,3,2,2,2,2,2,2,2,2,2,2,2,2,2,2
"170","sympho_orbic.20B","20B","sympho_orbic",2.5,2,2,2,2,2,2,2,2,2,2.5,3,3,2,2,2,2,2,2,2,2,2,2,2,2,2,2,2,2,2,2
"171","symphy_erico.20B","20B","symphy_erico",2,3,2,2,2,2,2,2,2,2,2,2.5,3,2,1,1,1.5,1,1,1,1,1,1,1,1,1,1,1,1,1,1
"172","symphy_oblon.20B","20B","symphy_oblon",2,2,2,2,2,2,2,2,3,3,3,3,3,2,3,2,2,1,2,2,2.5,1.5,2,2,1.5,2,1,2,2,2,1
"173","symphy_seric.20B","20B","symphy_seric",1,2,2,2,2,2,2,2,1,1,1,1,1.5,1,1,1,1,1,1,1,1,1,2,0,1,1,1,1,1,1,1
"174","tragia_beton.20B","20B","tragia_beton",1,2,2,0,1,0,1,1,1,1.5,1,1,0,1,1,1,1,1,1,1,1,1,1,1,1,1,1,1,1,1,2
"175","tragop_dubiu.20B","20B","tragop_dubiu",1,1,0,1,1.5,1,1,1,1,1,1,1,1,1,1,1,0,1,0,0,1,1,1,0,1,1,0,1,0,0,0
"176","trioda_lepto.20B","20B","trioda_lepto",1,1,0,0,0,0,0,1,1,1,0,0,0,0,1,0,0,0,0,0,0,0,0,0,0,0,0,0,0,0,0
"177","trioda_perfo.20B","20B","trioda_perfo",1,1,1,1,0,1,1,1,0,0,0,0,0,0,1,1,0,1,0,0,0,0,0,0,1,0,0,1,1,0,0
"178","ulmus_ameri.20B","20B","ulmus_ameri",1,2,1,0,0,0,1,1,1,1,1,1,1,1,1,1,1,1,1,1,1,1,1,1,1,1,1,1,1,1,1
"179","vernon_baldw.20B","20B","vernon_baldw",2,1,2,2,2,2,2,1,1,1,1,1,1,1,1,1,1,1,1,1,1,1,1,1,1,1,1,1,1,1,1
"180","vicia_ameri.20B","20B","vicia_ameri",3,0,1,2,1.5,2,1.5,1.5,1,0,0,0,0,0,0,0,0,0,0,0,0,0,0,0,0,0,0,0,0,0,0
"181","viola_bicol.20B","20B","viola_bicol",1,1,1,1,0,1,1,1,0,0,0,1,1,0,0,1,1,1,1,1,0,0,0,0,0,0,0,0,1,0,0
"182","vulpia_octof.20B","20B","vulpia_octof",1,0,0,0,0,0,1,1,0,0,0,0,0,0,0,0,0,0,0,0,0,0,0,0,0,0,0,0,0,0,0
"183","acalyp_virgi.4A","4A","acalyp_virgi",1,0,0,0,0,0,0,1,1,1,0,0,0,0,1,0,1.5,2,1,0,0,1,1,1,1,1,1,1,1,1,1
"184","achill_mille.4A","4A","achill_mille",1,2,1,2,1,1,1,1,1,1,1,1,1,1,1,1,1,1,1,1,1,1,1,1,1,1,1,1,1,1,1
"185","ambros_psilo.4A","4A","ambros_psilo",1,2,2,2,1,1,2,2,3,1.5,1,1,2,2,1,2,2,2,2,2,2,2,2,2,2,1,1,1,1,2,1
"186","amorph_canes.4A","4A","amorph_canes",2,2,2,2,2,2,2,2,2,2,2,2,2,2,2,2,2,2,1,2,2,2,2,2,2,2,2,2,2,2,2
"187","androp_gerar.4A","4A","androp_gerar",5,4,4,4,4,4,4,4,4,4,4.5,4,4,4,4,4,4,4,5,5,4.5,4,4,4.5,4,4.5,4,5,4,4.5,5
"188","antenn_negle.4A","4A","antenn_negle",1,1,1,2,1,1,1,1,1,1,1,1,1,1,1,1,1,0,1,1,0,1,1,1,1,0,0,1,1,1,1
"189","apocyn_canna.4A","4A","apocyn_canna",2,2,2,0,0,1,0,1,1,0,0,0,0,0,1,0,0,0,0,0,0,1,1,0,0,0,0,0,1,1,1
"190","artemi_ludov.4A","4A","artemi_ludov",1,2,2,2,2,2,2,1,2,2,2,2,2,2,1,2,2,2,2,2,2,2,2,2,2,2,1,2,2,2,1
"191","asclep_steno.4A","4A","asclep_steno",1,1,1,1,1,1,1,1,0,0,1,1,1,0,1,1,1,1,1,1,1,1,1,1,1,1,1,1,1,1,1
"192","asclep_syria.4A","4A","asclep_syria",1,2,2,1,1,1,1.5,2,2,2,0,0,0,0,2,0,0,0,1,1,1,1,1,1,0,0,0,0,0,0,0
"193","asclep_tuber.4A","4A","asclep_tuber",1,2,2,1.5,1,1,1,1,1,1,1,1,1,1,1,1,1,1,1.5,2,1,1,1,1,1,1,1,1,1,1,1
"194","asclep_verti.4A","4A","asclep_verti",1.5,2,2,1,1,1,1,1,1,1,1,1,1,1,1,1,1,1,1,1,1,1,1,1,1,1,1,1,1,1,1
"195","asclep_virdf.4A","4A","asclep_virdf",1,1,1,1,1,1,1,1,1,1,1,1,1,1,1,1,1,1,1,1,1,1,1,1,1,1,1,1,1,1,1
"196","asclep_virds.4A","4A","asclep_virds",1,2,2,2,1,1,1,1,1,1,2,1,1,1,1,2,1,2,2,1,1.5,1,2,1,1,1,1,1,1,1,1
"197","baptis_austr.4A","4A","baptis_austr",2,2,1,2,1,1,1,1,1.5,1,1,1,1,1.5,1,1,1,1,1,1,1,1.5,1,1,1,1,1.5,1,1,1,1
"198","boutel_curti.4A","4A","boutel_curti",1,2,2,2,2,1,2,2,1,2,2,1,1.5,1,2,1,2,1,1,1,1,1,1,1,1,1,2,2,1,1,1
"199","boutel_dacty.4A","4A","boutel_dacty",1,2,2,2,1,1,1,1,1,0,0,0,0,0,0,0,0,0,0,0,0,0,0,0,0,0,0,0,0,0,0
"200","boutel_graci.4A","4A","boutel_graci",2,2,2,2,2,2,2,1,1,1,1,1,1,1,1.5,2,1,1,1,0,0,1,0,1,1,1,1,1,1,1,1
"201","boutel_hirsu.4A","4A","boutel_hirsu",2,2,2,2,1,1,1,1,1,2,0,0,0,0,1,0,0,0,0,0,0,0,0,0,0,0,0,0,0,0,0
"202","bricke_eupat.4A","4A","bricke_eupat",2,2,2,2,1,1,1,1,1,1,1,1,2,1,1,1,1,1,1,1,1,1,1,1,1,1,1,1,1,1,1
"203","callir_invol.4A","4A","callir_invol",1,0,1,1,0,0,0,1,0,1,2,0,0,0,0,0,0,0,1,0,0,1,0,0,0,0,0,0,0,0,0
"204","carex_brevi.4A","4A","carex_brevi",1,0,0,0,1,1,1,1,1,1,1.5,1,1,1,1,1,1,1,1,1,1,1,1,1,1,1,1,1,1,1,1
"205","carex_inops.4A","4A","carex_inops",1,0,0,0,0,0,2,1,1,2,2,2,2,2,2,2,2,2,1,1,1,1,2,1,1,1,1,1,1,1,1
"206","carex_meadi.4A","4A","carex_meadi",1,0,0,2,1,1,1,2,1,1,2,2,2,2,1,2,1.5,1,2,1,1,1,2,2,2,2,2,2,2,2,2
"207","ceanot_herba.4A","4A","ceanot_herba",2,3,3,3,3,3,2.5,2,3,3,1,2,2,2,3,1,1,1.5,1.5,2,2,2,2,1,2,2,1,1.5,2,2,2
"208","cirsiu_undul.4A","4A","cirsiu_undul",1,2,2,2,1,1,1,1,1,1,1,1,1,1,1,1,1,1,1,1.5,1,1,1,2,1,1,1,1,1,0,0
"209","comand_umbel.4A","4A","comand_umbel",1,0,2,1,1,1,1,1,1,1,1,1,0,1,1,1,0,0,1,0,1,1,1,1,1,1,1,1,1,1,1.5
"210","cornus_drumm.4A","4A","cornus_drumm",1.5,3,3,3,3,2,1,1,2,2,3,3,3,4,4,4,4,4,4,4,4,5,5.5,4,4,4,4,4,4,4,3.5
"211","croton_monan.4A","4A","croton_monan",1,1,1,1,1,1,1,1,1,2,1,0,0,1,1,0,0,1,1,0,0,1,0,0,0,0,2,0,0,0,0
"212","cyperu_lupul.4A","4A","cyperu_lupul",1,0,0,0,0,0,0,1,1,1,0,0,1,0,1,1,1,0,0,0,0,0,0,1,0,0,1,1,0,1,1
"213","dalea_candi.4A","4A","dalea_candi",1,2,1.5,1,1,1,0,1,1,1,1,1,1,1,1,1,1,1,1,1,1,1,1,1,1,1,1,1,1,1,1
"214","dalea_multi.4A","4A","dalea_multi",2,2.5,2,2,1,1,1,1,1,2,0,0,0,0,1,0,0,0,0,0,0,0,0,0,0,0,0,0,0,0,0
"215","dalea_purpu.4A","4A","dalea_purpu",2,2,2,2,1,1,1,1,1,1,1,1,1,1,1,1,1,1,1,1,1,1,1,1,1,1,1,1,1,1,1
"216","delphi_carol.4A","4A","delphi_carol",1,0,1,1,1,1,0,1,0,1,1,1,1,0,1,0,1,0,1,1,1,1,1,0,0,1,0,0,0,0,0
"217","desmod_illin.4A","4A","desmod_illin",2,0,0,0,0,0,0,0,0,0,0,0,0,0,0,0,0,0,0,1,1,0,1,0,0,0,0,0,0,0,0
"218","desmod_sessi.4A","4A","desmod_sessi",1.5,2,0,2,2,1.5,1,1,1,1,0,0,0,0,0,0,0,0,0,0,0,0,0,0,1,1,1,1,1,1,1
"219","dichan_oligo.4A","4A","dichan_oligo",1,2,2,2,1,1,1,1,2,2,2,2,2,1,1,2,2,2,2,2,1,1,2,1,1,1,1,1.5,1,1,1
"220","dichan_ovale.4A","4A","dichan_ovale",1,2,1,1.5,1,1.5,1,1.5,2,1,1,1,1,1,2,2,2,1.5,1,1.5,1.5,1,1,1,2,1,1,1,1,1.5,2
"221","digita_cogna.4A","4A","digita_cogna",1,1.5,1,1,0,0,0,1,1,1,1,0,0,0,1,1,1.5,1,1,1,0,1,0,1,1.5,2,1,2,2,1,0
"222","elymus_canad.4A","4A","elymus_canad",1,2,2,1,1,1,1,1,1,1,1,1,1,1,1,1,1,1,1,1,1,1,1,1,1,1,1,1,1,1,1
"223","eragro_spect.4A","4A","eragro_spect",1,2,1.5,2,1,1,1,1,1,1,1,1,1,1,1,1,1,1,1,1,0,1,1,1,1,1,1,1,1,1,1
"224","eriger_strig.4A","4A","eriger_strig",1,1,1,1,1,1,1,1,1,1,1,1,1,1,1,1,1,1,0,1,1,1,1,1,0,1,1,1,1,1,1
"225","eupato_altis.4A","4A","eupato_altis",2,1.5,1,2,1,1,1,1,1,1,1,1,1,1,1,1,1.5,1,1,1,1,1,1,1,1,1,1,1,1,1,1
"226","euphor_cyath.4A","4A","euphor_cyath",1.5,1,1,0,0,1,1,0,0,1,0,0,0,0,1,0,0,0,0,0,0,0,0,0,0,0,0,0,0,1,0
"227","euphor_margi.4A","4A","euphor_margi",1,0,1,0,0,0,1,1,1,1,1,0,1,0,1,0,1,1,1,0,1,1,1,0,1,1,1,1,0,1,1
"228","euphor_missu.4A","4A","euphor_missu",1,0,0,0,0,0,0,0,0,0,0,0,0,0,0,0,0,0,0,0,0,0,0,0,0,0,0,0,0,0,0
"229","euphor_serpe.4A","4A","euphor_serpe",1,1,0,0,0,1,0,0,0,0,0,0,0,0,1,0,0,0,0,0,0,0,0,0,0,0,0,0,0,0,0
"230","euphor_spath.4A","4A","euphor_spath",1,1,1,1,1,1,1,0,1,1,0,1,1,1,0,1,1,1,0,1,1,1,0,1,1,1,1,1,1,0,0
"231","hierac_longi.4A","4A","hierac_longi",1,0,1,1,0,1,1,1,1,0,1,1,1,0,1,0,0,0,0,0,0,0,0,0,0,0,0,0,0,0,0
"232","hybant_verti.4A","4A","hybant_verti",2,2,2,2,1,2,2,2,2,1,2,1,0,1,2,1,1,1,1,0,0,0,1.5,2,1.5,1,1,1,1,1,1
"233","koeler_macra.4A","4A","koeler_macra",1,2,2,2,1,1,1,1,1,1,1,1,1,1,1,1,1,1,1,1,1,1,1,1,1,1,1,1,1,1,1
"234","lesped_capit.4A","4A","lesped_capit",2,2,2,2,1,1,1,1,1,1,1,1,1,1,1,1,1,1,1,1,1,1,1,1,1,1,1,1,1,1,1
"235","liatri_punct.4A","4A","liatri_punct",1,2,2,2,1,1,1,1,2,2,1.5,2,2,1,1,1,1,0,0,0,1,1,0,0,0,0,0,0,0,0,0
"236","linum_sulca.4A","4A","linum_sulca",1,1,1,1,1,1,1,1,1,1,1,1,1,1,0,1,1,1,0,1,1,1,1,1,1,1,0,1,1,1,0
"237","lithos_occid.4A","4A","lithos_occid",2,2,2,2,1,1,1,1,1,1.5,0,0,1,1,1,2,2,0,0,0,0,0,0,0,0,1,0,0,0,0,1
"238","lomati_foeni.4A","4A","lomati_foeni",1.5,2,2,2,2,1,1,1,1,1.5,2,2,2,1,1,1.5,1,1,1,1,1,1,1,0,0,1,1,1,1,1,1
"239","mimosa_quadr.4A","4A","mimosa_quadr",2,2,2,2,2,2,2,2,2,2,2,2,2,2,2,2,2,1,2,2,2,2,2,2,1.5,1,1,2,1,1,2
"240","mirabi_linea.4A","4A","mirabi_linea",1,0,0,0,0,0,0,0,0,0,0,0,0,0,0,0,0,0,0,0,0,0,0,0,0,0,0,0,0,0,0
"241","muhlen_cuspi.4A","4A","muhlen_cuspi",2,0,0,0,0,0,0,0,0,0,0,0,0,0,0,0,0,0,0,0,0,0,0,0,0,0,0,0,0,0,0
"242","opunti_macro.4A","4A","opunti_macro",2,2,2,2,2,1,2,1,1,2,1,1,1.5,1.5,1,1,2,1,1,1,1,1.5,1,1.5,1.5,2,2,2,2,1,1
"243","oxalis_stric.4A","4A","oxalis_stric",1,1,1,1,1,1,1,1,1,0,1,1,1,1,1,1,1,1,1,1,1,1,1,0,0,0,0,0,0,0,0
"244","oxalis_viola.4A","4A","oxalis_viola",1,1,2,2,1,1,0,1,0,0,1,0,1,0,1,1,0,1,1,0,0,1,1,0,0,1,0,0,1,1,0
"245","packer_platt.4A","4A","packer_platt",1,1,1,1,1,1,1,1,1,1,1,1,1,1,1,1,1,0,1,0,0,0,1,0,0,0,0,1,1,1,1
"246","panicu_virga.4A","4A","panicu_virga",1,2,2,2,2,2,2,2,2,2,1,1,1,1,1.5,2,2,2,2,2,2,2,1,1,1,1,1,1,1,1,1
"247","pediom_escul.4A","4A","pediom_escul",1,2,1,1,1,1,1,1,1,1,1,1,1,0,1,0,0,1,1,1,1,1,1,1,0,1,1,1,1,1,0
"248","pediom_tenui.4A","4A","pediom_tenui",2,3,3,3,3,3,3,3,3,3,3,4,3,3,3,3,3,2,2,3,3,2,3,3,1,2,2,2,1,2,2
"249","physal_pumil.4A","4A","physal_pumil",1,2,2,2,1,1,1,1,1,2,1,1,1,1,2,1,1,1,2,1,1,1,2,2,1,1,1,1,1,1,2
"250","physal_virgi.4A","4A","physal_virgi",1,0,0,0,0,0,0,0,0,0,0,0,0,0,0,0,0,0,0,0,0,0,0,1,1,1,1,1,1,1,1
"251","planta_patag.4A","4A","planta_patag",1,0,0,0,0,0,0,0,0,0,0,0,0,0,0,0,0,0,0,0,0,0,0,0,0,0,0,0,0,0,0
"252","poa_prate.4A","4A","poa_prate",1,3,3,2,2,3,3,2,2,2,2,2,2,2,1,2,2,2.5,1,1,1,1,1,1,1,1,1,1,1,1,1
"253","ratibi_colum.4A","4A","ratibi_colum",1,2,1,1.5,1,1,1,1,1,1,1,1,1,1,1,1,1,1,1,1,1,1,1,1,1,1,1,1,1,1,1
"254","rhus_glabr.4A","4A","rhus_glabr",1,2,3,2.5,2,1,1.5,1,2,2,2,2,2,2,2,2,2.5,2,2.5,2,3,3,3,3,2.5,2.5,2.5,2,2,2,2
"255","rosa_arkan.4A","4A","rosa_arkan",1,2.5,2,2.5,2,2,2,1,2,2,1,1,1,2,2,2,1,1.5,2,2,2,2,2,1,1.5,1,1,2,2,2,2
"256","ruelli_humil.4A","4A","ruelli_humil",1,1,2,1,1,1,1,1,1,1,1,1,1,1,1,1,1,1,1,1,1,1,1,1,1,1,1,1,1,1,1
"257","salvia_azure.4A","4A","salvia_azure",2,2,2,2,1,1,1,2,1,1,3,2,2,2,2,2,2,2,2,1,1,1,1.5,2,2,2,2,2,1,2,2
"258","schiza_scopa.4A","4A","schiza_scopa",2.5,3,3,3,3,3,3,3,3,3,3,2,2,2,2,2,2,2,2,2,2,2,2,3,2,3,2,2,2,2,2
"259","setari_pumil.4A","4A","setari_pumil",1.5,1,1,0,0,0,0,1,1,1,0,0,0,0,1,0,0,0,0,0,0,0,0,0,0,0,0,0,0,0,0
"260","sisyri_campe.4A","4A","sisyri_campe",1,2,1,1,1,1,1,1,1,1,1,1,1,1,0,1,1,1,1,1,1,1,1,1,0,1,1,1,1,1,1
"261","solanu_carol.4A","4A","solanu_carol",1,2,2,1.5,1,2,1,1,1,1,1,1,1,1,1,1,1,1,1,1,1,1,1,1.5,1,1,1,1,1,1,1
"262","solida_altis.4A","4A","solida_altis",2,3,2,2.5,1.5,1,1,1.5,1,2,1.5,2,2,2,2,3,3,3,4,4,4,4,4,3,4,3.5,4,4,3,3,2
"263","solida_misso.4A","4A","solida_misso",2,2,2,2,1,1,1,1,1,1,1,1.5,1,2,1,1.5,1,1,1,1,1,2,1,1,1,1,1,1,2,2,1
"264","solida_rigid.4A","4A","solida_rigid",2,1,0,1,1,1,1,1.5,1,2,1.5,2,2,2,2,2,2,2,2,2,2,1,1,1,2,1,1,2,2,1,1
"265","sorgha_nutan.4A","4A","sorgha_nutan",2,3,3,3,3,2,2,2,2,2,2,2,2,2,2,2,2,2,3,3,2,2,2,2,2,2,2,2,2,2,2
"266","spiran_verna.4A","4A","spiran_verna",1,0,0,0,0,0,0,0,0,0,0,0,0,0,0,0,0,0,0,0,0,0,0,0,0,0,0,0,0,0,0
"267","sporob_compo.4A","4A","sporob_compo",2,3,2,2,2,2,2,2,2,2,2,2,2,2,2,1,1,1,1,1,1,1,1,1,1,1,2,2,2,2,1.5
"268","sporob_heter.4A","4A","sporob_heter",3,3.5,3.5,3,3,3,3,3,3,3,3,3,3,3,3,3,2,2,2,2,2,2,2,2,2,2,2,2,2,2,2
"269","sympho_orbic.4A","4A","sympho_orbic",1,2,2,2,2,1.5,1,1,2,2,1,1,1,2,2,2,2,2.5,2,2,3,2,2,2,2,1.5,1,2,1.5,1.5,1
"270","symphy_erico.4A","4A","symphy_erico",2,3,3,3,3,3,3,3,4,4,4,5,5,5,2,3.5,3,3,2,2,2,2,2,2,2,2,2,2,2,2,2
"271","symphy_oblon.4A","4A","symphy_oblon",2,2,2,2,2,2,2,2,3,2,3,4,4,3,2,2.5,2,2,2.5,2,2,2,3,2,2,2,2,2,2,2,2
"272","symphy_seric.4A","4A","symphy_seric",1,2,1,2,1,1,1,1,2,2,2,2,2,1,1,1,1,1,1,1,1,1,1,1.5,1,1,1,2,1,1,1
"273","tragia_beton.4A","4A","tragia_beton",1,2,2,2,1,1,1,1,1,1,1.5,1,1,1,1,1,1,1,1,1,1,1,1,1,1,1,1,1,1,1,1
"274","verben_stric.4A","4A","verben_stric",1,1,1,1,1,1,1,1,1,1,0,0,0,1,1,1,1,0,0,0,0,0,1,0,0,0,1,1,0,0,0
"275","vernon_baldw.4A","4A","vernon_baldw",1,1,1,1,1,1,1,1,1,1,1,1,1,1,1,1,1,1,1,1,1,1,1,1,1,1,1,1,1,1,1
"276","acalyp_virgi.4B","4B","acalyp_virgi",1,2,0,0,0,0,1,1,1,1,0,1,0,1,0,0,1,1,1,0,1,1,0,1,1,1,0,1,1,1,1
"277","achill_mille.4B","4B","achill_mille",1,2,1,1,1,1,1,1,1,1,1,1,1,1,1,1,2,1,1,1,1,1,1,1,1,1,1,1,1,1,1
"278","ambros_psilo.4B","4B","ambros_psilo",1,2,2,2,2,1,2,2,2,1,1,1,2,1,1,1,2,2,1,1,1,2,1,2,2,2,1,1,1,1,1
"279","amorph_canes.4B","4B","amorph_canes",2,2,2,2,2,2,2,2,3,2,2,2,2,2,3,2,2,2,2,2,2,2,2,2,2,2,2,2,2,2,2
"280","androp_gerar.4B","4B","androp_gerar",5,4,5,5,5,5,5,5,5,4,4,4,4,4,4,4,4,4,4,4,4,4,4,4,4,4,4,4,4,4,4
"281","andros_occid.4B","4B","andros_occid",1,0,0,0,0,0,0,0,0,0,0,0,0,0,0,0,0,0,0,0,0,0,0,0,0,0,0,0,0,0,0
"282","antenn_negle.4B","4B","antenn_negle",1,2,1,1,1,1,1,0,1,0,0,0,0,0,0,0,0,0,0,0,0,0,0,0,0,0,0,0,0,0,0
"283","artemi_ludov.4B","4B","artemi_ludov",2,2,2,2,2,2,1,1,1,1,1,1,1.5,1,1,1,2,1,2,2,2,2,2,2,2,1,1,1.5,2,2,2
"284","asclep_steno.4B","4B","asclep_steno",1,1,1,0,1,1,1,1,1,1,1,1,1,1,1,1,1,1,1,1,1,1,1,1,1,1,1,1,1,1,1
"285","asclep_syria.4B","4B","asclep_syria",2,2.5,3,2,2,2,1.5,2,2,2,2,2,1,1,1,1,1,1,1,1,1,1,2,1,1,1,1,1,0,0,0
"286","asclep_tuber.4B","4B","asclep_tuber",1.5,2,1.5,0,1.5,1,1,2,2,2,0,0,0,0,2,0,0,0,0,0,0,0,0,0,0,0,0,0,0,0,0
"287","asclep_verti.4B","4B","asclep_verti",1,2,1,1,0,0,1,1,1,1,1,1,1,1,1,1,1,1,0,0,0,0,0,0,0,0,0,0,0,0,0
"288","asclep_virdf.4B","4B","asclep_virdf",1,1,1,0,1,1,1,1,1,1,1,1,1,1,1,1,1,1,0,1,1,1,1,1,1,1,1,1,1,1,1
"289","asclep_virds.4B","4B","asclep_virds",2,2,2,2,2,1,2,2,1,1,1,1.5,1,1,1,1,1,1,1,0,0,1,2,0,0,1,1,0,1,1,1
"290","astrag_crass.4B","4B","astrag_crass",2,2,2,2,1.5,1.5,2,2,1.5,1,2,1.5,1.5,1.5,2,1,2,1,0,1,0,1.5,0,1,0,0,0,0,0,0,0
"291","baptis_austr.4B","4B","baptis_austr",2,2,2,2,2,2,2,2,1,2,1,2,1,1,2,1,1,1,1,1,1,2,1,1.5,1,1,1,1,1,1,1
"292","boutel_curti.4B","4B","boutel_curti",1,2.5,1,1,1,1,2,2,2,2,2,2,2,2,2,3,2,3,2,1,1,1,1,2,2,2,2,2,2,2,2
"293","boutel_hirsu.4B","4B","boutel_hirsu",2,2,2,1,1,0,0,0,0,0,0,0,0,0,0,0,0,0,0,0,0,0,0,0,0,0,0,0,0,0,0
"294","bricke_eupat.4B","4B","bricke_eupat",2,2,2,2,2,1,2,2,2,2,1,1,2,2,1,1,1,1,1,1,1,1,1,1,1,1,1,1,1,1,1
"295","callir_invol.4B","4B","callir_invol",1,0,0,0,0,0,0,0,0,0,0,0,0,0,0,0,0,1,0,1,0,0,0,0,0,0,0,0,0,0,0
"296","carex_brevi.4B","4B","carex_brevi",1,0,0,0,1,1,1,1,1,1,1,2,2,1,1,1,1,1,1,1,1,1,1,1,1,1,1,1,1,1,1
"297","carex_gravi.4B","4B","carex_gravi",1,0,0,0,0,0,0,1,1,1,1,1,1,0,1,1,1,1,1,1,0,1,1,1,1,1,1,1,1,1,1
"298","carex_inops.4B","4B","carex_inops",1,0,0,1,1,1,1,1,1,2,2,3,2.5,2,2,2,2,2,1,1,1,1,1,1,1,2,2,2,1.5,1,1
"299","carex_meadi.4B","4B","carex_meadi",1,0,2,2,1,1,1,1,2,2,1,1,1.5,1,1,1,1,1,1,1,1,1,1,1,1,1,1,1,1,1,1
"300","ceanot_herba.4B","4B","ceanot_herba",2,2,2,3,2,3,2,2,2,2,2,2,2,1.5,2,2,2,2,2,2,2,2,2,2,2,2,2,2,2,2,2
"301","celtis_occid.4B","4B","celtis_occid",1,0,0,0,2,0,0,0,0,0,0,0,0,0,0,0,0,0,0,0,0,0,0,0,0,0,0,0,0,0,0
"302","chenop_album.4B","4B","chenop_album",1,0,0,0,0,0,0,0,0,0,0,0,0,0,0,0,0,0,0,0,0,0,0,0,0,0,0,0,0,0,0
"303","cirsiu_altis.4B","4B","cirsiu_altis",1,2,2,2,2,1.5,1,2,2,1,1,1,1,1,1,0,1,1,1,1,1,1,1,1,1,1,1,1,1,1,1
"304","cirsiu_undul.4B","4B","cirsiu_undul",1,2,1,2,2,2,2,2,1,1,1,1,1,1,1,1,1,1,1,1,1,1,1,1,1,1,1,1,1,1,1
"305","comand_umbel.4B","4B","comand_umbel",1,0,2,2,2,2,1,2,1,1,2,2,3,3,4,3,1,1,1,0,1,2,1.5,1,1,1,1,1,1,1,1
"306","cornus_drumm.4B","4B","cornus_drumm",2,2.5,2.5,2,2,2,2.5,3,4,3,5,5,4.5,4.5,4,5,5.5,5.5,6,6,6,6,6,6,6,5,5,6,6,5,5
"307","cyperu_lupul.4B","4B","cyperu_lupul",1,0,0,0,0,0,1,0,1,1,0,1,0,1,1,1,1,0,0,0,0,1,0,0,0,1,0,0,0,1,1
"308","dalea_candi.4B","4B","dalea_candi",2,1,1,0,1,1,1,1,1,1,1,1,1,1,1,1,1,1,1,1,1,1,1,1.5,1,1,1,1,1,1,1
"309","dalea_purpu.4B","4B","dalea_purpu",1,1,1,1,1,1,1,1,1,1,1,1,1,1,1,1,1,1,1,1,1,1,1,1,1,1,1,1,1,1,1
"310","delphi_carol.4B","4B","delphi_carol",1,2,1,1,1,1,1,1,1,1,1,1,0,1,0,0,0,1,1,0,1,1,0,0,0,0,0,0,1,0,0
"311","descur_pinna.4B","4B","descur_pinna",1,0,0,1,0,1,0,1,0,0,0,0,0,0,0,0,0,0,0,0,0,0,0,0,0,0,0,0,0,0,0
"312","desmod_illin.4B","4B","desmod_illin",2,1.5,2,2,1.5,0,0,2,2,1,1.5,1.5,1.5,1.5,2,1.5,1,1,2,1,0,1,1,1,1.5,1.5,1,1,1,1,1.5
"313","dichan_oligo.4B","4B","dichan_oligo",1,2,2,1.5,1,1,1,2,2,2,1,2,2,1.5,1,1,2,2,2,2,1,1,1,1,1,1,1,1,1,1,1
"314","echina_angus.4B","4B","echina_angus",1,1,1,1,1.5,1,1,1,1,1,0,1,1,1,1,1,1,1,0,0,1,1,1,0,0,0,1,1,1,0,0
"315","elymus_canad.4B","4B","elymus_canad",1.5,2,1,1,1.5,1,1,1,1,1,1,1,1,1,1,1,1,0,1,1,1,1,1,1,1,1,0,1,1,1,1
"316","eragro_spect.4B","4B","eragro_spect",1,1,2,1,1,1,1,1,1,1,1,0,1,1,1,1,1,1,1,1,0,1,0,0,1,1,1,1,1,1,0
"317","eriger_strig.4B","4B","eriger_strig",1,1,1,1,1,1,0,1,1,1,1,1,1,1,1,1,1,1,1,1,1,0,0,1,0,0,0,0,0,0,1
"318","eupato_altis.4B","4B","eupato_altis",2,1,2,2,2,2,2,2,1,1,1,1,1,1,1,1,1,2,1,1,1,2,1,0,1,1,1,1,1,1,1
"319","euphor_missu.4B","4B","euphor_missu",1,0,0,0,0,0,0,0,0,0,0,0,0,0,0,0,0,0,0,0,0,0,0,0,0,0,0,0,0,0,0
"320","euphor_spath.4B","4B","euphor_spath",1,1,1,1,1,1,0,1,0,1,0,0,0,0,1,1,1,0,1,0,0,0,0,1,1,0,0,1,0,0,0
"321","galium_apari.4B","4B","galium_apari",1,0,0,1,1,1.5,0,1,0,0,0,0,0,0,0,0,0,0,0,0,0,0,0,0,0,0,0,1,1,0,0
"322","gledit_triac.4B","4B","gledit_triac",1,1,0,0,1,1,0,0,1,1,1,1,1,1,1,1,1,1,1,2,1.5,1,2,1.5,1.5,0,1,1.5,1.5,1.5,1.5
"323","hierac_longi.4B","4B","hierac_longi",1,1,1,1,1,1,1,2,1,1,1,0,0,0,0,0,0,0,0,0,0,0,0,0,0,0,0,0,0,0,0
"324","koeler_macra.4B","4B","koeler_macra",1,2,1,1,1,1,1,1,1,1,1,1,1,1,1,1,1,1,1,1,1,1,1,1,1,1,1,1,1,1,1
"325","lactuc_serri.4B","4B","lactuc_serri",1,1,1,0,1,2,1,0,0,1,0,0,0,0,0,0,0,0,0,0,0,0,0,0,0,0,0,0,0,0,0
"326","lepidi_densi.4B","4B","lepidi_densi",1,0,0,0,0,1,0,1,1,1,0,0,1,0,0,0,0,0,0,0,0,0,0,0,0,0,0,0,0,0,0
"327","lesped_capit.4B","4B","lesped_capit",2,2,2,2,2,2,1,1,1,1,1,1,1,1,1,1,1,1,1,1,1,1,1,1,1,1,1,1,1,1,1
"328","lesped_viola.4B","4B","lesped_viola",2,3,3,2,2,2,2,2,3,3,4,4,3.5,3.5,3,3.5,3,3,3,3,3,3,3,3,3,3,2,2.5,2,2,2
"329","linum_sulca.4B","4B","linum_sulca",1,1,1,1,1,1,0,1,0,1,1,1,1,0,1,1,1,1,1,0,0,1,1,1,1,0,1,1,1,0,1
"330","lomati_foeni.4B","4B","lomati_foeni",2,2,2,2,1,1.5,1,1,1,1,1,1,1,1,1,1,1,1,1,0,1,1,1,0,0,1,0,1,1,1,1
"331","mimosa_quadr.4B","4B","mimosa_quadr",2,2,2,2,2,1,2,2,2,2,2,1.5,2,1,2,2,1,1,1.5,1.5,2,2,2,1,2,2,2,2,1.5,2,2
"332","muhlen_cuspi.4B","4B","muhlen_cuspi",2,2,2,2,2,1,2,2,1,1,1,0,1,1,1,0,0,1,0,1,1,1,0,1,1,1,1,1,1,1,1
"333","oenoth_bienn.4B","4B","oenoth_bienn",1,0,0,0,0,0,0,0,0,0,0,0,0,0,0,0,0,0,0,0,0,0,0,0,0,0,0,0,0,0,0
"334","oenoth_macro.4B","4B","oenoth_macro",2,0,1,0,0,1,1,1,1,0,1,1,1,1,0,0,0,0,0,0,0,0,0,0,0,0,0,0,0,0,0
"335","oxalis_stric.4B","4B","oxalis_stric",1,1,1,1,1,1,0,1,1,0,0,1,1,0,1,1,1,1,1,1,1,1,1,0,0,0,0,0,0,0,0
"336","oxalis_viola.4B","4B","oxalis_viola",1,1,1,2,1,2,1,1,1,0,1,1,1,0,0,0,0,1,0,0,0,1,0,0,0,0,0,0,0,1,0
"337","packer_platt.4B","4B","packer_platt",1,1,1,1,1,1,1,1,1,1,0,1,1,1,1,1,0,1,0,1,0,1,1,0,0,0,0,1,1,1,1
"338","panicu_capil.4B","4B","panicu_capil",1,0,0,0,0,0,0,0,0,0,0,0,0,0,0,0,0,0,0,0,0,1,0,0,0,0,0,0,0,2,0
"339","panicu_virga.4B","4B","panicu_virga",1,2,2,2,2,1,1,1,1,2,1,1,1,1,1,2,2,2,2,2,2,2,2,1,1,1,1,1,1,1,1
"340","pediom_argop.4B","4B","pediom_argop",2,2,2,2,1,1,1,1,1,1,1,1,1.5,1.5,1,1,1,1,0,0,0,1,1,0,0,0,0,0,0,0,0
"341","pediom_escul.4B","4B","pediom_escul",1,2,1,2,2,1,1,1.5,1,1,1,1,1,1,1,1,1,1,1,1,1,1,1,1,1,1,1,1,1,1,0
"342","pediom_tenui.4B","4B","pediom_tenui",2,2,2,1,2,2,2,2,2,2,2,2,1,2,2,2,1,1,1,1,1,1,1.5,1,1,1,1,0,1,1,1
"343","physal_pumil.4B","4B","physal_pumil",2,2,2,2,1,1,2,2,1,1,1,1,1,1,1,1,1,1,1,2,1,1,1,2,1,1,1,1,1,1,1
"344","poa_prate.4B","4B","poa_prate",2,4,2,3,2,3,1,2,2,2,3,2,2,1,2,2,3,3,2,3,3,2,2,2,2,2,2,2,2,1,1
"345","prunus_ameri.4B","4B","prunus_ameri",3.5,3.5,2.5,3,3,4,3,3.5,3,3.5,3.5,4,4,4,4,3,3,3,3,3.5,2,2.5,3.5,3,3,2,3,3,3,2,2.5
"346","ratibi_colum.4B","4B","ratibi_colum",1,1.5,1,2,1,0,1,2,1,1,1,1,1.5,1,1,1,0,1,1,1,1,1,1,1,1,0,1,1,1,1,1
"347","rhus_aroma.4B","4B","rhus_aroma",2,0,0,0,0,0,0,0,0,0,0,0,0,0,0,0,0,0,0,0,0,0,0,0,0,0,0,1,0,0,0
"348","rhus_glabr.4B","4B","rhus_glabr",2,3,3,2.5,3,2,3,2.5,3.5,3,3,3,3.5,3,3,3,3,3,2,2,2.5,3,4,2,2,2,2,2,2,2,2
"349","rosa_arkan.4B","4B","rosa_arkan",2,3,2,2,2,1.5,2,2,3,2.5,3,3,2,2,2,2,2,2,2,2,2,2.5,2,2,2,2.5,1.5,2,2,1,2
"350","ruelli_humil.4B","4B","ruelli_humil",1,1,1,1,1,1,1,1,1,1,1,1,1,1,1,1,1,1,1,1,1,1,1,1,1,1,1,1,1,1,1
"351","salvia_azure.4B","4B","salvia_azure",2,2,2,2,2,2,2,2,2,2,2,2,2,2,1,1,1,1,1,1,1,2,1.5,1,1,1.5,1,1,1,1,1
"352","schiza_scopa.4B","4B","schiza_scopa",2,3,2,2,2,2,2,2,2,2,2,2,2,2,3,2,2.5,2,2,2,2,2,2,2,2,2,2,2,2,2,2
"353","silene_antir.4B","4B","silene_antir",1,0,0,1,0,0,0,1,0,1,1,0,1,0,1,1,1,0,1,0,0,0,1,1,0,0,0,1,0,0,0
"354","sisyri_campe.4B","4B","sisyri_campe",1,0,0,1,1,1,1,1,1,1,1,1,1,0,1,0,1,1,1,1,0,0,0,0,0,0,1,0,1,0,1
"355","solida_altis.4B","4B","solida_altis",3,4,3,3,2.5,3,3,3,3,2.5,4,4.5,5,5.5,3,4,2.5,2,2,2,2,2,2.5,2,2,1,1,2,1,2,2
"356","solida_misso.4B","4B","solida_misso",2,2,2,2,2,2,2,2,2,2,2,3,2.5,3,3,3.5,2,2,1,2,2,1,2,1,1,1,2,2,2,2,2
"357","solida_rigid.4B","4B","solida_rigid",2,2,2,2,2,2,2,1,1,1,2,3,3,2.5,1,2,2,1,1.5,2,1,1,2,0,0,0,0,1,0,0,1
"358","sonchu_asper.4B","4B","sonchu_asper",1,0,0,0,0,0,0,0,0,0,0,0,0,0,0,0,0,0,0,0,0,0,0,0,0,0,0,0,0,0,0
"359","sorgha_nutan.4B","4B","sorgha_nutan",2,3,2,2,2,1,1,2,2,2,2,2,2,2,2,2,2,2,2,2,2,2,2,2,2,2,2,2,2,2,2
"360","spermo_inerm.4B","4B","spermo_inerm",1,1,0,1,0,0,0,1,0,1,0,0,0,0,1,1,1,0,1,0,0,0,0,1,0,0,1,0,0,0,1
"361","spiran_verna.4B","4B","spiran_verna",1,0,0,0,0,0,0,0,0,0,0,0,0,0,0,0,0,0,0,0,0,0,0,0,0,0,0,0,0,0,0
"362","sporob_compo.4B","4B","sporob_compo",2,3,2,2,2,2,2,2,1,2,2,2,2,2,1,1,2,1,1,1,1,1,1,1,1,1,1,1,1,2,1.5
"363","sporob_crypt.4B","4B","sporob_crypt",1,0,0,0,0,0,0,0,0,0,0,0,0,0,0,0,0,0,0,0,0,0,0,0,0,0,0,0,0,0,0
"364","sporob_heter.4B","4B","sporob_heter",2,2.5,2,2,2,2,2,2,2,2,2,2,2,2,2,2,2,2,2,2,2,2,2,1,1,1,2,2,1.5,1,1
"365","sympho_orbic.4B","4B","sympho_orbic",2,2,2,2,2,2,2,2,2,2,2,2,2,1,1,1,1,1,1,2,2,2,2,1,2,1,1,2,2,1,1
"366","symphy_erico.4B","4B","symphy_erico",3,3,2,2,2,2,2,2,3,3,3,3,3,2,3,3,2,2,2,2,2,2,3,2,2,2,2,2,2,2,2
"367","symphy_oblon.4B","4B","symphy_oblon",2,2,2,2,2,2,2,2,3,3,3,3,3,3,4,4,3,2,2,2,3,3,2,2,2,2,2,3,3,3,3
"368","symphy_seric.4B","4B","symphy_seric",1,2,2,2,2,2,2,2,1,1,1,1,1.5,1,1,1,1,1,1,1,1,1,1,1,1,1,1,1,1,1,1
"369","tragia_beton.4B","4B","tragia_beton",1,2,2,2,1,1,1,1,1,1,1,1,1,1,1,1,1,1,1,1,1,1,1,1,1,1,1,1,1,1,1
"370","tragop_dubiu.4B","4B","tragop_dubiu",1,1,1,0,0,0,0,1,0,0,0,0,0,1,0,0,0,0,0,0,0,1,0,0,0,0,0,0,0,0,0
"371","trioda_perfo.4B","4B","trioda_perfo",1,1,0,1,1,1,0,1,0,1,0,0,1,0,1,1,1,0,1,0,0,0,0,1,0,0,0,1,1,0,0
"372","ulmus_ameri.4B","4B","ulmus_ameri",1,1,0,0,0,0,0,0,0,0,0,0,0,0,0,0,0,0,0,1,1,1,1,0,1,1,1,1,1,1,1
"373","vernon_baldw.4B","4B","vernon_baldw",1,1,2,1.5,2,2,2,1,1,1,1,1,1,1,1,1,1,1,1,1,1,1,1,1,1,1,1,1,1,1,1
"374","viola_bicol.4B","4B","viola_bicol",1,1,0,1,1,1,0,1,0,0,0,0,1,0,1,1,0,0,0,0,0,0,0,1,0,0,0,0,0,0,0
"375","viola_pedat.4B","4B","viola_pedat",1,1.5,1,1,1,1,1,1,1,1,1,1,1,0,1,0,0,1,0,0,0,0,1,0,0,0,0,1,0,0,0
"376","vulpia_octof.4B","4B","vulpia_octof",1,1,0,0,0,0,0,1,0,0,0,0,1,0,1,1,1,0,1,0,0,0,0,1,0,0,0,0,1,0,0
"377","achill_mille.N1B","N1B","achill_mille",1,1,1,2,1,1,1,1,1,1,1,1,1,1,1,1,1,1,1,1,1,1,1,1,1,1,1,1,1,1,1
"378","agalin_asper.N1B","N1B","agalin_asper",1,0,0,0,0,0,0,0,0,0,0,0,0,0,0,0,0,0,0,0,0,0,0,0,0,0,0,0,0,0,0
"379","ambros_psilo.N1B","N1B","ambros_psilo",2,2,3,3,2,2,2.5,3,2,2,4,4,5,3,2,4,4,3,3,2,2,2,2,2,3,3,1,1,1,2,2
"380","amorph_canes.N1B","N1B","amorph_canes",2,2,2,2,2,2,2,2,2,2,3,3,2.5,3,3,3,2,2,2,2,2,2,2,2,2,2,2,2,2,2,2
"381","androp_gerar.N1B","N1B","androp_gerar",4,4,4,4,4,4,4,4,4,4,4,4,4,4,3.5,3,3,3,3,3,3,3.5,3,3,3,4,3,3,4,3.5,4
"382","andros_occid.N1B","N1B","andros_occid",1,0,0,0,0,0,0,0,0,0,0,0,0,0,0,0,0,0,0,0,1,0,0,1,0,1,0,1,1,1,1
"383","antenn_negle.N1B","N1B","antenn_negle",2,1,2,2,2,2,1,2,1,1,1,2,1,1,1.5,2,1.5,1,1.5,1,1,1,2,2,2,2,2,2,2,2,2
"384","argemo_polya.N1B","N1B","argemo_polya",1,0,0,0,0,0,0,0,0,0,0,0,0,0,0,0,0,0,0,0,0,0,0,0,0,0,0,0,0,0,0
"385","artemi_ludov.N1B","N1B","artemi_ludov",2,2,2,2,1,1,1,1,1,1,1,1,1,2,2,2,1,1,1.5,1,1,2,2,1,2,2,2,2,2,2,2
"386","asclep_steno.N1B","N1B","asclep_steno",1,0,1,0,1,1,0,0,0,1,1,1,0,1,0,0,0,0,0,1,1,0,0,0,1,0,1,1,0,0,1
"387","asclep_syria.N1B","N1B","asclep_syria",2,2,1.5,1,1,1,1,0,0,0,1,1,0,1,0,1,0,1,1,1,0,0,0,1,0,0,0,0,1,0,1
"388","asclep_tuber.N1B","N1B","asclep_tuber",1,1,1.5,1,1,0,0,0,1,1,1,0,0,0,0,0,0,0,1,0,0,0,0,1,1,0,0,1,0,0,0
"389","asclep_verti.N1B","N1B","asclep_verti",2,2,2,1,1,1,1,1,1,1,1,1,1,1,1,1,1,1,1,1,1,1,1,1,1,1,1,1,1,1,1
"390","asclep_virdf.N1B","N1B","asclep_virdf",1,1,1,1,1,1,1,1,1,1,1,1,1,1,1,1,1,1,1,1,1,1,1,1,0,0,0,1,1,1,1
"391","asclep_virds.N1B","N1B","asclep_virds",2,2,2,2,2,1,1,1,2,2,1.5,2,2,1,1.5,1,1,1,1,1,1,1,2,1,1,1,1,1,1,1,1
"392","astrag_crass.N1B","N1B","astrag_crass",2.5,2,0,0,1,1,0,0,1,0,1,1,1,1,1,1.5,0,1.5,1.5,2,2,2,2,1,1,1,1,1,1,1,1
"393","baptis_austr.N1B","N1B","baptis_austr",2,1.5,2,2,2,1,1,1,1,1,1.5,2,1.5,1,1,2,1,1,2,1,1,1,1,1.5,1.5,1,1.5,2,1,1.5,1
"394","baptis_bract.N1B","N1B","baptis_bract",2,2,1.5,2,1,1,1,1,1,1,1.5,1.5,2,1,1.5,1.5,1.5,1.5,1.5,2,1.5,2,2,1,1,1.5,1.5,1.5,1.5,1.5,1.5
"395","boutel_curti.N1B","N1B","boutel_curti",3,2,2,2,2,2,2,1,1,2,2,1,1,1.5,2,2,2,1.5,1,1,1,2,1,2,2,2,2,2,2,2,2
"396","boutel_graci.N1B","N1B","boutel_graci",2,2,2,2,2,1.5,1,1,1,2,2,2,1.5,1.5,2,2,2,2,2,2,2,2,2,1,2,2,2,2,2,2,2
"397","boutel_hirsu.N1B","N1B","boutel_hirsu",2.5,2,2,2,1,1,1,1,1,1,1,1,1.5,1,1,1,2,2,2,2,1.5,1.5,1,2,2,2,2,2,2,2,2
"398","bricke_eupat.N1B","N1B","bricke_eupat",2,2,2,2,1,1,1,1,1,1,1,1,1,1,1,1,1,1,1,1,1,1,1,1,1,1,1,1,1,1,1
"399","bromus_inerm.N1B","N1B","bromus_inerm",2,3,0,3,2,1,1,2,1.5,2,2,0,0,0,0,1,1,1,0,1,1,1,0,0,0,1,1,0,0,0,0
"400","callir_invol.N1B","N1B","callir_invol",1,2,2,2,1,1,1,1,1,1,1,1,1,1,1,1,1,2,1,1,1,1,1,1,1,1,1,1,1,1,1
"401","carex_brevi.N1B","N1B","carex_brevi",1,0,0,0,1,1,2,2,2,2,2,2,2,2,2,2,2,1,1,1,1,1,1,1,1,1,1,1,1,1,1
"402","carex_gravi.N1B","N1B","carex_gravi",2,0,0,0,1,1,1,1,1,1,1,1,1,1,1,1,1,1,1,1,1,1,1,1,1,1,1,1,1,1,1
"403","carex_inops.N1B","N1B","carex_inops",1,0,0,0,0,0,2,2,1,1.5,2,3,3,2.5,3,2,2,2,1.5,2,1,1,1.5,1,2,2,2,2,2,2,2
"404","carex_meadi.N1B","N1B","carex_meadi",1,2,0,0,1,1,1,1,1,1,1,1,1,1,1,1,1,1,1,1,1,1,1,1,1,1,1,1,1,1,1
"405","ceanot_herba.N1B","N1B","ceanot_herba",3,2,2,2,2,2,2,2,2,2,2,2,2,2,2,2,2,2,2,2,2,2,2,2,2,2,2,2,2,2,2
"406","cirsiu_altis.N1B","N1B","cirsiu_altis",1,1,1,1,1,1,1,0,0,0,0,0,0,0,0,1,0,0,0,0,0,0,0,0,1,0,0,0,0,0,0
"407","cirsiu_undul.N1B","N1B","cirsiu_undul",1,1,1,1,1,1,1,1,1,1,1,1,1,1,1,1,1,1,1,1,1,1,2,1,1,1,1,1,1,1,1
"408","comand_umbel.N1B","N1B","comand_umbel",3,3,3,3,3,2,2,1,1,1,1,1,1,1,1,1,1,0,1,1,1,1,1,1,1,1,1,1,1,1,1
"409","conyza_canad.N1B","N1B","conyza_canad",1,0,1,1.5,0,1,1,1,1,1,0,1,1,1,1,1,1,1,1,1,1,1,1,1,1,1,0,1,1,1,1
"410","croton_monan.N1B","N1B","croton_monan",1,0,1,1,1,1,1,0,0,1,0,0,0,1,1,1,0,1,1,0,1,1,1,1,1,1,1,1,1,1,1
"411","dalea_candi.N1B","N1B","dalea_candi",1,1,1,1,1,1,1,1,1,1,1,1,1,1,1,1,1,1,1,1,1,1,1,1,1,1,1,1,1,1,1
"412","dalea_purpu.N1B","N1B","dalea_purpu",2,1,2,2,1,1,1,1,1,1,1,2,1,1,1,1,1,1,1,1,1,1,1,1,1,1,1,1,1,1,1
"413","delphi_carol.N1B","N1B","delphi_carol",1,1,0,1,1,1,1,1,1,1,1,1,1,0,1,1,0,1,0,1,1,1,1,1,1,0,1,1,1,1,1
"414","descur_pinna.N1B","N1B","descur_pinna",1,0,0,0,0,0,1,0,0,0,0,0,0,0,0,0,0,0,0,0,0,0,0,0,0,0,0,1,0,0,0
"415","desmod_illin.N1B","N1B","desmod_illin",3,1,0,0,0,0,0,0,0,0,0,1,0,0,0,1,1,0,1,0,0,0,1,1,1,0,0,0,1,1,1
"416","dichan_oligo.N1B","N1B","dichan_oligo",2,2,2,2,1,1,1,1,1,1,1,1,1,1,1,1,1,2,1,1,1,1,1,1,1,1,1,1,1,1,1
"417","dichan_ovale.N1B","N1B","dichan_ovale",1,0,0,0,1,0,0,0,0,0,0,0,0,0,1,0,0,1,1,0,0,0,1,1,1,1,1,1,1,1,1
"418","draba_cunei.N1B","N1B","draba_cunei",1,0,0,0,0,0,0,0,0,0,0,0,0,0,0,0,0,0,0,0,0,0,0,1,0,1,0,1,0,0,0
"419","eragro_spect.N1B","N1B","eragro_spect",2,1,2,2,1,1,1,1,1,1,1,1,1,1,1,1,1,1,1,1,1,1,1,1,1,1,1,1,1,1,1
"420","euphor_margi.N1B","N1B","euphor_margi",1,1,1,1,1,0,1,1,1,1,1,1,1,1,1,1,1,1,1,1,1,1,1,1,1,1,1,1,1,1,1
"421","euphor_serpe.N1B","N1B","euphor_serpe",1,0,1.5,1,1,1,0,0,1,1,1,0,1,1,1,1,2,1,1,0,1,1,1,0,0,0,0,0,0,0,0
"422","euphor_spath.N1B","N1B","euphor_spath",1,1,1,1,1,0,1,1,0,1,0,1,1,1,1,1,1,1,1,1,1,1,1,1,1,1,0,1,1,1,1
"423","galium_apari.N1B","N1B","galium_apari",1,0,0,0,0,0,0,0,0,0,0,0,0,1,0,0,0,0,0,0,0,0,0,0,0,1,0,0,0,0,0
"424","gerani_carol.N1B","N1B","gerani_carol",1.5,0,0,1,0,0,1,0,0,1,0,0,0,1,1,1,0,0,0,0,0,0,0,0,0,0,0,0,0,0,1
"425","glandu_bipin.N1B","N1B","glandu_bipin",1,0,0,0,0,0,0,0,0,0,0,0,0,0,0,0,0,0,0,0,0,0,1,0,0,0,0,0,1,0,1
"426","hybant_verti.N1B","N1B","hybant_verti",3,0,1,0,0,0,0,0,0,0,0,1,0,0,1,0,0,0,0,0,0,0,1,1,1,1,1,1,1,1,1
"427","hymeno_scabi.N1B","N1B","hymeno_scabi",1,1,1.5,2,1,1,1,1,1,1,1,1,1,1,1,1,1,1,1,1,1,1,1,1,1,1,1,1,1,1,1
"428","koeler_macra.N1B","N1B","koeler_macra",2,1,1,1,1,1,1,1,1,1,1,1,1,1,1,1,1,1,1.5,1,1,1,1,1,1,1,1,1,1,1,1
"429","lactuc_serri.N1B","N1B","lactuc_serri",1,1,0,1,0,0,0,0,0,1,0,0,0,0,0,0,0,0,0,0,0,0,0,0,0,0,0,0,0,0,0
"430","lepidi_densi.N1B","N1B","lepidi_densi",1,1,1,1,1,1,1,1,1,1,1,1,1,1,1,1,1,1,1,1,1,1,1,1,1,1,1,1,1,1,1
"431","lesped_capit.N1B","N1B","lesped_capit",1,2,1,2,1,1,1,1,1.5,1,1,2,2,1,1,1,1,1,1,1,1,1,1,1,1,1,1,1,1,1,1
"432","lesped_viola.N1B","N1B","lesped_viola",3,0,0,1,0,0,0,0,0,0,0,0,0,1,1,1,1,1,1,1,1,1,1.5,2,1,1,1,1,1,1,1
"433","linum_sulca.N1B","N1B","linum_sulca",1,1,1,1,1,1,1,1,1,1,1,1,1,1,1,1,1,1,1,1,1,1,1,1,1,1,1,1,1,1,1
"434","lomati_foeni.N1B","N1B","lomati_foeni",1,2,2,2,1,1,1,1,1,1,1,2,1,1,2,1,1,1,1,1,1,1,1,1,1,1,1,1,1,1,1
"435","mimosa_quadr.N1B","N1B","mimosa_quadr",2,2,1,1,1,1,1,1,1.5,1,1,1,1.5,1,1.5,1,1,1,1,2,1,2,1.5,1,1,1,1,1,1,1,1
"436","mirabi_linea.N1B","N1B","mirabi_linea",1,0,0,0,0,0,0,0,0,0,0,0,0,0,0,0,0,0,0,0,0,0,0,0,0,0,0,0,0,0,0
"437","muhlen_cuspi.N1B","N1B","muhlen_cuspi",2,0,0,0,0,0,1,1,0,0,0,0,0,0,1,1,0,0,0,0,0,0,0,0,0,0,1,0,0,0,0
"438","oenoth_bienn.N1B","N1B","oenoth_bienn",1,0,0,0,0,0,0,0,0,0,0,0,0,0,0,0,0,0,1,0,0,0,0,1,1,0,0,0,0,0,0
"439","oenoth_macro.N1B","N1B","oenoth_macro",1,0,0,0,0,0,0,0,1,1,0,0,0,0,0,0,0,0,0,0,1,1,0,0,1,0,1,1,1,1,1
"440","oenoth_speci.N1B","N1B","oenoth_speci",1,2,1,1,1,0,0,1,1,0,0,1,1,1,1,1,0,1,0,0,0,0,0,0,0,0,1,1,1,1,0
"441","oxalis_stric.N1B","N1B","oxalis_stric",1,1,1,1,1,1,1,1,1,1,1,1,1,1,1,1,1,1,1,1,1,1,1,0,0,0,0,0,0,0,0
"442","oxalis_viola.N1B","N1B","oxalis_viola",2,1,1,2,1,1,1,0,0,1,0,1,1,1,1,1,1,1,1,1,0,1,1,1,1,1,1,1,1,1,1
"443","packer_platt.N1B","N1B","packer_platt",1,1,1,1,1,1,1,1,1,1,1,1,1,1,1,1,1,1,1,1,1,1,1,1,1,1,1,1,1,1,1
"444","panicu_virga.N1B","N1B","panicu_virga",3,2,2,2,2,2,2,2,2,2,1.5,1,1,1,1,1,1,1,1,1,1,1,1,1,1,1,1,1,1,1,1
"445","pediom_escul.N1B","N1B","pediom_escul",1,2,1,1,1,1,1,1,1,1,1,1,1,1,1,1,1,1,1,1,1,1,1,0,1,1,1,1,1,1,1
"446","physal_pumil.N1B","N1B","physal_pumil",2,2,2,2,1,1,1,1,1,1,1,1,1,1,1,1,1,1,1,1,1,1,1,1,1,1,1,1,1,1,1
"447","poa_prate.N1B","N1B","poa_prate",2,2,2,2,1,1,2,1,1,2,1,1,1,1,1,2,1,2,1,1,1,1,1,1,1,1,1,1,1,1,1
"448","ratibi_colum.N1B","N1B","ratibi_colum",1,1,1,1,1,1,1,1,1,1,1,1,1,1,1,2,1,1,1,1,1,1,1,1,1,1,1,1,1,1,1
"449","rhus_glabr.N1B","N1B","rhus_glabr",2,1,2,3,2,2,2,2,3,3,3,3,3,3.5,3.5,2,2.5,2.5,3,2,3,4,4,4,4,4,4,4,4,4,3.5
"450","rosa_arkan.N1B","N1B","rosa_arkan",2,3,3,2.5,2,2,2,2,2.5,2.5,2.5,2.5,2.5,2.5,1,2.5,3,2,2,3,2.5,2,2.5,2,1,1,1,1,1,1,1
"451","ruelli_humil.N1B","N1B","ruelli_humil",2,2,1,1,1,1,1,1,1,1,1,1,1,1,1,1,1,1,1,1,1,1,1,1,1,1,1,1,1,1,1
"452","salvia_azure.N1B","N1B","salvia_azure",2.5,2,2,2,2,2,2,2,3,3,4,4,3,3,3,2,2,2,1,1,1,1,1,2,1,1,1.5,2,2,1.5,1.5
"453","schiza_scopa.N1B","N1B","schiza_scopa",3,2.5,3,2,2,2,2,2,2,2,2,2,2,2,2,2,1,1,1,1,1,1,1,1,1,1,1,1,1,1,1
"454","senna_maril.N1B","N1B","senna_maril",2,0,0,0,0,0,0,0,0,0,0,0,0,0,0,0,0,0,0,0,0,0,0,0,0,0,0,0,0,0,0
"455","silene_antir.N1B","N1B","silene_antir",1,0,0,2,0,1,1,1,1,1,0,1,1,1,1,1,1,1,1,1,1,1,1,1,1,1,0,1,1,1,1
"456","sisyri_campe.N1B","N1B","sisyri_campe",1,2,1,1,1,1,1,1,1,1,1,0,1,1,0,1,0,1,1,1,0,1,1,1,1,1,1,1,1,1,1
"457","solanu_carol.N1B","N1B","solanu_carol",2,1,2,2,1,1,1,1,1,1,1,1,1,0,1,1,1,1,1,0,0,1,1,0,1,0,0,0,1,1,1
"458","solanu_ptyca.N1B","N1B","solanu_ptyca",1,0,0,0,0,0,0,0,0,0,0,0,0,0,0,0,0,0,0,0,0,0,0,0,0,0,0,0,0,0,0
"459","solanu_rostr.N1B","N1B","solanu_rostr",1,0,0,0,1,0,0,1,0,1,0,0,0,1,0,0,0,0,0,0,0,0,1,0,1,0,1,0,1,1,0
"460","solida_altis.N1B","N1B","solida_altis",3,5,5,2.5,2.5,4,2,2,2,2,3,3,3,4,2,2,2,2,2,2,2,2,2.5,3,3,3,2,3,2,2,2
"461","solida_misso.N1B","N1B","solida_misso",2,1,2,2,2,1,2,1,1.5,2,1,2,2,2,2,2.5,2,1,2,1.5,1.5,2,1,2,1,1,1,2,1.5,1.5,1
"462","sorgha_nutan.N1B","N1B","sorgha_nutan",3,3,3,3,3,3,3,3,3,3,3,3,2,2,2,2,2,2,2,2,2,2,2,2,2,2,2,2,2,2,2
"463","spermo_inerm.N1B","N1B","spermo_inerm",1,0,1,1,0,1,1,1,1,2,0,1,1,1,1,1,1,1,1,1,1,1,1,1,1,1,1,1,1,1,1
"464","sporob_compo.N1B","N1B","sporob_compo",3,2,2,2,1,1,1,1,1,1,1,1,1,1,1,1,1,1,1,1,1,1,1,1,1,1,1,1,1,1,1
"465","sporob_crypt.N1B","N1B","sporob_crypt",1,0,0,0,0,0,0,0,0,0,1,1,1,1,1,1,1,0,1,1,0,1,1,1,1,1,1,1,1,1,1
"466","sporob_heter.N1B","N1B","sporob_heter",2,2,2,2,2,2,2,1.5,1.5,1,1,1,1,1,0,0,0,0,0,0,0,0,0,0,0,0,0,0,0,0,0
"467","stenar_nigri.N1B","N1B","stenar_nigri",2,0,0,0,0,0,0,0,0,0,0,0,0,0,0,0,0,0,0,0,0,0,0,0,0,0,0,0,0,0,0
"468","sympho_orbic.N1B","N1B","sympho_orbic",2,2,2,2,2,1,1,1,1,2,2,2,2,2,2,2,2,1.5,2,2,2,2,2,1,1,1,1,1,1,1,1
"469","symphy_erico.N1B","N1B","symphy_erico",2,2,2,2,2,1,1.5,1.5,2,2,2,2,2,2,2,2,1,1,1,1,1,1,1,1,1,1,1,1,1,1,1
"470","symphy_laeve.N1B","N1B","symphy_laeve",2,0,0,0,0,0,0,0,0,0,0,0,0,0,0,0,0,0,0,0,0,0,0,0,0,0,0,0,0,0,0
"471","symphy_oblon.N1B","N1B","symphy_oblon",2,2,2,2,1.5,1,1.5,2,1,1,2,2,1,1.5,1.5,1.5,1,1,1,1,1,1,1,1,1,1,1,1,1,1,1
"472","symphy_seric.N1B","N1B","symphy_seric",2,1,1,1,1,1,1,1,1,1,1,1,1,1,1,1,1,1,1,1,1,1,1,1,1,1,1,1,1,1,1
"473","teucri_canad.N1B","N1B","teucri_canad",2,2,2,2,1,1,1,1,1,2,1,1,1,1,1,1,1,1,1,1,1,1,1,1,1,1,1,1,1,1.5,2
"474","trades_bract.N1B","N1B","trades_bract",2,0,0,2,1,1,1,1,0,0,0,0,0,0,0,0,0,0,0,0,0,0,0,0,0,0,0,0,0,0,0
"475","tragia_beton.N1B","N1B","tragia_beton",2,2,1.5,1,1,1,1,1,1,1,1,1,1,1,1,1,1,1,1,1,1,1,1,0,0,0,0,0,0,0,0
"476","triden_flavu.N1B","N1B","triden_flavu",2,2,0,1,1,1,1,1,1,1,1,1,1,1,1,1,1,1,1,1,1,1,1,1,1,1,1,2,2,2,2
"477","trioda_lepto.N1B","N1B","trioda_lepto",1.5,0,1,1,0,1,1,0,1,1,0,1,1,1,1,1,1,1,1,1,0,0,0,0,0,0,0,1,1,0,0
"478","trioda_perfo.N1B","N1B","trioda_perfo",1,0,1,1.5,0,1,1,1,1,1,0,1,1,1,1,1,1,0,1,0,0,0,0,1,0,1,0,1,1,0,1
"479","verbas_blatt.N1B","N1B","verbas_blatt",1,2,1,2,0,0,0,0,1,1,1,1,0,0,1,1,1,1,1,0,1,0,0,0,0,0,0,1,0,1,1
"480","verben_stric.N1B","N1B","verben_stric",1,1,1,1,1,1,1,1,1,1,1,2,2,2,1,1,1,1,1,1,1,1,1,1,1,1,1,1,1,1,1
"481","vernon_baldw.N1B","N1B","vernon_baldw",2,2,2,2,1,1,1,1,2,2,2,2,2,2,2,2,2,2,2,2,1,2,2,2,2,2,2,2,2,2,2
"482","viola_bicol.N1B","N1B","viola_bicol",1,0,0,0,0,0,1,0,0,0,0,0,0,1,1,0,0,0,0,0,0,0,0,1,2,1,0,1,1,1,1
"483","viola_pedat.N1B","N1B","viola_pedat",1,1,0,1,1,1,1,0,1,1,0,0,0,0,0,0,0,1,0,0,0,1,1,0,1,0,0,1,1,1,1
"484","achill_mille.N20B","N20B","achill_mille",1,2,1,2,2,1,1,2,1,1,1,2,2,2,1,1,1,1,1,1,1,1,1,1,1,1,1,1,1,1,1
"485","amorph_canes.N20B","N20B","amorph_canes",3,2,2,2,2,2,2,2,3,3,3,3,3,2,2,2,2,2,2,2,2,2,2,2,2,2,2,2,2,2,2
"486","andros_occid.N20B","N20B","andros_occid",1,0,0,0,0,1,1,0,0,0,0,0,0,0,0,0,0,0,0,0,0,0,0,0,0,0,0,0,0,0,0
"487","antenn_negle.N20B","N20B","antenn_negle",2,2,1.5,1.5,2,1,1,2.5,2,1.5,1.5,1.5,1.5,1.5,1,3,1,1,2,2.5,1.5,2,1.5,1.5,2,2,2,1.5,2,1,1.5
"488","asclep_steno.N20B","N20B","asclep_steno",1,1,1,0,0,1,1,0,0,1,0,1,1,1,1,1,0,1,0,1,1,1,0,1,0,1,1,1,0,0,1
"489","asclep_syria.N20B","N20B","asclep_syria",2,2,1.5,1,1,1,1,1.5,1,1,1,1,1,1,1,1,0,0,0,1,1,1,1,1,1,0,1,0,1,1,1
"490","asclep_tuber.N20B","N20B","asclep_tuber",2,2.5,2,2,1.5,2,2,1,1.5,1,2,0,1.5,1.5,1,1.5,1.5,1.5,1,2,1,1,1,1,1,1,1,1,1,1,1
"491","asclep_verti.N20B","N20B","asclep_verti",2,1,1,1,1,1,1,1,1,1,1,1,1,1,1,1,1,1,1,1,1,1,1,1,1,1,1,1,1,1,1
"492","asclep_virdf.N20B","N20B","asclep_virdf",1,1,1,1,1,1,1,1,1,1,1,1,1,1,1,1,1,1,1,1,1,1,1,0,1,1,1,1,1,1,1
"493","asclep_virds.N20B","N20B","asclep_virds",1,2,2,2,2,1,2,2,1.5,1,1.5,1,2,1,1,1,1,1,1,1,1,1,1,1,1,1,1,1,1,1,1
"494","astrag_crass.N20B","N20B","astrag_crass",2,2,2,2,2,2,2,2,1,1,2,2,1,1.5,2,1.5,2,2,1.5,1,1,1,2,1,1,1,1,1,1,1,1
"495","baptis_bract.N20B","N20B","baptis_bract",2,2,2,2,2,2,2,2,1.5,1.5,1,1.5,1,2,1,1,1,1,1,1,1,1,1,1,1,1,1,1,1,1,1
"496","bromus_inerm.N20B","N20B","bromus_inerm",2,3,3,4,3,3,3,2.5,3,3,3.5,3,3,3.5,2.5,3,3,2.5,2.5,2.5,2,2,2,1,2,2,2,1.5,1,1,2
"497","callir_invol.N20B","N20B","callir_invol",2,2,2,2,2,2,2,2,1,1,1.5,2,2,2,2,2,1,1,1,1,1,1,1,1,1,1,1,1,1,1,1
"498","carex_brevi.N20B","N20B","carex_brevi",2,0,0,1,1.5,2,1,2,2,2,2,2,2,2,2,2,2,1,1,1,1,1,1,1,2,2,2,2,1,1,1
"499","carex_gravi.N20B","N20B","carex_gravi",1,2,2,2,2,1,1,1,1,1,1,1,1,1,1,1,1,1,1,1,1,1,1,1,1,1,1,1,1,1,1
"500","carex_inops.N20B","N20B","carex_inops",1,0,0,1,1,1,1,1,1,1,1,1,1,2,2,2,2,2,2,2,1,1,1,1,1,1,2,1,1,1,1
"501","carex_meadi.N20B","N20B","carex_meadi",1,0,1,2,1,1,1,1,1,1,1,1,1,1,1,1,1,1,1,1,1,1,1,1,1,1,1,1,1,1,1
"502","ceanot_herba.N20B","N20B","ceanot_herba",3,3,3,3,2,2,2,2,3,3,3,3,3,3,3,3,3,2,2,2,2,2,2,2,2,2,2,2,2,2,2
"503","chaero_procu.N20B","N20B","chaero_procu",1,0,0,0,0,0,0,0,0,0,0,0,0,0,1,0,0,0,0,0,0,0,0,0,0,0,0,0,0,0,0
"504","cirsiu_altis.N20B","N20B","cirsiu_altis",1,1,2,2,2,1,1,1,1,1,1,1,1,1,1,1,1,1,1,1,1,1,1,1,1,1,1,1,1,1,1
"505","cirsiu_undul.N20B","N20B","cirsiu_undul",1,2,2,2,2,1.5,2,2,1,1,1,1,1,1,1,1,1,1,1,1,1,1.5,2,2,1.5,1,1,1,1,1,1
"506","comand_umbel.N20B","N20B","comand_umbel",1,0,0,0,0,1,1,0,1,0,0,0,0,1,1,1,1,1,1,1,1.5,1,1,1,1,1,1,1,1,1,1
"507","cornus_drumm.N20B","N20B","cornus_drumm",2,2,2,2,2,3,2,3,3,2,3.5,3,3,3,4,4,4,4,4,4,5,4.5,4,4,4,4,4,4,5,4,4
"508","coryda_micra.N20B","N20B","coryda_micra",1,0,0,1,0,0,0,1,0,0,0,0,0,0,1,0,0,0,0,0,0,0,0,0,0,0,0,0,0,0,0
"509","croton_monan.N20B","N20B","croton_monan",1,1,1,1,1.5,1,2,2,1,1,1,2,1,1,1,1,2,2,1,0,1,1,1,2,2,1,1,1,1,1,1
"510","dalea_candi.N20B","N20B","dalea_candi",1,1,1.5,0,1,1,1,1,1,1,1,1,1,1,1,1,1,1,1,1,1,1,1,1,1,1,1,1,1,1,1
"511","dalea_purpu.N20B","N20B","dalea_purpu",2,2,1.5,1,2,1,1,1,1,1,1,1,1,1,1,1,1,1,1,1,1,1,1,1,1,1,1,1,1,1,1
"512","descur_pinna.N20B","N20B","descur_pinna",1,0,0,1,1,1,1,1,0,0,0,1,0,0,1,0,0,1,0,1,1,1,0,1,1,1,0,1,1,0,1
"513","dichan_oligo.N20B","N20B","dichan_oligo",2,2,2,2,1,2,1,2,2,2,2,2,2,1,1,2,2,1,1,1,1,1,1,1,1,1,1,1,1,1,1
"514","dichan_ovale.N20B","N20B","dichan_ovale",1,2,1,1,0,1,1,1.5,1,0,0,0,0,0,0,0,0,0,0,0,0,0,0,1.5,1,1,1,1,1,1,1
"515","draba_repta.N20B","N20B","draba_repta",1,0,1,0,0,0,1,1,0,0,0,1,0,0,0,0,0,0,0,0,1,1,0,1,0,1,0,1,1,0,1
"516","echina_angus.N20B","N20B","echina_angus",2,1,1,1,2,1,2,2,1,1,1,1,1,1,1,1,1,1,1,1,1,1,1,1,1,1,1,1,1,1,1
"517","eleoch_compr.N20B","N20B","eleoch_compr",2,3,3,3,3.5,3,3,2.5,2,3,3,2,2,2,2,2,2.5,3,2,1.5,0,1,1,2,2,2,2,2,2.5,2.5,2
"518","elymus_canad.N20B","N20B","elymus_canad",1,2,1,1,1,1,1,1,1,1,1,1,1,1,1,1,1,1,1,1,1,1,1,1,1,1,1,1,1,1,1
"519","eriger_strig.N20B","N20B","eriger_strig",1,1,2,1,1,1,1,1,1,1,1,1,1,1,1,1,1,1,1,1,1,1,1,1,1,1,1,1,1,1,1
"520","euphor_spath.N20B","N20B","euphor_spath",1,1,1,1,1,1,1,1,1,1,1,1,1,1,1,1,1,1,1,0,1,1,1,1,1,1,1,1,1,1,1
"521","galium_apari.N20B","N20B","galium_apari",1,0,1,1,1,1,1,1,0,0,0,1,0,0,0,0,0,0,0,0,0,0,0,1,0,1,1,1,1,1,1
"522","hedeom_hispi.N20B","N20B","hedeom_hispi",1,1,1,0,0,1,1,1,1,1,1,1,1,1,1,1,1,1,1,1,1,1,1,1,1,1,1,1,1,1,1
"523","hierac_longi.N20B","N20B","hierac_longi",1,1,0,1,1,1,1,1,1.5,1,1,1,1,1,1,1,0,1,1,0,0,0,0,0,1,1,1,1,1,1,1
"524","hordeu_pusil.N20B","N20B","hordeu_pusil",1,1,0,0,1,0,1,0,0,1,1,1,1,0,1,1,1,1,1,1,2,1,1,1.5,1,1,1,1,1,1,1
"525","hybant_verti.N20B","N20B","hybant_verti",1.5,2,2,1,2,1,2,2,1,1,1,1,2,1,1,1,1,1,1,1,1,2,2,1,1.5,1,1,1,1,1,1
"526","hymeno_scabi.N20B","N20B","hymeno_scabi",1,2,1,1,1,1,1.5,2,1,1,1,1,1,1,1,1,1,1,1,1,1,1,1.5,1,1,1,1,1,1,1,1
"527","koeler_macra.N20B","N20B","koeler_macra",2,2,1,1,2,1,2,2,1,1,2,2,2.5,2,2,2,2,1,2,2,2,2,2,2,2,2,2,2,2,2,2
"528","lactuc_serri.N20B","N20B","lactuc_serri",1,1,1,1,1,1,0,0,0,0,0,1,0,0,0,0,0,0,0,0,0,0,0,0,0,0,0,0,0,0,1
"529","lepidi_densi.N20B","N20B","lepidi_densi",1,1,1,1,1,1,1,1,1,1,1,1,1,1,1,1,1,1,1,1,1,1,1,1,1,1,1,1,1,1,1
"530","lesped_viola.N20B","N20B","lesped_viola",2,3,2.5,2,4.5,2,1,2,2,2,2,2,1.5,2,2,2,2,2,3,3,2,2,2,2,2,2,2,2,2,2,2
"531","linum_sulca.N20B","N20B","linum_sulca",1,1,1,1,1,1,1,1,1,1,1,1,1,1,1,1,1,1,1,1,1,1,1,1,1,1,1,1,1,1,1
"532","lithos_occid.N20B","N20B","lithos_occid",1.5,1,1.5,2,2,2,2,2,2,2,2,2,1.5,1,1.5,1.5,1,2,1,1,2,2,2,1,1,1,1,1,1,1,1
"533","lomati_foeni.N20B","N20B","lomati_foeni",2,1,1,2,1,1,1,1,1,2,1.5,1,1,1,1.5,1.5,1,2,1,1,1,1,1,1,1,1,1,1,1,1,1
"534","mimosa_quadr.N20B","N20B","mimosa_quadr",2,2,2,2,2,2,2,2,2,2,2.5,2,2,2,2,2,2,2,2,2,1,2,2,1,2,1,1.5,1,1,1,1
"535","oenoth_bienn.N20B","N20B","oenoth_bienn",2,0,0,0,0,0,0,0,0,0,0,0,0,0,0,0,0,0,0,0,0,0,0,0,0,0,0,0,0,0,0
"536","oenoth_macro.N20B","N20B","oenoth_macro",2,2,1,1,1,1,1,2,1,1,1,1,1,1,1,1,1,1,1,1,1,1,1,1,1,2,1.5,1,1,1,1
"537","oenoth_serru.N20B","N20B","oenoth_serru",1,1.5,1.5,0,2,1.5,1.5,1,1,1,1,1,1,1,1,1,1,1,1,1,1,1,1,1,1,1,1,1,1,1,1
"538","oenoth_speci.N20B","N20B","oenoth_speci",2,2,2,1.5,2,1,1,1,1,1.5,2,2,1,1,2,2,1,1,1,1,0,0,1,1,1,1,0,1,1,1,1
"539","opunti_macro.N20B","N20B","opunti_macro",2,2,2,1.5,2,0,1.5,1.5,2,1,1,1,1,1,1,1,1,1,0,1,1,2,1.5,2,1,1,1,1,1,1,1
"540","oxalis_stric.N20B","N20B","oxalis_stric",1,1,1,1,1,1,1,1,1,1,1,1,1,1,1,1,1,1,1,1,1,1,1,0,0,0,0,0,0,0,0
"541","oxalis_viola.N20B","N20B","oxalis_viola",2,2,1,1,1,2,1,1,1,0,0,1,0,0,0,0,0,1,0,0,0,0,1,1,1,1,1,1,1,1,1
"542","packer_platt.N20B","N20B","packer_platt",1,1,1,1,1,1,1,1,1,1,1,1,1,1,1,1,1,1,1,1,1,1,0,1,1,1,1,1,1,1,1
"543","pediom_escul.N20B","N20B","pediom_escul",1,1.5,1,1,1,1,1,1,1,1,1,1,1,1,1,1,1,1,1,1,1,1,1,1,1,1,1,1,1,1,1
"544","penste_cobae.N20B","N20B","penste_cobae",1,1,1,1,2,2,1.5,1,1,1,1,1,1,1,1,1,1,1,1,1,1,1,1,1,1,1,1,1,1,1,1
"545","physal_pumil.N20B","N20B","physal_pumil",2,2,2,2,2,2,1.5,2,1,2,2,2,1,1,2,1,1,1,1,1,1,1,1,1,1,1,1,1,1,1,1
"546","planta_rhodo.N20B","N20B","planta_rhodo",1,1,1,1,0,1,1,1,1,1,1,1,1,0,1,1,1,1,1,1,1,1,1,0,0,0,1,1,1,1,1
"547","poa_prate.N20B","N20B","poa_prate",4,3,3,4,2,3,3,3,3,3,3,3,3,3,3,3,4,3,3,3,3,3,2,3,2,2,2,2,2,2,2
"548","ratibi_colum.N20B","N20B","ratibi_colum",1,1.5,1,1,2,1,1,1,1,1,1,1.5,1,1,1,1,1,1,1,1,1,1,1,1,1,1,1,1,1,1,1
"549","rhus_aroma.N20B","N20B","rhus_aroma",2,2,2,2,2,2,2,2,2,2,2,2,2,2,2,2,2,2,2,2,2,2,2,2,2,2,2,2,2,2,2
"550","rhus_glabr.N20B","N20B","rhus_glabr",3,3.5,3,3,3,3,3,3,3,3,3,3.5,3,2.5,2.5,2.5,2,2,2,2,2,2.5,1,3,3,2,1,1,2,2.5,3
"551","ruelli_humil.N20B","N20B","ruelli_humil",1,1,1,1,1,1,1,1,1,1,1,1,1,1,1,1,1,1,1,1,1,1,1,1,1,1,1,1,1,1,1
"552","silene_antir.N20B","N20B","silene_antir",1,1,1,0,0,1,1,1,1,1,1,1,1,0,0,1,1,1,1,1,1,1,1,1,0,1,0,1,1,0,0
"553","sisyri_campe.N20B","N20B","sisyri_campe",2,2,1,1,1,1,1,1,1,1,1,1,1,1,1,1,1,1,1,1,1,0,1,1,1,1,1,1,1,1,1
"554","sonchu_asper.N20B","N20B","sonchu_asper",1,0,0,0,0,0,0,0,0,0,0,0,0,0,0,0,0,0,0,0,0,0,0,0,0,0,0,0,0,0,0
"555","spermo_inerm.N20B","N20B","spermo_inerm",1,1,1,1,0,1,1,1,1,1,1,1,1,1,1,1,1,1,1,1,1,1,1,1,1,1,1,1,1,1,1
"556","spheno_obtus.N20B","N20B","spheno_obtus",1.5,2,1.5,1,1,1,1,2,1,1,1,1,1,1,1,1,1,1,1,1,1,0,1,1,0,1,1,1,1,1,1
"557","sympho_orbic.N20B","N20B","sympho_orbic",2,2.5,2,2,2,2,2,2,3,2,2,2,2,2,2,2,2,2,2,3,3,3,3,2,2,2,2,2,2.5,2,2
"558","teucri_canad.N20B","N20B","teucri_canad",2,2,2,2,2,1.5,1,2,1,1,1,1,2,1,1,1,1,1,1,1,1,1,1,1,1,1,1,1,1,1,1
"559","tragop_dubiu.N20B","N20B","tragop_dubiu",1,1,1,1,1,1,2,1,0,1,1,1,1,1,1,1,1,1,1,1,1,1,1,1,1,1,1,1,0,1,1
"560","trioda_lepto.N20B","N20B","trioda_lepto",1,1,1,0,0,0,1,1,1,1,1,1,1,1,0,1,0,1,1,0,0,0,0,1,0,0,1,1,1,0,0
"561","trioda_perfo.N20B","N20B","trioda_perfo",1,1,1,1,1,1,1,1,0,1,0,1,0,0,0,0,0,0,0,0,0,0,0,1,0,1,1,1,0,1,1
"562","verben_stric.N20B","N20B","verben_stric",2,1,1,1,1,1,1,1,1,1,1,1,1,1,1,1,1,1,1,1,1,1,1,1,1,1,1,1,1,1,1
"563","vicia_ameri.N20B","N20B","vicia_ameri",1,0,1,1,0,1,1,2,0,0,0,1,1,0,0,0,0,0,0,0,0,0,0,0,0,0,0,0,0,0,0
"564","viola_bicol.N20B","N20B","viola_bicol",1,1,1,1,0,1,1,1,0,0,1,0,0,0,0,0,0,0,0,0,0,0,0,1,0,1,1,1,1,1,1
"565","viola_nephr.N20B","N20B","viola_nephr",1,1,1,1,1,1,1,1,1,1,1,1,0,1,1.5,1,1,1,1,1,1,1,1,0,0,0,0,0,0,0,0
"566","viola_pedat.N20B","N20B","viola_pedat",2,2.5,1,1,1,1,1,1,1,1,1,1,1,1,1,1,1,1,1,1,1,1,0,1,1,1,1,1,1,1,1
"567","vulpia_octof.N20B","N20B","vulpia_octof",1,0,1,0,0,1,1,1,0,1,1,1,1,1,1,1,1,1,0,1,1,1,1,1,1,1,1,1,1,1,1
"568","achill_mille.N4A","N4A","achill_mille",1,1,1,2,1,1,1,1,1,1,1,1,1,1,1,1,1,1,1,1,1,1,1,1,1,1,1,1,1,1,1
"569","ambros_psilo.N4A","N4A","ambros_psilo",2,3,2,2,2,2,2,2,3,2,2,2,4,4,3,2,3,4,1,1,1,2,2,2,3,3,1,1,1,2,1.5
"570","amorph_canes.N4A","N4A","amorph_canes",2,2,2,2,2,2,2,2,3,2,2,2,2,2,2,2,2,2,2,2,2,2,2,2,2,2,2,2,2,2,2
"571","androp_gerar.N4A","N4A","androp_gerar",5,4,4,4,5,5,5,5,5,4,4,4,3,4,4,4,2,3,3,4,2,3,3.5,4,4,4,3,3,3,3,4
"572","andros_occid.N4A","N4A","andros_occid",1,1,0,1,0,0,0,0,0,0,0,0,0,0,0,0,0,0,0,0,0,0,0,0,0,1,0,1,1,0,0
"573","antenn_negle.N4A","N4A","antenn_negle",1,2,1,2,1,1.5,1,1,1,1,1,1,1,1,1,1,1,1,1,1,1,1,1,1,1,1,1,1,1,1,1
"574","artemi_ludov.N4A","N4A","artemi_ludov",2,2,2,2,2,2,2,2,1,2,1,1,1,1,2,1,1,2,2,2,1,2,2,2,2,2,2,2,1,1,1
"575","asclep_steno.N4A","N4A","asclep_steno",1,1,1,1,0,1,1,1,1,1,0,1,1,1,1,1,1,1,1,1,1,1,1,1,1,1,1,1,1,1,1
"576","asclep_verti.N4A","N4A","asclep_verti",1,1,1,1,1,1,1,1,1,1,1,1,1,1,1,1,1,1,1,0,1,1,1,1,1,1,1,1,1,1,1
"577","asclep_virds.N4A","N4A","asclep_virds",1,2,2,2,2,1,1,2,1,1,1,1,1,1,1,1,1,1,1,1,1,1.5,1.5,1,1,1,1,1,1,1,1
"578","astrag_crass.N4A","N4A","astrag_crass",1,0,1.5,2,2,2,1,1.5,1,1,1,1,1,1,1,1,1,1,1,1,1,1,1.5,1,1,1,1,1,1,1,1
"579","baptis_austr.N4A","N4A","baptis_austr",1.5,2,2,2,2,2,2,2,1,2,1,2,1,2,2,1,1,2,1,2,1,2,2,1,1,1,1.5,2,1,1.5,1.5
"580","boutel_curti.N4A","N4A","boutel_curti",1,3,1,1,1,1,1,1,1,2,2,1,1,1,2,1,1,1,1,1,1,1,1,2,2,2,2,2,2,2,2
"581","boutel_dacty.N4A","N4A","boutel_dacty",1,2,2,1,1,1,1,2,2,2,2,2,1,1,1.5,2,3,3,2,3,3,2.5,2,2,2,2,1.5,1.5,2,2,2
"582","boutel_graci.N4A","N4A","boutel_graci",2,2,2,2,2,2,2,1.5,2,2,2,2,1,2,2,2,3,2,2.5,3,2,2,2,2.5,2.5,2.5,2,2.5,2,2,2
"583","boutel_hirsu.N4A","N4A","boutel_hirsu",2,2,0,2,2,1,1,1,0,0,0,0,0,0,0,2,1,2,2,2,1,2,1,1.5,2,2,1.5,1.5,1.5,1,1
"584","bricke_eupat.N4A","N4A","bricke_eupat",2,2,2,2,2,2,2,2,1,2,1,1.5,1,1,1,1,1,1,1,1,1,1,1,1,1,1,1,1,1,1,1
"585","buglos_arven.N4A","N4A","buglos_arven",2,0,0,0,0,0,0,0,0,0,0,0,0,0,0,0,0,0,0,0,0,0,0,0,0,0,0,0,0,0,0
"586","carex_brevi.N4A","N4A","carex_brevi",1,0,0,0,1,1,1,1,1.5,1,2,2,1,1,1,1,1,1,1,1,1,1,1,1,1,1,1,1,1,1,1
"587","carex_inops.N4A","N4A","carex_inops",1,0,0,2,1,1,1,1,1,1,2,2,2,2,2,2,2,2,2,1.5,1,1,1,1,1,1,1,1,1,1,1
"588","carex_meadi.N4A","N4A","carex_meadi",1,0,1,2,1,1,1,1,1,1,1,1,1,1,1,1,1,1,1,1,1,1,1,1,1,1,1,1,1,1,1
"589","ceanot_herba.N4A","N4A","ceanot_herba",2,2.5,2,2,2,2.5,2,2,2,2,2,3,2,2,2,2,2,2,2,2,2,2,2,2,2,2,2,2,2,2,2
"590","cirsiu_undul.N4A","N4A","cirsiu_undul",1,1,1,1,2,1.5,1,1,1,1,1,1,1,1,1,1,1,1,1,1,1,2,2,2,2,1,1,1,1,1,1
"591","comand_umbel.N4A","N4A","comand_umbel",1,1,1,1,1,1,1,1,1,1,1,1,1,1,1,1,1,1,1,1,1,1,1,1,1,1,1,1,1,1,1
"592","cornus_drumm.N4A","N4A","cornus_drumm",1,2,1,2,2,2,2,2,2,2,2,2,2,2,2,2,1,2,2,2.5,3,3,3,3,2.5,3,3,3,3,3,3
"593","cyperu_lupul.N4A","N4A","cyperu_lupul",1,0,1,1,1,1,1,1,1,1,1,1,1,1,1,1,1,1,1,0,0,1,1,1,1,1,1,1,1,1,1
"594","dalea_candi.N4A","N4A","dalea_candi",1,1,1,1,1,1,1,1,1,1,1,1,1,1,1,1,1,1,1,1,1,1,1,1,1,1,1,1,1,1,1
"595","dalea_purpu.N4A","N4A","dalea_purpu",1,2,1,1,1,1,1,1,1,1,1,1,1,1,1,1,1,1,1,1,1,1,1,1,1,1,1,1,1,1,1
"596","descur_pinna.N4A","N4A","descur_pinna",1,0,0,1,0,0,0,0,0,0,0,1,0,0,1,0,0,1,0,0,0,1,0,1,0,0,0,1,0,0,0
"597","desmod_illin.N4A","N4A","desmod_illin",2,0,1,2,2,0,2,1,0,0,0,0,1,0,0,1,0,0,0,1,1,1,1,0,1,0,1,1,1,1,1
"598","dichan_oligo.N4A","N4A","dichan_oligo",1,2,2,1,1,1,1,1,1,2,2,2,2,1,2,2,1,2,2,2,1,1,1,1,1,1,1,1,1,1,1
"599","digita_cogna.N4A","N4A","digita_cogna",1.5,2,1,0,0,1,1,0,1,1,0,0,0,0,1,0,1,1,1,1,0,1,1,1,1,1,1,1,1,1,1
"600","draba_cunei.N4A","N4A","draba_cunei",1,0,0,0,0,0,0,0,0,0,0,0,0,0,0,0,0,0,0,0,0,0,0,0,0,0,0,1,0,0,0
"601","echina_angus.N4A","N4A","echina_angus",1,1,1,1.5,1,1,1,1,1,1,1,1,1,1,1,1,1,1,1,1,1,1,1,1,1,1,1,1,1,1,1
"602","elymus_canad.N4A","N4A","elymus_canad",1,1,1,1,1,1,1,1,1,1,1,1,1,1,1,1,1,1,1,1,1,1,1,1,1,1,1,1,1,1,1
"603","eragro_spect.N4A","N4A","eragro_spect",2,2,1,2,1,1,1,1,1,1,1,0,1,1,1,1,1,1,1,1,0,1,1,1,1,1,1,1,1,1,1
"604","eriger_strig.N4A","N4A","eriger_strig",1,1,2,1,1,1,1,2,1,1,1,1,1,1,1,1,1,1,1,1,1,1,1,1,1,1,1,1,1,1,1
"605","euphor_margi.N4A","N4A","euphor_margi",1,0,1,0,0,0,0,1,1,1,0,1,1,1,0,0,1,1,1,1,1,1,1,1,1,1,1,1,1,1,1
"606","euphor_prost.N4A","N4A","euphor_prost",1,0,0,0,0,0,0,0,0,0,0,0,0,0,0,0,0,0,0,0,0,0,0,1,1,0,0,0,0,0,0
"607","euphor_serpe.N4A","N4A","euphor_serpe",1,1,1,0,1,0,1,1,1,0,0,0,0,1,1,1,1,1,1,0,1,0,0,0,1,0,0,0,0,0,1
"608","euphor_spath.N4A","N4A","euphor_spath",1,1,0,1,1,1,1,1,0,1,1,1,1,1,1,1,1,1,1,1,1,1,1,1,1,1,1,1,1,1,1
"609","hedeom_hispi.N4A","N4A","hedeom_hispi",1,1,0,1,1,1,1,1,0,1,1,1,1,1,1,1,1,1,1,1,1,1,1,1,1,1,1,1,1,1,1
"610","hierac_longi.N4A","N4A","hierac_longi",1,1,1,2,2,1,1,1,1,1,1,1,1,1,1,1,1,1,1,0,1,1,1,1,1,1,1,1,0,0,0
"611","koeler_macra.N4A","N4A","koeler_macra",1,2,2,1,2,1,1,1,1,2,1,2,2,1.5,1.5,1,1.5,1,2,1,1,1,2,2,2,2,2,2,2,2,2
"612","lepidi_densi.N4A","N4A","lepidi_densi",1,1,1,1,1,1,1,1,0,1,1,2,1,1,1,1,1,1,1,1,1,1,1,1,1,1,1,1,1,1,1
"613","lesped_capit.N4A","N4A","lesped_capit",2,2,2,2,2,1,2,1,1,1,1,1,2,1,1,1,1,1,1,1,1,1,1,1,1,1,1,1,1,1,1
"614","linum_sulca.N4A","N4A","linum_sulca",1,1,1,1,1,1,1,1,1,1,1,1,1,1,1,1,1,1,1,1,1,1,1,1,1,1,1,1,1,1,1
"615","lomati_foeni.N4A","N4A","lomati_foeni",1,2,1,2,1,2,2,1,1,1,1,1.5,1,1,1,1,1,1,1,1,1,1,1,1,1,1,1,1,1,1,1
"616","mimosa_quadr.N4A","N4A","mimosa_quadr",1,2,2,2,2,1,2,2,2,2,2,2,2,2,2,2,1,2,2,2,1,2,2,1,1,1,2,2,2,1,1
"617","monard_fistu.N4A","N4A","monard_fistu",2,2,0,0,0,0,0,2,1,1,1,1,1,1,1,1.5,1,1,1,1,1,2,2,2,1,1.5,1,1,1,1,1
"618","muhlen_cuspi.N4A","N4A","muhlen_cuspi",2,2,1,1,1,1,1,1,1,1,1,1,1,1,1,1,1,1,1,1,1,1,1,1,1,1,1,1,1,1,1
"619","oenoth_macro.N4A","N4A","oenoth_macro",1,2,1.5,2,2,2,0,2,1,1,1,1,1,1,1,1,1,1,1,1,1,1,1,1,1,1,1,0,1,1,1
"620","oxalis_stric.N4A","N4A","oxalis_stric",1,1,1,1,1,1,1,1,1,1,1,1,1,1,1,1,1,1,1,1,1,1,1,0,0,0,0,0,0,0,1
"621","oxalis_viola.N4A","N4A","oxalis_viola",1,1,1,1,1,1,1,1,1,0,1,1,1,1,1,1,1,1,1,1,1,1,1,1,1,1,1,1,1,1,1
"622","packer_platt.N4A","N4A","packer_platt",1,1,1,1,1,1,1,1,1,1,1,1,1,1,1,1,1,1,1,1,1,1,1,1,1,1,1,1,1,1,1
"623","panicu_capil.N4A","N4A","panicu_capil",1,0,0,0,0,0,0,0,0,0,0,0,0,0,0,1,0,0,0,0,0,0,0,0,1,0,1,1,1,1,0
"624","panicu_virga.N4A","N4A","panicu_virga",1,2,1,1.5,2,2,1,1,1.5,1,1,1,1,1,1,1,1,1.5,2,2,1,2,1,1,1,1,1,1,1,1,1
"625","pediom_escul.N4A","N4A","pediom_escul",1,1.5,1.5,2,1,1,2,1,1,1,1,1,1,1,1,1,1,1,1,1,1,1,1,1,1,1,1,1,1,1,1
"626","physal_pumil.N4A","N4A","physal_pumil",1,2,2,1,1,1,1,1,1,1,1,1,1,1,1,1,1,1,1,1,1,1,1,1,1,1,1,1,1,1,1
"627","physal_virgi.N4A","N4A","physal_virgi",1,0,0,0,0,0,0,0,0,0,0,0,0,0,0,0,0,0,0,0,0,0,0,1,1,1,1,1,1,1,1
"628","planta_patag.N4A","N4A","planta_patag",1,0,0,0,0,0,0,0,0,1,2,1,1,1,1,1,1,1,1.5,1,2,2,2,2,1.5,2,2,2,1,1,1
"629","poa_prate.N4A","N4A","poa_prate",1,3,2,3,2,3,2,2,2,2,1,1,1,1,2,2,2,3,3,3,1,2,1,2,1,1,1,2,2,2,2
"630","ratibi_colum.N4A","N4A","ratibi_colum",1,2,1,1,1,1,1,1,1,1,1,1,1,1,1,1,1,1,1,1,1,1,1,1,1,1,1,1,1,1,1
"631","rhus_glabr.N4A","N4A","rhus_glabr",1,2,2,2,2,2,1,1.5,1,1,0,0,0,0,0,0,2,2,1,0,1,1,1.5,1,1,1.5,1.5,2,2,2,2
"632","rosa_arkan.N4A","N4A","rosa_arkan",1,2,2,2,1.5,2,1,2,2,2,2,2,2,2,2,1,1.5,2,2,2,2,2,1.5,2,2,1,1,1,2,2,2
"633","ruelli_humil.N4A","N4A","ruelli_humil",1,1,1,1,1,1,1,1,1,1,1,1,1,1,1,1,1,1,1,1,1,1,1,1,1,1,1,1,1,1,1
"634","salvia_azure.N4A","N4A","salvia_azure",2,2,2,2,2,2,1,1,2,2,2,2,2,2,2,1,2,1,1,1,1,1,1,1,1,1,1,1,1,1,1
"635","schiza_scopa.N4A","N4A","schiza_scopa",2,3,2,3,2,2,2,2,3,3,3,3,2,2,2,2,1,1.5,2,2,1,1,1,2,2,2,2,2,2,2,2
"636","silene_antir.N4A","N4A","silene_antir",1,0,0,0,0,0,1,1,0,1,0,1,1,1,1,1,1,1,1,1,1,1,1,1,1,1,1,1,1,1,0
"637","sisyri_campe.N4A","N4A","sisyri_campe",1,1,1,1,1,1,1,1,1,1,1,1,1,1,1,1,0,1,1,1,1,1,1,1,1,1,1,1,1,1,1
"638","solida_altis.N4A","N4A","solida_altis",3,3,2,2,2,2,2,2,3,3,3,3.5,3,4,4,4,3,3.5,4,3,3,3,3,2,2,3,2,2,2,2,2
"639","solida_misso.N4A","N4A","solida_misso",2,2,2,2,2,2,2,1,1,1,1,2,1,2,2,2,2,1,1,1,1,2,2,2,2,1,1,2,1,1,1
"640","solida_rigid.N4A","N4A","solida_rigid",2,2,2,2,2,2,2,2,1.5,2,2,2,2,2,2,2,2,2,2,2,2,2,2,2,2,2,2,2,2,2,2
"641","sorgha_nutan.N4A","N4A","sorgha_nutan",2,3,2,2,2,2,2,2,2,2,2,2,2,2,2,2,1,2,2,2,1,2,2,2,2,2,2,2,2,2,2
"642","spermo_inerm.N4A","N4A","spermo_inerm",1,1,0,1,0,0,1,1,0,1,0,1,1,1,1,1,1,1,1,1,1,1,1,1,1,1,1,1,1,1,1
"643","sporob_compo.N4A","N4A","sporob_compo",2,3,2,2,2,2,2,2,2,2,2,2,1,1,1,1,1,1,1,1,1,1,1,1,1,1,2,1,1,1,1
"644","sporob_heter.N4A","N4A","sporob_heter",2,2,2,2,2,2,1,2,1,1,1,1,1,1,1,1,1,0,0,1,1,1,0,0,0,0,1,0,1,1,0
"645","sympho_orbic.N4A","N4A","sympho_orbic",2,2,2,2,2,2,2,2,2,2,2,2,2,2,2,2,2,2,2,2,2,2,2,2,2,2,2,2,2,2,2
"646","symphy_erico.N4A","N4A","symphy_erico",2,3,2,2,2,2,2,2,2,2,3,3,2,2,3,3,2,2,2,2,1,2,2,2,1,1,1,1,1,1,1
"647","symphy_oblon.N4A","N4A","symphy_oblon",2,2,2,2,2,2,2,2,2,2,2,3,2,2,2,2,1.5,2,2,2,1,1,2,1,1,1,1,1,1,1,1
"648","symphy_seric.N4A","N4A","symphy_seric",1,2,1,2,2,2,1,1,1,1,1,1,1,1,1,1,1,1,1,1,1,1,1,1,1,1,1,1,1,1,1
"649","trioda_perfo.N4A","N4A","trioda_perfo",1,1,0,1,1,1,1,1,0,1,0,1,1,1,1,1,1,1,1,1,0,0,0,1,0,1,1,1,1,0,1
"650","verben_stric.N4A","N4A","verben_stric",1,1,1,1,1,1,1,1,1,1,1,1,1,1,1,1,1,1,1,1,1,1,1,1,1,1,1,1,1,1,1
"651","vernon_baldw.N4A","N4A","vernon_baldw",2,1,2,2,2,2,2,1,1,1,1,1,1,1,1,1,1,1,1,1,2,2,2,1,2,2,2,2,2,2,2
"652","viola_bicol.N4A","N4A","viola_bicol",1,0,0,1,0,1,1,1,0,0,0,0,1,1,1,0,0,1,0,0,0,0,0,0,0,1,1,1,1,1,1
"653","viola_pedat.N4A","N4A","viola_pedat",1,1,1,1,1,1,1,1,1,1,1,1,1,1,1,1,1,1,1,1,1,1,1,1,1,1,1,1,1,1,1
"654","acalyp_virgi.N4D","N4D","acalyp_virgi",1,0,0,0,0,0,1,1,0,1,1,0,0,1,1,1,1,1,1,1,0,1,0,1,1,1,1,1,1,1,1
"655","achill_mille.N4D","N4D","achill_mille",1,1.5,1,2,1,1,1,1,1,1,1,1,1,1,1,1,1,1,1,1,1,1,1,1,1,1,1,1,1,1,1
"656","agalin_asper.N4D","N4D","agalin_asper",2,2,1,2,0,0,1,1,1,0,0,1,1.5,0,1,1,1,0,1,1,1,1,0,0,0,1,0,1,1,0,0
"657","allium_stell.N4D","N4D","allium_stell",1,0,0,0,0,0,0,0,0,0,0,0,0,0,0,0,0,0,1,0,0,1,0,0,1,0,0,0,1,1,1
"658","ambros_psilo.N4D","N4D","ambros_psilo",2,2,2,2,2,1.5,2,3,2,1,2,3,4,3,3,2,2,3,3,2,2,2,3,3,2,2,2,2,2,2,3
"659","amorph_canes.N4D","N4D","amorph_canes",2,2,2,2,2,2,1.5,1.5,2,2,2,2,2,1.5,2,2,2,2,2,2,2,2,2,2,2,2,2,2,2,2,2
"660","androp_gerar.N4D","N4D","androp_gerar",4,4,4,4,4,4,4,4,4,4,4,4,4,3,3,3,3,2,3,4,4,3,3,4,4,3,3,3,3,3,3
"661","andros_occid.N4D","N4D","andros_occid",1,0,0,0,0,0,0,0,0,0,0,0,0,0,0,0,0,0,0,0,0,0,0,0,0,0,1,1,0,0,1
"662","artemi_ludov.N4D","N4D","artemi_ludov",2,2,3,3,2,2,2,1,1,1,2,2,2,2,3,3,2,2,2,2,2,2,3,2,2,2,2,2,2,2,2
"663","asclep_steno.N4D","N4D","asclep_steno",1,1,2,2,0,1,0,0,0,0,1,0,0,1,0,1,0,1,1,1,1,1,0,1,1,1,1,1,1,1,1
"664","asclep_syria.N4D","N4D","asclep_syria",1,0,0,0,1,0,1,1,1,1,1,0,0,1,0,1,0,1,1,0,0,0,0,0,0,0,0,0,0,0,0
"665","asclep_verti.N4D","N4D","asclep_verti",1,2,2,1,1,1,1,1,1,1,1,1,1,1,1,1,1,1,1,1,1,1,1,1,1,1,1,1,1,1,1
"666","asclep_virdf.N4D","N4D","asclep_virdf",1,1,1,1,1,1,1,1,1,1,1,1,1,1,1,1,1,1,1,1,1,1,1,1,1,1,1,1,1,1,1
"667","asclep_virds.N4D","N4D","asclep_virds",1,2,1.5,2,1,1,1,1,1,1,1.5,2,1,1,1,2,1,1,2,1,1,1,1,1,1,1,1,1,1,1,1
"668","astrag_crass.N4D","N4D","astrag_crass",2,2.5,1.5,2,1,1,1,1,1,1,2,2,1,1,1,1,1,1,2,1,1,1.5,1,1,1,1,1,1,1,1,1
"669","baptis_austr.N4D","N4D","baptis_austr",2,2,2,2,1,1,1,1,2,1.5,1,1.5,1.5,1,2,1,1,1,2,1,1,1.5,1,2,1,1,1,1,1,1,1
"670","baptis_bract.N4D","N4D","baptis_bract",1.5,2,2,2,1,1,1,1,1,1,1,1,1,1,1,1,1,1,2,2,1,2,2,1,1,1,1,1,1,1,1
"671","boutel_curti.N4D","N4D","boutel_curti",3,2,2,2,2,1,2,2,2,2,2,2,2,2,2,2,2,1,1,1,1,1,1,2,1,2,2,2,2,2,2
"672","boutel_dacty.N4D","N4D","boutel_dacty",2,2,2,2,1.5,1.5,1.5,1.5,1.5,1,2,2,2,3,3,4,4,4,4,4,4,4,4,2,2.5,2,2,2.5,2,2,2
"673","boutel_graci.N4D","N4D","boutel_graci",2.5,2,2,2,2,2,2,2,2,2,2,2,2,2,2,2,2,2,2,2,2,2,2,2,2,2,3,3,3,2.5,2.5
"674","boutel_hirsu.N4D","N4D","boutel_hirsu",2,2,2,2,1,1,1,1,1,1,1,1,1.5,1,1,2,2,2,2,2,1,1.5,2,2,2,2,1.5,2,2,1,1.5
"675","bricke_eupat.N4D","N4D","bricke_eupat",2,2,2,2,1.5,1,1,1,1,1,2,1,1,1,1,1,1,1,1,1,1,1,1,1,1,1,1,1,1,1,1
"676","callir_invol.N4D","N4D","callir_invol",1,2,2,2,1.5,2,1,1,1.5,1,2,2,2,2,2,2,2,2,2,1,1,1,1,1,1,1,1,1,1,1,1
"677","carex_brevi.N4D","N4D","carex_brevi",1,0,0,0,1,1,2,2,2,2,2,2,2,2,2,2,2,1,1,1,1,1,1,1,1,1,2,2,1,1,1
"678","carex_gravi.N4D","N4D","carex_gravi",1,0,0,0,1,1,1,1,1,1,1,1,1,1,1,1,1,1,1,1,1,1,1,1,1,1,1,1,1,1,1
"679","carex_inops.N4D","N4D","carex_inops",1,0,0,0,0,0,1,1,1,1,2,2,2,2,2,1,1,1,1,1,1,1,1,1,1,1,1,1,1,1,1
"680","carex_meadi.N4D","N4D","carex_meadi",1,0,0,0,1,1,1,1,1,1,1,1,1,1,1,1,1,1,1,1,1,1,1,1,1,1,1,1,1,1,1
"681","ceanot_herba.N4D","N4D","ceanot_herba",3,3,3,3,3,3,3,3,4,3,3,4,4,4,3.5,3.5,3,3,3,3,3,3,3,2.5,3,2,3,3,3,3,3
"682","cirsiu_altis.N4D","N4D","cirsiu_altis",1,1,1,1,1,1,1,1,1,1,1,1,1,1,1,1,1,1,1,1,1,1,1,1,1,1,1,1,0,1,1
"683","cirsiu_undul.N4D","N4D","cirsiu_undul",1,2,1,1,1,1,1,1,1,1,1,1,1,1,1,1,1,1,1,1,1.5,2,2,1,1,1,1,1,1,1,1
"684","comand_umbel.N4D","N4D","comand_umbel",2,1,2,1,1,1,1,1,1,1,1,1,1,1,1,1,1,1,1,1,1,1,1,1,1,1,1,1,1,1,1
"685","convol_arven.N4D","N4D","convol_arven",2,0,0,0,0,0,0,0,0,0,0,0,0,0,0,0,0,0,0,0,0,0,0,0,0,0,0,0,0,0,0
"686","conyza_canad.N4D","N4D","conyza_canad",1,1,1,2,1,1,1,1,1,1,1,1,1,1,1,1,1,1,1,1,0,1,1,1,1,1,1,1,1,1,1
"687","cornus_drumm.N4D","N4D","cornus_drumm",2,2,2,2,2,2,2,2.5,4,3,4,4,4,4,4,4,4,4,4,3.5,3,3,3,3,2,2,3,3,3,3,3
"688","croton_monan.N4D","N4D","croton_monan",1,2,0,0,1,1,1,0,1,1,1,1,1,1,1,1,1,1,1,1,0,1,1,1,1,1,1,1,1,1,1
"689","dalea_candi.N4D","N4D","dalea_candi",1,1.5,2,1,1,1,1,1,1,1,1,1,1,1,1,1,1,1,1,1,1,1,1,1,1,1,1,1,1,1,1
"690","dalea_multi.N4D","N4D","dalea_multi",2.5,2,1.5,2,1,1,1,1.5,2,2,2.5,3,3,2,2,2,1,0,1,0,1,1,1,1,1.5,1.5,2,2,2,2,2
"691","dalea_purpu.N4D","N4D","dalea_purpu",1,1,2,2,1,1,1,1,1,1,1,1,1,1,1,1,1,1,1,1,1,1,1,1,1,1,1,1,1,1,1
"692","delphi_carol.N4D","N4D","delphi_carol",1,1.5,2,1,1,1,1,1,1,1,1,1,1,1,1,1,0,1,1,1,0,1,0,0,0,1,1,1,0,1,1
"693","descur_pinna.N4D","N4D","descur_pinna",1,0,0,0,1,1,0,0,0,0,0,1,0,0,0,0,1,0,1,0,0,0,0,1,0,0,1,1,1,0,1
"694","desmod_illin.N4D","N4D","desmod_illin",1,2,2,1,1,1,1,1,1,1,1,1,1,0,1,1,1,1,1,1,1,0,0,1,1,1,1,1,1,1,1
"695","dichan_oligo.N4D","N4D","dichan_oligo",1,2,2,2,2,1,1,1,1,1,1,1,1,1,2,2,2,1,1,1.5,1,1,1,1,1,1,1,1,1,1,1
"696","digita_cogna.N4D","N4D","digita_cogna",1.5,2,0,0,0,0,1,0,0,0,1,0,0,0,1,1,1,1,0,1,0,1,1,1,1,1,1,1,1,1,1
"697","draba_cunei.N4D","N4D","draba_cunei",1,0,0,0,0,0,0,0,0,0,0,0,0,0,0,0,0,0,0,0,0,0,0,0,0,0,1,1,1,0,0
"698","echina_angus.N4D","N4D","echina_angus",2,1,1.5,1,1,1,1,1,1,1,1,1,1,1,1,1,1,1,1,1,1,1,1,1,1,1,1,1,1,1,1
"699","elymus_canad.N4D","N4D","elymus_canad",1,2,2,2,1,1,1,1,1,1,1,1,1,1,1,1,1,1,1,1,1,1,1,1,1,1,1,1,1,1,1
"700","eragro_spect.N4D","N4D","eragro_spect",2,2,1,1,1,0,1,1,1,1,1,1,1,1,1,1,1,1,1,1,0,1,1,1,1,1,1,1,1,1,1
"701","eriger_strig.N4D","N4D","eriger_strig",1,1,1,1,1,1,1,1,1,1,1,1,1,1,1,1,1,1,1,1,1,1,1,1,1,1,1,1,1,1,1
"702","euphor_denta.N4D","N4D","euphor_denta",1,0,0,0,1,1,1,1,1,1,1,0,0,1,1,1,1,1,1,0,0,1,1,1,1,1,1,1,0,1,1
"703","euphor_margi.N4D","N4D","euphor_margi",1,1,1,1,1,1,1,1,1,1,1,1,1,1,1,1,1,1,0,1,1,1,1,1,1,1,1,1,1,1,1
"704","euphor_spath.N4D","N4D","euphor_spath",1,1,1,1,1,1,0,1,0,0,1,1,1,1,1,1,1,1,1,1,1,1,1,1,1,1,1,1,1,1,1
"705","galium_apari.N4D","N4D","galium_apari",1,0,2,0,0,0,0,0,0,0,0,0,0,2,1,0,0,1,0,0,0,0,0,1,1,1,1,1,1,1,0
"706","gerani_carol.N4D","N4D","gerani_carol",1,0,0,0,0,0,0,0,0,0,1,1,0,0,0,0,0,0,0,0,0,0,1,1,0,0,0,0,0,0,0
"707","hedeom_hispi.N4D","N4D","hedeom_hispi",1,1,0,1,1,1,1,1,1,0,1,1,1,1,1,1,1,1,1,1,1,1,1,1,1,1,1,1,1,1,1
"708","hybant_verti.N4D","N4D","hybant_verti",1.5,2,2,2,1,0,1,0,0,1,1,1,1,1,1.5,1,0,1,1,1,1,1,2,1,1,1,1,1,1.5,1,1
"709","hymeno_scabi.N4D","N4D","hymeno_scabi",1,1,0,1,1,1,1,1,1,1,1,2,1,1,1,2,1,1,1,1,1,2,3,1,1,2,1,1,1,1,1
"710","koeler_macra.N4D","N4D","koeler_macra",2,2,2,1.5,1,1,1,1,1,1,1,1,1,1,1,1,1,1,1,1,1,2,1,1.5,1.5,2,2,2,2,2,2
"711","lactuc_serri.N4D","N4D","lactuc_serri",1,1,1,1,1,1,1,1,1,1,0,1,1,0,1,0,1,0,0,0,0,0,0,0,0,0,0,0,0,0,0
"712","lepidi_densi.N4D","N4D","lepidi_densi",1,1,1,1,1,1,1,1,1,1,1,1,1,1,1,1,1,1,1,1,1,1,1,1,1,1,1,1,1,1,1
"713","lesped_capit.N4D","N4D","lesped_capit",2,1,1.5,2,1,1,1,1,1,1,1,2,1.5,1,1,1,1,1,1,1,1,1,1,1,1,1,1,1,1,1,1
"714","lesped_viola.N4D","N4D","lesped_viola",1,0,1,1.5,1,1,1,1,2,2,1.5,2,2,1,1.5,2,2,2,2,2,2,2,3,2,2,2,2,2,2,1,1
"715","liatri_punct.N4D","N4D","liatri_punct",2,2,1,1,1,0,0,0,0,1,1,1,0,0,0,1,0,0,1,0,1,0,0,0,0,0,1,1,1,0,1
"716","linum_sulca.N4D","N4D","linum_sulca",1,1,1,1,1,1,1,1,1,1,1,1,1,1,1,1,1,1,1,1,1,1,1,1,1,1,1,1,1,1,1
"717","lithos_incis.N4D","N4D","lithos_incis",1,0,0,0,1,1,1,1,1,1,1,1,1,1,1,1,1,1,1,1,1,1,1,1,1,1,1,1,1,1,1
"718","lithos_occid.N4D","N4D","lithos_occid",2.5,2,2,2,1,1,0,0,0,0,0,0,0,0,0,0,0,0,0,0,0,0,0,0,0,0,0,0,0,0,0
"719","lomati_foeni.N4D","N4D","lomati_foeni",2,2,1.5,1,1,1,1,1,1,1,1,1,1,1,1,1,1,1,1,1,1.5,1,1,1,1,1,1,1,1,1,1
"720","mimosa_quadr.N4D","N4D","mimosa_quadr",2,2,2,2,2,2,1,2,2,1,2,2,2,2,1,2,2,1,2,2,1,1,1.5,1,1,1,1,1,1,1,1
"721","muhlen_cuspi.N4D","N4D","muhlen_cuspi",2,2,2,1,1,1,1,1,1.5,1,2,2,2,2,2,2,1,1,0,0,1,1,1,0,0,1,1.5,1.5,1,1,1
"722","muhlen_racem.N4D","N4D","muhlen_racem",1,2,2,2,1.5,1.5,1,1,1,0,1,1,1,0,0,1,1,1,1,0,0,0,0,0,0,0,0,0,0,0,0
"723","oenoth_macro.N4D","N4D","oenoth_macro",2,2,0,1,1,0,1,1,1,1,1,1,1,1,1,2,1,1,1,1,1,1,1,1.5,1,1,1,1,1,1,1
"724","oenoth_speci.N4D","N4D","oenoth_speci",1,2,2.5,1.5,2,1,1,1,2,1,1,1,1,1,1,1,2,1,1.5,0,1,0,1,1,1,1.5,1,1,1,1,1
"725","ophiog_vulga.N4D","N4D","ophiog_vulga",1,2,1,0,1,0,0,1,0,0,0,0,0,1,0,1.5,1,1,1,0,0,1.5,2,1,1,1,2,1,1,1,1
"726","oxalis_stric.N4D","N4D","oxalis_stric",1,1,1,1,1,1,1,1,1,1,1,1,1,1,1,1,1,1,1,1,1,1,1,0,0,0,0,0,0,1,1
"727","oxalis_viola.N4D","N4D","oxalis_viola",1,2,2,1,1,1,1,1,1,1,1,1,1,1,1,1,1,1,1,1,0,1,1,1,1,1,1,1,1,1,1
"728","packer_platt.N4D","N4D","packer_platt",1,1,1,1,1,1,1,1,1,1,1,1,1,1,1,1,1,1,1,1,1,1,1,1,1,1,1,1,1,1,1
"729","panicu_virga.N4D","N4D","panicu_virga",3,2,2,2,2,2,2,2,2,1,2,1,1,1,1,1,1,1,1,1,1,1,1,1,1,1,1,1,1,1,1
"730","pediom_escul.N4D","N4D","pediom_escul",1.5,1,1,1,1,1,1,1,1,1,1,1,1,1,1,1,1,1,1,1,1,1,1,1,1,1,1,1,1,1,1
"731","pediom_tenui.N4D","N4D","pediom_tenui",2.5,2,2,2,2,2,2,2,2,2,2,2,2,2,2,2,1.5,2,2,2,2,2,2,2,2,2,2,2,2,1,2
"732","physal_pumil.N4D","N4D","physal_pumil",2,2,2,2,2,2,1,1,1,1,2,1,2,1,1,1,1,1,1,1,1,1,1,1,1,1,1,1,1,1,1
"733","poa_prate.N4D","N4D","poa_prate",3,3,3,3,3,3,2,2,2,2,2,2,2,1,2,3,3,2,2,2,2,1,1,2,1.5,2,2,2,2,2,2
"734","ratibi_colum.N4D","N4D","ratibi_colum",1,0,2,1.5,1,1,1,1,1,1,1,1,1,1,1,1,1,1,1,1,1,1,1,1,1,1,1,1,1,1,1
"735","rhus_aroma.N4D","N4D","rhus_aroma",2,2,2,2,1.5,1.5,1.5,1.5,1.5,2,2,2,2,3,3,3,2.5,2,2.5,3,3,3,2.5,3,3,3,3,3,3.5,3,3
"736","rhus_glabr.N4D","N4D","rhus_glabr",1,1.5,2,2,1,1,1,1.5,1.5,2,2,3,1,1,2,3,3,3,3,2.5,2,4,3.5,3,3,2,3,2,2.5,3,3
"737","rosa_arkan.N4D","N4D","rosa_arkan",2,2,2.5,2.5,2.5,3,2,2,2,2,2,2,2,2,2,2,2,1,2,1,1.5,2,2,2,1,1,1.5,2,1,2,1.5
"738","ruelli_humil.N4D","N4D","ruelli_humil",1,1.5,2,1,1,1,1,1,1,1,1,1,1,1,1,1,1,1,1,1,1,1,1,1,1,1,1,1,1,1,1
"739","salvia_azure.N4D","N4D","salvia_azure",2,2,2,2,1,1,1,1,1,2,2,2,2,2,1.5,2,2,2,1,1,1,2,2,1.5,1,1.5,1,2,1.5,1,1
"740","schiza_scopa.N4D","N4D","schiza_scopa",3,3,3,2,2,2,2,2,2,2,2,2,2,2,2,2,2,1,1,2,2,1,1,1,2,2,2,2,2,2,2
"741","silene_antir.N4D","N4D","silene_antir",1,1,0,1,0,1,1,1,1,0,1,1,1,1,1,1,1,0,1,1,1,1,1,1,1,1,1,1,1,0,1
"742","sisyri_campe.N4D","N4D","sisyri_campe",1,2,1,0,1,1,1,1,1,1,1,1,1,0,1,1,0,1,1,1,1,1,0,1,1,1,1,1,1,1,1
"743","solida_altis.N4D","N4D","solida_altis",3,2.5,3,2,1,1,1,1,1,2,2,2,2,2,2,2,2,2,2.5,3,3,3,3,2,2,2,2,2,2,1,2
"744","solida_misso.N4D","N4D","solida_misso",1,2,1.5,1,1,1,1,1,1,1,2,2,2,1.5,2,2,2,2,2,1,1,1.5,2,2,2,2,1,1,2,2,2
"745","sorgha_nutan.N4D","N4D","sorgha_nutan",3,3,3,3,3,3,2,2,2,2,2,2,2,1,2,2,2,1,2,2,2,1,1,2,2,2,2,2,2,2,2
"746","spermo_inerm.N4D","N4D","spermo_inerm",1,0,0,1,1,0,0,1,1,0,1,1,1,1,1,1,1,1,1,1,1,1,1,1,1,1,1,1,1,1,1
"747","sporob_compo.N4D","N4D","sporob_compo",3,2,2,2,2,2,2,1,1,1,1,1,1,1,1,1,1,1,1,1,1,1,1,1,1,1,1,1,1,1,1
"748","sporob_heter.N4D","N4D","sporob_heter",2,2,2,2,2,2,2,1,2,1,2,2,1,1,1,2,2,1,0,1,2,0,0,0,1,1,1,1,1,1,1.5
"749","stroph_leios.N4D","N4D","stroph_leios",2,1,2,0,1,1,1,1,1,0,0,1,1,1,1,0,1.5,0,0,0,0,0,0,0,0,0,0,0,0,0,0
"750","sympho_orbic.N4D","N4D","sympho_orbic",3,2,3,3,3,2,2,2,3,3,3.5,4,4,3,3,3,3,3,3,3,3,3,3,3,3,2,3,3,3,2,2
"751","symphy_erico.N4D","N4D","symphy_erico",2,2,2,2,2,2,2,2,3,2,2,3,3,2,2,3,2,1,1,1,2,1,1,1,1,1,1,1,1,1,1
"752","symphy_oblon.N4D","N4D","symphy_oblon",2,2,2,2,2,2,2,2,3,2,3,3,3,2,2,2,2,1,1,1,1,2,2,1,1,1,1,1,1,1,1
"753","symphy_seric.N4D","N4D","symphy_seric",2,2,1.5,1.5,1,1,1,1,1,1,1,1,1,1,1,1,1,1,1,1,1,0,1,1,1,1,1,1,1,1,1
"754","teucri_canad.N4D","N4D","teucri_canad",2,2,2,2,2,2,2,2,2,1,2,2,2,1,1.5,1,1,1,1,1,1,1,1,1,1,1,1,1,1,1,1
"755","tragia_beton.N4D","N4D","tragia_beton",1.5,2,2,2,1,1,1,1,1,1,1,1.5,1,1,1,1,1,1,1,1,1,1,1,1,1,1,1,1,1,1,1
"756","tragop_dubiu.N4D","N4D","tragop_dubiu",1,1,0,0,1,1,1,0,0,0,0,0,1,0,1,1,0,1,1,1,1,1,1,0,0,0,1,1,0,0,1
"757","tricho_brach.N4D","N4D","tricho_brach",1,0,0,0,0,0,0,0,0,0,0,0,0,0,0,0,0,0,0,0,0,0,0,0,0,0,0,0,0,0,0
"758","triden_flavu.N4D","N4D","triden_flavu",2,1,2,2,2,1.5,1,1.5,1.5,1,1,1,1,1,1,1,1,1,1,1,1,1,1,1,1,1,1,1,1,1,1
"759","trioda_lepto.N4D","N4D","trioda_lepto",1,1,0,1,1,1,0,1,1,0,1,1,1,0,1,1,1,0,1,1,0,0,1,1,1,0,1,1,1,0,0
"760","trioda_perfo.N4D","N4D","trioda_perfo",1,1,0,1,1,1,1,1,1,0,1,1,1,0,1,1,1,0,1,0,0,0,1,1,1,0,1,1,1,0,0
"761","ulmus_ameri.N4D","N4D","ulmus_ameri",1,1.5,1.5,1.5,1,1,1,1,1,1,1,1,1,1,1,1,1,1,1,1,1,2,1.5,1,1,1,1,1,1,1.5,1
"762","ulmus_rubra.N4D","N4D","ulmus_rubra",2,0,0,0,0,0,0,0,0,0,0,0,0,0,0,0,0,0,0,0,0,0,0,1,1,1,1.5,1.5,2,1.5,2
"763","verben_stric.N4D","N4D","verben_stric",1,1,1,1,1,1,1,1,1,1,1,1,1,1,1,1,1,1,1,1,1,1,1,1,1,1,1,1,1,1,1
"764","vernon_baldw.N4D","N4D","vernon_baldw",1.5,1,2,1,1,1,1,1,1,1,1,1,1,1,1,1,1,1,1,1,1,1,1,1,1,1,1,1,1,1,1
"765","veroni_pereg.N4D","N4D","veroni_pereg",1,0,0,0,0,0,0,0,0,0,0,0,0,0,0,0,0,0,0,0,0,0,0,0,0,0,0,0,0,0,0
"766","vicia_ameri.N4D","N4D","vicia_ameri",1,0,2,1.5,1,0,1,0,0,0,0,0,0,0,0,0,0,0,0,0,0,0,0,0,0,1,0,0,0,0,0
"767","viola_bicol.N4D","N4D","viola_bicol",1,1,1,1,1,0,0,0,0,0,1,0,1,0,0,0,0,0,0,0,0,0,0,1,1,0,1,1,1,1,1
"768","viola_nephr.N4D","N4D","viola_nephr",1,2,2,1,1.5,1,1,1,1,1,1,1,1,1,1,1,1,1,1,1,1,1,1,0,0,0,0,0,0,0,0
"769","viola_pedat.N4D","N4D","viola_pedat",1.5,1,1,2,1,1,1,1,1,1,1,1,1,1,1,1,1,1,1,1,1,1,1,1,1,1,1,1,1,1,1
"770","vulpia_octof.N4D","N4D","vulpia_octof",1,0,0,1,0,1,1,0,0,1,1,1,1,1,1,1,1,1,1,1,1,1,1,1,1,1,1,1,1,1,1
"771","cirsiu_altis.1D","1D","cirsiu_altis",0,1,1,1,1,1,1,1,1,1,1,1,1,1,1,1,1,1,1,1,0,0,0,1,1,1,1,1,1,1,1
"772","euphor_margi.1D","1D","euphor_margi",0,1,0,0,1,1,0,1,0,1,1,0,1,1,0,0,0,1,0,0,0,0,0,0,0,0,0,0,0,0,0
"773","helian_pauci.1D","1D","helian_pauci",0,1,1,0,0,0,0,0,0,0,0,0,0,0,0,0,0,0,0,0,0,0,0,0,0,0,0,0,0,0,0
"774","linum_sulca.1D","1D","linum_sulca",0,1,0,1,0,1,0,0,0,1,0,0,1,0,0,0,0,0,0,0,0,0,0,0,0,0,0,0,0,0,0
"775","spiran_verna.1D","1D","spiran_verna",0,1,0,0,0,0,0,0,0,0,0,0,0,0,0,0,1,1,0,0,0,0,0,0,0,0,0,0,0,0,0
"776","tragop_dubiu.1D","1D","tragop_dubiu",0,1,0,0,0,0,0,0,0,0,0,0,1,0,0,0,0,0,0,0,0,0,0,0,0,0,1,0,1,0,0
"777","ambros_artem.20B","20B","ambros_artem",0,1,2,2,2,1,0,1,0,0,1,1,0,0,0,0,1,1,1,0,0,1,0,0,1,1,0,0,0,1,1
"778","asclep_tuber.20B","20B","asclep_tuber",0,1,0,0,0,1,0,0,0,0,0,0,0,0,0,0,0,0,0,0,0,0,0,0,0,0,0,0,0,0,0
"779","astrag_crass.20B","20B","astrag_crass",0,2,0,1.5,1.5,1,0,0,0,0,0,0,0,0,0,0,0,0,0,0,0,0,0,0,0,0,0,0,0,0,0
"780","eupato_altis.20B","20B","eupato_altis",0,1,1.5,2,2,2,2,2,1,1,1,2,2,1,1,1,2,1,1,2,2,2,2,2,1,1,1,2,1,1,1
"781","euphor_cyath.20B","20B","euphor_cyath",0,1,1,0,0,0,0,0,0,0,0,0,0,0,0,0,0,0,0,0,0,0,0,0,0,0,0,0,0,0,0
"782","euphor_serpe.20B","20B","euphor_serpe",0,1,1,0,1.5,0,1,1,0,0,0,0,0,0,0,0,0,0,0,0,0,0,0,0,0,0,0,0,0,0,0
"783","oenoth_speci.20B","20B","oenoth_speci",0,2,2,2,2,0,1,1,1,1,0,0,0,1,0,1,1,1,0,0,0,0,0,0,1,2,1,0,1,1,0
"784","pediom_argop.20B","20B","pediom_argop",0,1,1,1,1,1,0,1,0,1,0,0,0,0,1,0,0,0,0,0,0,0,0,0,1,0,0,0,0,0,0
"785","physal_virgi.20B","20B","physal_virgi",0,2,1,0,0,2,1,1,1,0,0,0,0,0,0,0,0,0,0,0,0,0,0,1,1,1,1,1,1,1,1
"786","teucri_canad.20B","20B","teucri_canad",0,2,2,2,1.5,2,1.5,2,2,2,2,1,1,1,1.5,2,3,2.5,2,1,1,1,1,2,1,1.5,1,1,1,1,1
"787","toxico_radic.20B","20B","toxico_radic",0,1,0,1,2,2,2,1.5,1.5,2,1,1,2,3,3,2.5,4,3,3,2,1.5,1.5,2,1.5,2,3,2.5,3,2.5,2,2
"788","verben_stric.20B","20B","verben_stric",0,2,0,1,1,2,1,2,1,1,0,0,0,0,1,0,0,0,0,0,0,0,0,0,0,0,0,0,0,0,0
"789","viola_pedat.20B","20B","viola_pedat",0,1.5,1,1,0,1,1,1,1,1,0,0,0,0,0,0,1,0,0,0,1,1,1,0,0,1,0,0,0,1,1
"790","ambros_artem.4A","4A","ambros_artem",0,1.5,1.5,1,0,0,0,2,1.5,1,1,0,0,1,1,1,1.5,1,2,0,1,1,1,1,1,1,1.5,2,1,2,2
"791","cirsiu_altis.4A","4A","cirsiu_altis",0,1,1,2,1,1,1,1,1,1,1,1,1,1,1,1,1,1,1,1,1,1,1,0,1,1,1,1,1,1,1
"792","commel_erect.4A","4A","commel_erect",0,2,0,0,0,0,0,0,0,0,0,0,0,0,0,0,0,0,0,0,0,0,0,0,0,0,0,0,0,0,0
"793","conyza_canad.4A","4A","conyza_canad",0,1,0,0,0,1,0,0,1,0,0,0,1,0,0,1,1,1,1,0,0,0,1,1,0,1,0,1,1,0,0
"794","glandu_bipin.4A","4A","glandu_bipin",0,1.5,0,0,0,0,0,0,2,2,0,0,0,0,1,0,0,0,0,0,0,0,0,0,0,0,0,0,0,0,0
"795","gledit_triac.4A","4A","gledit_triac",0,1,0,0,0,1,1,0,0,1,0,0,0,1,1,0,1,0,0,1,1,0,1,1,1,1,1,1,1,0,1
"796","hedeom_hispi.4A","4A","hedeom_hispi",0,1,1,1,1,0,0,0,1,1,1,1,1,0,0,1,1,1,0,0,1,0,0,1,0,0,0,1,0,0,0
"797","hymeno_scabi.4A","4A","hymeno_scabi",0,1.5,0,0,0,0,0,0,1,1,0,0,0,1,0,0,0,0,0,0,0,0,0,0,0,0,0,0,0,0,0
"798","lactuc_serri.4A","4A","lactuc_serri",0,1,1,0,0,0,0,0,0,0,0,0,0,0,0,0,0,0,0,0,0,0,1,0,0,0,0,0,0,0,0
"799","lepidi_densi.4A","4A","lepidi_densi",0,1,1,1,0,0,1,1,1,1,1,1,1,1,0,1,1,0,1,0,1,0,0,0,0,0,1,1,0,0,0
"800","monard_fistu.4A","4A","monard_fistu",0,2,2,1.5,1.5,1,1,1,1,1.5,0,0,1,1,1,1,1,0,0,1,0,1,0,1,1,1,0,1,1,0,1
"801","oenoth_curti.4A","4A","oenoth_curti",0,2,1,0,0,0,0,1,1,0,0,0,0,0,0,0,0,0,0,1,0,0,0,0,0,0,0,0,0,0,0
"802","oenoth_speci.4A","4A","oenoth_speci",0,3,2,1,0,0,1,1.5,1,0,0,1.5,1,1,1,2,1,1,2,0,0,0,1,0,1,1,1,0,0,1,0
"803","pediom_argop.4A","4A","pediom_argop",0,2,2,0,2,1,1,1,2,2,2,2,1,1,0,0,0,1,1,0,0,0,1,1,0,0,0,1,0,0,0
"804","planta_rhodo.4A","4A","planta_rhodo",0,1,1,1,0,0,0,1,1,0,1,1,1,0,1,1,0,0,0,0,0,1,0,0,0,0,0,0,0,0,0
"805","polygo_tenue.4A","4A","polygo_tenue",0,1,0,0,0,0,0,0,0,0,0,0,0,0,0,0,0,0,0,0,0,0,0,0,0,0,0,0,0,0,0
"806","prunus_virgi.4A","4A","prunus_virgi",0,1,0,0,0,0,0,0,0,0,0,0,0,0,0,0,0,0,0,0,0,0,0,0,0,0,0,0,0,0,0
"807","spermo_inerm.4A","4A","spermo_inerm",0,1,0,1,0,0,1,0,1,1,0,1,1,0,0,1,1,0,0,1,1,1,0,1,0,1,0,1,0,0,0
"808","spheno_obtus.4A","4A","spheno_obtus",0,2,2,2,1,1.5,1,1,1,1,1,0,1.5,1,1,1,1,1,0,0,0,0,0,0,0,1,1,0,1,1,1
"809","stroph_leios.4A","4A","stroph_leios",0,1,0,0,0,0,1,1,0,1,0,0,0,0,0,0,0,0,0,1,0,0,0,0,0,0,0,0,0,0,0
"810","tragop_dubiu.4A","4A","tragop_dubiu",0,1,1,0,0,0,0,0,0,0,0,0,0,0,0,0,0,0,0,0,0,0,0,0,0,0,0,0,1,0,0
"811","triden_flavu.4A","4A","triden_flavu",0,2,0,0,0,1,1,0,1,1,0,0,0,0,0,0,0,0,0,0,0,1,0,2,2,2,2,2,2,2,0
"812","trioda_lepto.4A","4A","trioda_lepto",0,1,0,0,0,0,0,0,1,0,0,1,1,0,0,0,0,0,0,0,0,0,0,1,0,0,0,0,0,0,0
"813","trioda_perfo.4A","4A","trioda_perfo",0,1,0,1,0,0,0,0,1,1,0,1,1,0,0,1,0,0,0,0,0,0,0,1,0,1,0,1,1,0,0
"814","vulpia_octof.4A","4A","vulpia_octof",0,1,0,1,1,0,1,1,0,1,0,1,1,1,0,1,1,1,0,1,1,1,0,0,0,1,0,1,1,0,0
"815","argemo_polya.4B","4B","argemo_polya",0,2,0,0,0,0,0,0,0,0,0,0,0,0,0,0,0,0,0,0,0,0,0,0,0,0,0,0,0,0,0
"816","boutel_graci.4B","4B","boutel_graci",0,2,2,1,2,2,1.5,2,2,2,2,1,1,1,1,1,1,1,0,0,0,0,1,0,0,0,0,0,0,0,0
"817","callir_alcae.4B","4B","callir_alcae",0,1,1,2,1,1,0,0,1,0,1,1,0,1,0,0,0,1,0,0,0,1,1,0,1,1,0,1,1,0,1
"818","croton_monan.4B","4B","croton_monan",0,2,1,1,1,1,1,2,1,2,0,0,0,0,0,0,0,0,0,0,0,0,0,0,0,0,0,0,0,0,0
"819","dalea_multi.4B","4B","dalea_multi",0,2,0,2,2,2,1,2,2,2,0,0,0,0,2,0,0,0,0,0,0,0,0,0,0,0,0,0,0,0,0
"820","dichan_ovale.4B","4B","dichan_ovale",0,1,0,0,0,1,0,1,1,1,0,1,0,0,0,0,1,1,1,1,0,0,0,0,0,0,0,0,0,0,0
"821","digita_cogna.4B","4B","digita_cogna",0,2,0,0,0,0,1,1,0,0,1,0,0,0,0,1,1,1,0,0,0,1,0,0,0,0,0,0,0,0,0
"822","euphor_margi.4B","4B","euphor_margi",0,1,1,0,1,1,1,1,1,1,0,1,1,1,0,0,1,1,1,1,1,1,1,1,1,1,1,1,0,1,0
"823","glandu_bipin.4B","4B","glandu_bipin",0,2,0,0,1,1.5,0,0,1.5,1,0,0,0,0,0,0,0,0,0,0,0,0,0,0,0,0,0,0,0,0,0
"824","hedeom_hispi.4B","4B","hedeom_hispi",0,1.5,0,0,1,0,0,1,1,1,0,0,0,0,1,1,0,0,0,0,0,0,0,0,0,0,0,0,0,0,0
"825","helian_annuu.4B","4B","helian_annuu",0,2,1,0,0,0,1,0,0,0,0,1,0,0,0,0,0,1,0,0,0,1,0,0,0,2,0,0,0,3,0
"826","hybant_verti.4B","4B","hybant_verti",0,2,2,2,1,2,2,2,2,2,0,0,0,0,2,0,0,0,0,0,0,0,0,0,0,0,0,0,0,0,0
"827","hymeno_scabi.4B","4B","hymeno_scabi",0,2,0,0,1,2,0,1,1,1,1,1,0,0,0,1,1,0,0,0,0,0,0,0,0,0,0,0,0,0,0
"828","oenoth_curti.4B","4B","oenoth_curti",0,1,0,0,0,0,0,1,0,0,0,0,1,0,1,0,0,1,1,0,0,0,0,0,0,0,0,0,0,0,0
"829","oenoth_glauc.4B","4B","oenoth_glauc",0,2,1,2,0,0,1,1,1,0,0,0,0,0,1,0,1,0,1,2,1,0,0,2,1,1,1,1,1,1,1
"830","oenoth_speci.4B","4B","oenoth_speci",0,2,2,1,0,0,1,1,1,0,0,1,0,1,0,0,0,0,0,0,0,0,0,1,0,1,0,0,0,0,0
"831","setari_pumil.4B","4B","setari_pumil",0,1,0,0,0,0,2,1,1.5,1,0,0,0,0,1,0,0,0,0,0,0,0,0,0,0,0,0,0,0,0,0
"832","spheno_obtus.4B","4B","spheno_obtus",0,2,0,0,1.5,0,0,1,1,1,1,1,1,0,1,0,0,1,0,0,0,0,0,0,0,1,1,1,1,0,0
"833","symphy_lance.4B","4B","symphy_lance",0,1,0,0,0,0,0,0,1,0,1,0,0,0,0,0,0,0,0,0,0,0,0,0,0,0,0,1,0,0,0
"834","teucri_canad.4B","4B","teucri_canad",0,2,2,1,0,0,1,0,1.5,2,1,1,0,0,1,6,5,1,2,1,1,1,2,1,1,2,1,1,1,2,1
"835","triden_flavu.4B","4B","triden_flavu",0,2,1,0,0,0,0,0,0,0,0,0,0,0,0,0,0,0,0,0,0,0,0,0,0,0,0,0,0,0,0
"836","trioda_lepto.4B","4B","trioda_lepto",0,1,0,0,0,1,0,1,0,0,0,0,0,0,0,1,0,0,0,0,0,0,0,1,1,0,0,1,0,0,0
"837","ambros_artem.N1B","N1B","ambros_artem",0,1,0,2,0,0,0,0,0,1.5,0,0,0,0,0,1,1.5,1.5,1,1,1,1,1,1,1,1,0,1,1,2,1
"838","boutel_dacty.N1B","N1B","boutel_dacty",0,2,2,2,2,2,2,2,2,2.5,2.5,2.5,2.5,2.5,3.5,3.5,3.5,3.5,2.5,1.5,2.5,3,3,2,2,2,2,3,3,3,2.5
"839","bromus_arven.N1B","N1B","bromus_arven",0,1,2.5,1.5,1,1,1,1,1,1,1.5,1,1,1,1,1,1,1,1,2,2,2,1,2,2,2,1,1,1,1,1
"840","draba_repta.N1B","N1B","draba_repta",0,1,0,0,0,0,1,0,0,1,0,1,0,0,0,0,0,0,1,0,1,0,0,1,1,1,0,1,1,1,1
"841","echina_angus.N1B","N1B","echina_angus",0,1,1,1,1,1,1,1,1,1,1,1,1,1,1,1,1,1,1,1,1,1,1,1,1,1,1,1,1,1,1
"842","elymus_canad.N1B","N1B","elymus_canad",0,1,1,2,1,1,1,1,1,1,1,1,1,1,1,1,1,1,1,1,1,1,1,1,1,1,1,1,1,1,1
"843","eriger_strig.N1B","N1B","eriger_strig",0,1,1,1,1,1,1,1,1,1,1,1,1,1,1,1,1,1,1,1,1,1,1,1,1,1,1,1,1,1,1
"844","spheno_obtus.N1B","N1B","spheno_obtus",0,1,2,1,1.5,0,0,1,0,1,1,1,1,1,1,1,1,1,1,1,1,1,0,0,0,1,0,1,0,0,1
"845","tragop_dubiu.N1B","N1B","tragop_dubiu",0,1,0,1,0,0,0,0,0,0,1,0,0,0,0,0,0,1,0,1,1,1,0,0,1,0,0,0,0,0,1
"846","acalyp_virgi.N20B","N20B","acalyp_virgi",0,1,1,0,0,0,1,1,1,1,1,2,1,1,1,1,1,1,1,0,0,1,1,1,1,1,1,1,1,1,1
"847","allium_stell.N20B","N20B","allium_stell",0,1,0,0,0,0,0,0,0,0,0,0,0,0,0,0,0,0,0,0,0,0,0,0,0,0,0,0,0,0,0
"848","ambros_artem.N20B","N20B","ambros_artem",0,1.5,1,2,2,0,2,3,1.5,1,1,1,1,1,0,1,1,1,1,1,1,1,1,1,1.5,1,0,1,1,1,1
"849","ambros_psilo.N20B","N20B","ambros_psilo",0,2,2,2,2,2,2,2,3,2,3,3,3,2,2,2,3,2,2,2,2,2,2,2,3,3,1,1,1,1,2
"850","androp_gerar.N20B","N20B","androp_gerar",0,3,4,5,5,5,5,4,4,4,4,4,3,3.5,4,3,3,3,3,3,3,3,3,3,3,3,3,3,3,3,3
"851","apocyn_canna.N20B","N20B","apocyn_canna",0,2,2,0,0,1,0,0,0,0,0,0,0,0,0,0,0,0,0,1,1,0,0,1,1,1,1,1,1,1,1
"852","artemi_ludov.N20B","N20B","artemi_ludov",0,2,2,2,2,2,2,2,2,2,2,2,2,2,2,2,2,2,2,2,2,2,2,2,1.5,1,1,1,1,1,1
"853","boutel_curti.N20B","N20B","boutel_curti",0,2.5,2,1,1,1,1,1,2,2,2,1,1,1,2,2,1,2,1,1,1,1,1,2,1,2,2,2,2,2,2
"854","boutel_dacty.N20B","N20B","boutel_dacty",0,2,1,1,1,1,1,1,2,2,3,2,3,3,3,3,4,4,4,5,5,2.5,1.5,3,4,3,3,4,3,4,3.5
"855","boutel_graci.N20B","N20B","boutel_graci",0,2,2,1.5,1,1,2,1,1,1,1,1,1,1,1,1,1,2,2,2,2,2,1,2,2,2,2,2,2,2,2
"856","boutel_hirsu.N20B","N20B","boutel_hirsu",0,2,2,2,2,1,1,0,0,0,0,0,0,0,0,0,1,1,1,0,0,0,0,0,0,0,1,1,1,1,1
"857","bricke_eupat.N20B","N20B","bricke_eupat",0,2,1,2,2,2,2,1,1,1,1,1,1,1,1,1,1,1,1,1,1,1,1,1,1,1,1,1,1,1,1
"858","callir_alcae.N20B","N20B","callir_alcae",0,1,1,1,1,0,0,2,0,0,1,1,0,0,0,0,0,1,0,0,0,0,0,0,0,0,0,0,0,0,0
"859","calyst_macou.N20B","N20B","calyst_macou",0,1,2,1,1,1,1,1,1,1,1,1,1,1,1,1,1,1,1,0,0,1,1,1,1,1,1,1,1,1,1
"860","conyza_canad.N20B","N20B","conyza_canad",0,1,1,1,1,0,0,1,1,1,1,1,1,1,1,1,1,1,1,0,0,0,0,1,1,1,0,1,1,1,1
"861","delphi_carol.N20B","N20B","delphi_carol",0,1,1,1,1,1,1,1,1,0,1,0,0,0,0,0,0,1,0,0,0,0,0,0,0,1,0,0,1,1,1
"862","desmod_illin.N20B","N20B","desmod_illin",0,1,1,1,1.5,0,1,1.5,1.5,1,1,1,1,1,1,1,1,1,1,0,1,1,1,1,1,1,1,1,1,1,1
"863","digita_cogna.N20B","N20B","digita_cogna",0,1.5,0,0,0,0,1,1,0,0,0,0,0,0,1,0,0,1,0,0,0,1,1,1,1,1,1,1,1,1,1
"864","eragro_spect.N20B","N20B","eragro_spect",0,1,1,2,2,0,1,1,1,1,1,1,1,0,1,1,1,1,1,1,1,1,1,1,1,1,1,1,1,1,1
"865","eupato_altis.N20B","N20B","eupato_altis",0,2,2,2,2,2,2,2,2,1,1,1,2,1,1,2,1,1,1,1,1,1,1,1,1,1,1,1,1,1,1
"866","euphor_cyath.N20B","N20B","euphor_cyath",0,1,0,0,0,0,0,0,1,1,0,0,0,0,0,0,1,1,1,0,0,1,0,1,1,1,1,1,1,1,1
"867","euphor_margi.N20B","N20B","euphor_margi",0,1,1,1,1,1,1,1,1,1,1,1,1,1,1,1,1,1,1,1,1,1,1,1,1,1,0,1,0,1,1
"868","euphor_serpe.N20B","N20B","euphor_serpe",0,1,1,1,1,1,1,1,0,1,0,0,0,0,0,0,1,0,1,0,0,1,1,0,0,0,0,0,0,0,0
"869","glandu_bipin.N20B","N20B","glandu_bipin",0,2,1,2,1,1,2,2,2,2,2,3,2,2,2,2,1,1,1,1,1,1,1,1,1,3,2,2,2,1,2
"870","gledit_triac.N20B","N20B","gledit_triac",0,2,1.5,2,2,2.5,1,1.5,1,1.5,1.5,1.5,1,1,1,1,1,1,1,1,1,1,1,1,1,1,1,1,1,1,1
"871","lesped_capit.N20B","N20B","lesped_capit",0,1,1,1,2,2,1,1,1,1,1,1,1,1,1,1,1,1,1,1,1,1,1,1,1,1,1,1,1,1,1
"872","liatri_punct.N20B","N20B","liatri_punct",0,2,2,2,2,2,1.5,2,1,2,2,2,1,2,2,1.5,2,2,2,1.5,2,2,4,1.5,2,2,2,2,2,1,1.5
"873","mentze_oligo.N20B","N20B","mentze_oligo",0,2,0,0,0,0,0,0,0,0,0,0,0,0,0,0,0,0,0,0,0,0,0,0,0,0,0,0,0,0,0
"874","mirabi_linea.N20B","N20B","mirabi_linea",0,2,1,0,0,0,1,0,0,0,0,0,0,0,0,0,0,0,0,0,0,0,0,0,0,0,0,0,0,0,0
"875","muhlen_cuspi.N20B","N20B","muhlen_cuspi",0,2,2,2,2,2,2,2,1,1.5,1,1.5,1.5,2,2,2,2,2,2,1,2,1,2,1,1,1,1,1,2,1,1
"876","muhlen_racem.N20B","N20B","muhlen_racem",0,3,2,1.5,3,1,1,1,1,1,1,1,1,1,1,1.5,2,2,2,2,1.5,1,2,1,1,1,1,1,2,1,1
"877","panicu_virga.N20B","N20B","panicu_virga",0,2,2,2,2,2,1,1,1,1,1.5,1.5,1,2,2,2,2,2,2,2,2,1,1,1,1,1,1,1,1,1,1
"878","pediom_argop.N20B","N20B","pediom_argop",0,2,2,1.5,1,1,2,2,1,1,1,1,1,1,0,1,0,0,1,1,1,1,1,1,0,1,0,0,1,1,0
"879","physal_virgi.N20B","N20B","physal_virgi",0,1,1,0,0,0,0,0,0,0,0,0,0,0,0,0,0,0,0,0,0,0,0,0,0,1,1,1,1,1,1
"880","polygo_tenue.N20B","N20B","polygo_tenue",0,1,0,0,0,0,0,0,0,0,0,0,0,0,0,0,0,0,0,0,0,0,0,0,0,0,0,0,0,0,0
"881","prunus_ameri.N20B","N20B","prunus_ameri",0,2.5,2.5,2.5,2.5,2.5,2.5,4,4,4,4,2,2,2,3,2.5,2,2,2.5,2,4,3.5,3,2.5,2,2,3,3,3,2,2
"882","rosa_arkan.N20B","N20B","rosa_arkan",0,2,1,2,2,1.5,2,2,2,2,2,2,2,2,2,1.5,1,1,1,1,1,1,1,1,1,1,1,1,1,1,1
"883","salvia_azure.N20B","N20B","salvia_azure",0,1,1,2,2,2,2,2,2,2,2,2,2,2,2,2,2,2,1,2,2,2,1,2,1.5,2,2,1.5,1,2,1
"884","schiza_scopa.N20B","N20B","schiza_scopa",0,2,2,2,2,2,2,2,2,2,2,2,2,2,2,2,2,2,2,2,2,2,1,2,2,2,2,2,2,2,2
"885","solanu_carol.N20B","N20B","solanu_carol",0,1,1,1,1,1,1,1,1,1,1,1,1,1,1,1,1,1,1,1,1,1,1,1,1,1,1,1,1,1,1
"886","solida_altis.N20B","N20B","solida_altis",0,2,2,2,2,2,2,2,2,2,2,2,2,2.5,2.5,3,2,2,2,2,2,2,1,1,1,1,1.5,2,2,2,1.5
"887","solida_misso.N20B","N20B","solida_misso",0,2,2.5,2,1,2,2,2,2,2,2,1,1.5,1,1,1,1,1,1,1,1,1,1,1.5,1,1,2,2,2,1.5,1
"888","solida_rigid.N20B","N20B","solida_rigid",0,1,1,1.5,2,2,2,2,2,1,1,1,1.5,1,1,1,1,1,1,1,1,1,1,1.5,1,1,2,2,2,2,2
"889","sorgha_nutan.N20B","N20B","sorgha_nutan",0,3,2,2,2,2,2,2,2,2,2,2,2,2,2,2,2,2,2,2,2,2,2,2,2,2,2,2,2,2,2
"890","sporob_compo.N20B","N20B","sporob_compo",0,2,2,2,2,2,2,2,2,2,2,2,2,2,2,2,1,1,1,2,2,1,1,1,1,1,1.5,1,1.5,1,1
"891","sporob_heter.N20B","N20B","sporob_heter",0,3,3,3,2,2,2,2,2,2,2,2,2,2,2,1.5,2,2,2,2.5,3,3.5,4,1.5,1.5,1.5,2,2,2,2,2
"892","symphy_drumm.N20B","N20B","symphy_drumm",0,2,0,0,0,0,0,0,1.5,1,1,1,0,1,1,1,1,2,2,2,2,2,1,1,1,1.5,1,1,1,1,1
"893","symphy_erico.N20B","N20B","symphy_erico",0,2,2,2,2,2,2,2,2,2,3,3,3,3,3,2,2,2,2,1,1,1,2,1,1,1,1,1,1,1,1
"894","symphy_oblon.N20B","N20B","symphy_oblon",0,2,2,2,2,2,2,2,2,2,2,3,2,2,2.5,2,1,1,1,1,1,1,2,1,1,1,1,1,1,1,1
"895","symphy_seric.N20B","N20B","symphy_seric",0,2,1,2,2,2,2,1.5,2,2,2,2,2,1,1,1,1,1,1,1,1,1,1,1,1,1,1,1,1,1,1
"896","tragia_beton.N20B","N20B","tragia_beton",0,2,2,2,2,1,1,1,1,1.5,1,1.5,1,1,1,1,1,1,1,1,1,1,1,1,1,1,1,1,1,1,1
"897","triden_flavu.N20B","N20B","triden_flavu",0,1.5,1,1,1,1,1,2,1,1.5,1,1,1,1,1,1,1,1,1,1,1,1,1,1,1,1,1,1,1,1,1
"898","vernon_baldw.N20B","N20B","vernon_baldw",0,2,1,2,2,2,2,1,1,1,1,1,1,1,1,1,1,1,1,1,1,1,1,1,1,1,1,1,1,1,1
"899","acalyp_virgi.N4A","N4A","acalyp_virgi",0,2,1,0,2,0,0,1,1,1,0,1,0,1,0,1,1,1,1,0,0,1,0,1,1,1,1,1,1,0,1
"900","agrost_hyema.N4A","N4A","agrost_hyema",0,1.5,1,1,1.5,1,1,1,1,1,1,1,1,1,1,1,1.5,1,1,1,1,0,0,1,1,1,1,1,1,1,1
"901","allium_stell.N4A","N4A","allium_stell",0,1,0,1,0,1,1,1,0,0,0,0,0,0,0,0,0,0,0,1,0,0,0,0,0,0,0,0,0,0,0
"902","ambros_artem.N4A","N4A","ambros_artem",0,2,1.5,1,0,2,2,1,1,1,0,1.5,1,1,1,1,1,1,1.5,1,1,1,1,1,2,1,0,1,2,1,1
"903","asclep_syria.N4A","N4A","asclep_syria",0,1,1,0,0,0,0,0,0,0,0,0,0,0,0,0,0,0,0,1,0,0,0,0,0,0,0,0,0,0,0
"904","asclep_virdf.N4A","N4A","asclep_virdf",0,1,1,0,1,1,1,1,1,1,1,1,1,1,1,1,1,1,1,1,1,1,1,1,1,1,1,1,1,1,1
"905","bromus_arven.N4A","N4A","bromus_arven",0,1,0,1,0,1,1,1,1,1,0,1,0,1,1,1,1,1,1,2,3,2,2,2.5,3,2.5,2,1,1,1,1
"906","carex_gravi.N4A","N4A","carex_gravi",0,2,2,0,0,1,1,1,1,1,1,1,1,1,1,1,1,1,1,1,1,1,1,1,1,1,1,1,1,1,1
"907","chlori_verti.N4A","N4A","chlori_verti",0,1,0,0,0,0,0,0,0,1,1,1,1,1,1,1,1,2,1,1,1,1,1,1,1,1,2,1.5,1,2,1.5
"908","cirsiu_altis.N4A","N4A","cirsiu_altis",0,1,1,2,2,1,2,1,1,1,1,1,1,1,1,1,1,1,1,1,1,1,0,1,1,1,1,1,1,1,1
"909","conyza_canad.N4A","N4A","conyza_canad",0,1,0,0,0,0,0,1,0,0,0,1,1,1,1,1,1,1,1,1,1,1,1,1,1,1,1,1,1,1,1
"910","desmod_sessi.N4A","N4A","desmod_sessi",0,1.5,0,0,0,0,0,0,1,1,1,0,1,1,1,1,0,1,1,0,1,1,1,1,1,1,1,1,1,1,1
"911","dichan_ovale.N4A","N4A","dichan_ovale",0,1.5,1.5,1,1,1,1,1,1,1,1,1,1,1,1,1,1,1,1,1,1,1,1.5,1,1,1,1,1,1,1,1
"912","eleoch_compr.N4A","N4A","eleoch_compr",0,2,2,0,2,2,2,2,1,0,0,0,0,0,0,0,0,0,0,0,0,0,1,0,1,1,1,1,1,1,1
"913","eupato_altis.N4A","N4A","eupato_altis",0,2,2,1.5,2,2,2,2,1,1,1,1,1,1,1,1,1,1,1,1,1,1,1,1,1,1,1,1,1,1,1
"914","helian_annuu.N4A","N4A","helian_annuu",0,1,0,0,1,0,0,0,1,0,0,0,0,1,0,0,1,1,0,0,0,0,1,0,1,0,0,1,2,1,1
"915","hymeno_scabi.N4A","N4A","hymeno_scabi",0,1,1,0,1,1,2,1,1,0,0,1,1,1,1,1,1,1,1,1,1,1,1,1,1,1,1,1,1,1,1
"916","lactuc_serri.N4A","N4A","lactuc_serri",0,1,1,1,0,1,0,0,0,0,0,0,0,0,0,0,0,0,0,1,0,0,0,0,0,0,0,0,0,0,0
"917","lesped_viola.N4A","N4A","lesped_viola",0,1,1,2,2,2,2.5,2,2.5,1.5,2,2,2.5,2.5,3,3.5,1,3,2.5,1,2,1,2,1.5,1,1,1,1,1,1,1
"918","oenoth_curti.N4A","N4A","oenoth_curti",0,1,0,0,0,0,0,0,0,1,0,1,1,1,1,0,1,1,0,0,0,0,0,0,0,0,0,0,0,1,0
"919","oenoth_glauc.N4A","N4A","oenoth_glauc",0,1,1,1,1,1,1,0,0,0,0,1,0,0,1,0,0,1,1,1,0,0,0,0,0,0,0,0,1,0,0
"920","oenoth_serru.N4A","N4A","oenoth_serru",0,1,1,0,0,0,0,0,0,0,0,1,1,0,0,0,0,0,0,0,0,0,0,0,0,0,0,0,0,0,0
"921","oenoth_speci.N4A","N4A","oenoth_speci",0,1,1,1.5,1,0,1,1,1,0,0,0,1,1,1,0,1,1,1,0,1,0,1,0,0,1,1,0,1,1,1
"922","pediom_argop.N4A","N4A","pediom_argop",0,2.5,2,2,2,2,2,2,2,2.5,2,2,2,2,2.5,2,1.5,2.5,1,1,1.5,2,1,2,1,1,1,1,1,1,1
"923","persica_pensy.N4A","N4A","persica_pensy",0,1,0,0,0,0,0,0,0,0,0,0,0,0,0,0,0,0,0,0,0,0,0,0,0,0,0,0,0,0,0
"924","planta_rhodo.N4A","N4A","planta_rhodo",0,1,0,1,1,1,1,1,0,1,1,1,1,1,1,1,1,1,1,1,1,1,0,0,1,1,1,1,1,1,1
"925","prunus_ameri.N4A","N4A","prunus_ameri",0,2,1,1,2,2,2,2,2,3,1,1,1,2,2,2,2,2,2,2,2,3,2,2.5,2,3,3,3.5,4,4,4.5
"926","spheno_obtus.N4A","N4A","spheno_obtus",0,2,0,0,1,1,1,1,1,1,1,1,1,1,1,1,1,1,1,1,0,1,1,1,1,1,1,1,1,1,1
"927","sporob_crypt.N4A","N4A","sporob_crypt",0,1,0,0,0,0,0,0,0,0,0,0,0,0,1,0,0,0,0,0,0,1,1,0,1,0,1,1,1,1,1
"928","stroph_leios.N4A","N4A","stroph_leios",0,1,0,0,0,0,0,0,0,0,0,0,0,0,0,0,0,0,0,0,0,0,1,0,0,0,0,0,0,0,0
"929","tragia_beton.N4A","N4A","tragia_beton",0,1.5,0,1,0,0,0,0,0,0,1,1,1,0,1,1,1,1,0,0,1,1,1,0,0,0,0,0,0,0,0
"930","triden_flavu.N4A","N4A","triden_flavu",0,2,1,0,2,1,2,1,0,0,0,0,0,1,1.5,1,1,1,1,1,1,1,1,1,0,1,1,1,1,1,1
"931","trioda_lepto.N4A","N4A","trioda_lepto",0,1,0,0,0,0,0,1,0,1,0,1,1,1,1,1,0,0,1,0,0,0,0,1,0,1,0,1,1,0,0
"932","vulpia_octof.N4A","N4A","vulpia_octof",0,1,1,0,1,1,1,1,0,1,0,1,1,1,1,1,1,1,1,1,1,1,1,1,1,1,1,1,1,1,1
"933","ambros_artem.N4D","N4D","ambros_artem",0,1,0,1.5,0,0,0,1,2,0,1,2,1.5,1,1,1,1,1,1.5,1,0,1,1,1,0,2,1,1,1,1.5,1
"934","antenn_negle.N4D","N4D","antenn_negle",0,1,1.5,1.5,1,1,1,1,1,1,1,1,1,1,2,1,1.5,1,1,2,1,2,1,1,2,1.5,1,1,1.5,1.5,1
"935","bromus_arven.N4D","N4D","bromus_arven",0,2,2,3,3,2.5,4,1,1,4,1,1,1,1,1,1,1,1,1,1,2,2,1,1,1,2,1,1,1,1,1
"936","bromus_inerm.N4D","N4D","bromus_inerm",0,2,2,2,2,2,2,2,2,1,2,2,2,1,0,0,0,0,0,0,0,0,0,0,1,2,2,2,1,1,0
"937","eupato_altis.N4D","N4D","eupato_altis",0,1,2,2,1,1,1,1,1,1,1,1,1,1,1,1,1,1,1,1,1,1,2,1,1,1,1,1,1,1,1
"938","euphor_cyath.N4D","N4D","euphor_cyath",0,1,1,1,1,1,0,0,0,0,0,0,0,0,0,0,0,0,0,0,0,0,0,0,0,0,1,0,0,0,0
"939","monard_fistu.N4D","N4D","monard_fistu",0,1,2,2,1,1,1,1,1,1,1,1,1,1,0,1,1,1,1,1,1,1,1,1,1,1,1,1,1,1,1
"940","oenoth_serru.N4D","N4D","oenoth_serru",0,1,0,0,0,0,0,0,0,0,0,0,0,0,0,0,0,0,0,0,0,1,1,0,1,1,1,1,1,1,1
"941","polygo_tenue.N4D","N4D","polygo_tenue",0,1,0,0,0,0,0,0,0,0,1,1,1,0,0,0,1,0,0,0,0,0,0,0,0,0,0,0,1,0,0
"942","solanu_carol.N4D","N4D","solanu_carol",0,1,1,2,1,1,1,1,1,1,1,1,1,1,1,2,1,1,1,1,0,1,1,0,0,0,1,1,0,1,1
"943","spheno_obtus.N4D","N4D","spheno_obtus",0,1.5,1,1.5,1,1,1,1,1,1,1,1,1,1,1,1,1,1,1,1,1,1,1,1,1.5,1,1,1,1,1,1
"944","torili_arven.N4D","N4D","torili_arven",0,2,0,2,2,1,1,1,1,1,1,2,2,2,2,2.5,4,1,1,3,3,1,0,1.5,3,1.5,1,1,1.5,1,2
"945","toxico_nutta.N4D","N4D","toxico_nutta",0,1,0,0,0,0,0,0,0,0,0,0,0,0,0,0,0,0,0,0,0,0,0,0,0,0,0,0,0,0,0
"946","baptis_austr.1D","1D","baptis_austr",0,0,2,1,0,0,0,1,0,0,0,0,0,0,0,0,0,0,0,0,0,0,0,0,0,0,0,0,0,0,0
"947","mirabi_linea.1D","1D","mirabi_linea",0,0,1,1,0,1,1,0,0,0,0,0,0,0,0,0,0,0,0,0,0,0,0,0,0,0,0,0,0,0,0
"948","carex_gravi.20B","20B","carex_gravi",0,0,1.5,0,0,1,1,1,1,1,1,1,1,1,0,1,1,1,1,1,1,1,1,1,1,1,1,1,1,1,1
"949","chenop_album.20B","20B","chenop_album",0,0,1,0,0,0,0,0,0,0,0,0,0,0,0,0,0,0,0,0,0,0,0,0,0,0,0,0,0,0,0
"950","sisyri_campe.20B","20B","sisyri_campe",0,0,1,1,1,1,1,1,1,1,0,0,0,0,1,1,1,0,1,0,0,0,1,0,0,0,1,0,1,1,0
"951","agrost_hyema.4A","4A","agrost_hyema",0,0,2,2.5,2,1,1,1,1.5,1,2,2,2,2.5,1,1,2,3,1,1,1,1,0,0,1,2,1.5,1,2,2,1
"952","aristi_oliga.4A","4A","aristi_oliga",0,0,1,0,0,0,0,0,0,0,0,0,0,0,2,2,0,3,2,0,0,0,0,0,0,0,0,1.5,1,0,0
"953","astrag_crass.4A","4A","astrag_crass",0,0,1,0,1,0,1,1,1,1,2,1,0,0,0,0,0,0,0,1,0,0,0,0,0,0,0,0,0,0,0
"954","chenop_album.4A","4A","chenop_album",0,0,1,0,0,0,0,0,0,0,0,0,0,0,0,0,0,0,0,0,0,0,0,0,0,0,0,0,0,0,0
"955","chlori_verti.4A","4A","chlori_verti",0,0,1,0,0,0,0,0,0,0,0,0,0,0,0,0,0,0,0,0,0,0,0,0,0,0,0,0,0,0,0
"956","eleoch_compr.4A","4A","eleoch_compr",0,0,2,2,1,0,0,1,1,1,0,0,0,0,0,0,0,0,0,0,0,0,0,0,2,2,1,1,1,2,1.5
"957","prunus_ameri.4A","4A","prunus_ameri",0,0,1.5,1.5,1.5,2,2,2,3,4,0,0,0,0,2.5,0,0,0,1,1,1,1.5,1,1,1,1,1,1,1,1,1
"958","stenar_nigri.4A","4A","stenar_nigri",0,0,2,0,0,0,0,0,0,0,0,0,0,0,0,0,0,0,0,0,0,0,1,0,0,0,0,0,0,0,0
"959","teucri_canad.4A","4A","teucri_canad",0,0,2,2,1,1.5,2,1,1.5,1,0,0,0,1,1,0,0,1,1,1,0,0,1,1,1,1,1,1,1.5,1,2
"960","vicia_ameri.4A","4A","vicia_ameri",0,0,2,1.5,1,1,0,1,0,0,1,0,0,0,0,0,0,0,0,0,0,0,0,1,0,1,0,0,0,0,0
"961","viola_pedat.4A","4A","viola_pedat",0,0,1,0,0,0,0,1,1,0,0,0,0,1,1,0,1,0,1,0,0,1,1,1,1,1,1,1,1,1,1
"962","agrost_hyema.4B","4B","agrost_hyema",0,0,1,0,0,0,0,0,0,0,0,1,0,0,0,0,0,0,0,0,0,0,0,0,0,0,0,0,0,0,0
"963","ambros_artem.4B","4B","ambros_artem",0,0,2,0,0,0,1,1,2,0,0,2,1,2,0,0,0,1,0,1,0,1,0,1,1,1,0,1,0,2,0
"964","calyst_macou.4B","4B","calyst_macou",0,0,2,1,1,1,0,0,0,0,0,0,0,0,0,0,0,0,0,0,0,0,0,0,0,0,0,0,0,1,1
"965","desman_illin.4B","4B","desman_illin",0,0,2,2,2,2,0,0,2,0,0,0,0,0,0,0,0,0,0,0,0,0,0,0,0,0,0,0,0,0,0
"966","euphor_serpe.4B","4B","euphor_serpe",0,0,1.5,0,0,2,1,0,1,0,0,0,0,0,0,0,0,0,0,0,0,0,0,0,0,0,0,0,0,0,0
"967","mirabi_linea.4B","4B","mirabi_linea",0,0,1,0,1,0,1,1,0,0,0,0,0,0,0,0,0,0,0,0,0,0,0,0,0,0,0,0,0,0,0
"968","symphy_laeve.4B","4B","symphy_laeve",0,0,1,0,0,0,0,0,0,0,0,0,0,0,0,0,0,0,0,0,0,0,0,0,0,0,0,0,0,0,0
"969","cannab_sativ.N1B","N1B","cannab_sativ",0,0,1,1,0,0,0,0,0,0,0,0,0,0,0,0,0,0,0,0,0,0,0,0,0,0,0,0,0,0,0
"970","digita_cogna.N1B","N1B","digita_cogna",0,0,1,0,1,0,0,1,1,0,0,0,0,0,1,0,0,0,1,1,0,1,0,1,1,1,1,1,1,1,1
"971","planta_rhodo.N1B","N1B","planta_rhodo",0,0,1,1.5,0,1,1,1,1,1,1,1,1,1,1,1,1,1,1,1,1,1,1,0,0,0,1,1,1,1,1
"972","viola_nephr.N1B","N1B","viola_nephr",0,0,1,1,1,1,1,1,1,1,1,1,1,1,1,1,1,1,1,1,1,1,1,0,0,0,0,0,0,0,0
"973","bromus_arven.N20B","N20B","bromus_arven",0,0,1,1,1,1,1,1,3,3,5,2,1,1,2,1,1,2,2,1,1,1,1,1,1,1,1,1,1,3,1
"974","celtis_occid.N20B","N20B","celtis_occid",0,0,1,2,0,2,1,2,2,2,2,2,2,2,0,0,0,0,0,0,0,1,1,1,1,1,1,1,1,1.5,1
"975","helian_annuu.N20B","N20B","helian_annuu",0,0,1,0,1,0,0,0,0,0,0,0,0,0,0,0,0,0,0,0,0,0,0,0,1,0,0,0,0,0,0
"976","pariet_pensy.N20B","N20B","pariet_pensy",0,0,1,0,0,0,0,0,0,0,0,0,0,0,0,1,0,1,1,1,0,0,0,0,0,0,0,0,1,0,0
"977","symphy_laeve.N20B","N20B","symphy_laeve",0,0,1,1,1,1,1,1,1,1,1,0,0,0,0,0,0,0,0,0,0,0,0,0,0,0,0,0,0,0,0
"978","torili_arven.N20B","N20B","torili_arven",0,0,1,1,1,1,1,0,0,1,0,0,0,0,1,0,0,0,1,0,0,0,0,1,1,1,1,1,1,1,1
"979","veroni_pereg.N20B","N20B","veroni_pereg",0,0,1,1,0,0,0,1,0,0,0,0,0,0,0,0,0,0,0,0,0,0,0,0,0,0,0,0,0,0,0
"980","gerani_carol.N4A","N4A","gerani_carol",0,0,1,1,0,0,1,0,0,0,0,1,2,1.5,1,1,0,0,1,0,0,1,0,0,0,0,0,0,1,1,1
"981","glandu_bipin.N4A","N4A","glandu_bipin",0,0,1,1,1,1,0,0,0,0,0,0,0,0,0,1,0,0,1,0,0,0,0,0,0,0,0,0,0,0,0
"982","liatri_punct.N4A","N4A","liatri_punct",0,0,1,0,0,1.5,1.5,2,1,1.5,1.5,1.5,1,0,2,1,0,1,0,1,1,1.5,1,1,1,1,1,1,1,1,1
"983","mirabi_linea.N4A","N4A","mirabi_linea",0,0,1.5,0,0,0,0,0,0,0,0,0,0,0,0,0,0,0,0,0,0,0,0,0,0,0,0,0,0,0,0
"984","pediom_tenui.N4A","N4A","pediom_tenui",0,0,2,0,1,1,1,1.5,1,2,1,2,1,1,1,1,1,1.5,2,1,1,2,2,1,1,1,1,1,1,1,1
"985","asclep_tuber.N4D","N4D","asclep_tuber",0,0,2,0,0,0,0,1,0,1,1,1,1,0,1,0,1,0,1,1,1,0,1,1,1,1,1,1,1,0,1
"986","chenop_album.N4D","N4D","chenop_album",0,0,1,0,0,0,0,0,0,0,0,0,0,0,0,0,0,0,0,0,0,0,0,0,0,0,0,1,0,1,0
"987","euphor_missu.N4D","N4D","euphor_missu",0,0,1,0,0,0,0,0,0,0,0,0,0,0,0,0,0,0,0,0,0,0,0,0,0,0,0,0,0,0,0
"988","geum_canad.N4D","N4D","geum_canad",0,0,2,2,1,1,1,1,1,1,1,1,1,1,1,1,1,1,1,1,1,1,0,1,1,1,1.5,1,1,1,1
"989","melilo_offic.N4D","N4D","melilo_offic",0,0,1,2,1,1,0,0,0,0,0,0,0,0,0,0,0,0,0,0,0,0,0,0,0,0,0,0,0,0,1
"990","nothoc_cuspi.N4D","N4D","nothoc_cuspi",0,0,1,0,0,0,0,0,0,0,0,0,0,0,0,0,0,0,0,0,0,0,0,0,0,0,0,0,0,0,0
"991","opunti_macro.N4D","N4D","opunti_macro",0,0,1,0,0,0,1,0,0,0,0,0,0,0,0,0,0,0,0,0,0,0,1,1,1,1,1,1,1,1,1
"992","prunus_ameri.N4D","N4D","prunus_ameri",0,0,2,2,2,2,2,3,2.5,1,1,1,1,3,3,3,3.5,2,2,3.5,4,4,4,2,3,3,2.5,2,2,1,2
"993","scroph_maril.N4D","N4D","scroph_maril",0,0,2,2,0,0,0,0,0,0,0,0,0,0,0,0,0,0,0,0,0,0,0,0,0,0,0,0,0,0,0
"994","solanu_rostr.N4D","N4D","solanu_rostr",0,0,1,1,0,0,0,0,0,1,0,0,0,0,0,0,0,0,0,0,0,0,1,0,0,1,1,0,0,1,1
"995","solida_rigid.N4D","N4D","solida_rigid",0,0,2,2,1,1,1,1,1,1,2,2,2.5,1,1,1,1,1.5,1,1,1,1,1,1,1,1,1,1,2,2,2
"996","celtis_occid.20B","20B","celtis_occid",0,0,0,1.5,1.5,1,1,2,1,1,0,0,0,0,1,0,0,0,1,1,1,1,1,1,1,1,1,1,1,1,1
"997","draba_repta.20B","20B","draba_repta",0,0,0,1,0,0,0,0,0,0,0,0,0,0,0,0,0,0,0,0,0,0,0,0,0,0,0,0,0,0,0
"998","helian_annuu.20B","20B","helian_annuu",0,0,0,1,0,0,0,0,0,0,0,0,0,0,0,0,0,0,0,0,0,0,0,0,0,0,0,0,0,0,0
"999","viola_nephr.20B","20B","viola_nephr",0,0,0,1,0,0,0,0,0,0,0,0,0,0,0,0,0,0,0,0,0,0,0,0,0,0,0,0,0,0,0
"1000","helian_pauci.4A","4A","helian_pauci",0,0,0,1,1,1.5,1,2,2,2,3,3,3,3,2.5,2,2,1,2,1,1,1,2,2,2,2,2,3,2,2,2
"1001","oenoth_macro.4A","4A","oenoth_macro",0,0,0,2,0,0,0,0,0,0,0,0,0,0,0,0,0,0,0,0,0,0,0,0,0,0,0,0,0,0,0
"1002","silene_antir.4A","4A","silene_antir",0,0,0,1,0,0,0,0,1,1,0,1,1,1,0,1,0,0,0,0,0,1,0,1,0,1,0,1,0,0,0
"1003","draba_repta.4B","4B","draba_repta",0,0,0,1,0,0,0,0,0,0,0,0,0,0,0,0,0,0,0,0,0,0,0,0,0,0,0,0,0,0,0
"1004","planta_rhodo.4B","4B","planta_rhodo",0,0,0,1,0,0,0,1,0,0,0,0,0,0,1,0,0,0,0,0,0,0,0,0,0,0,0,0,0,0,0
"1005","verben_stric.4B","4B","verben_stric",0,0,0,1,1,1,0,1,0,0,0,0,0,0,0,0,0,1,0,0,1,1,1,0,0,0,0,0,0,0,0
"1006","viola_nephr.4B","4B","viola_nephr",0,0,0,1,0,0,0,0,0,0,0,0,0,0,0,0,0,0,0,0,0,0,0,0,0,0,0,0,0,0,0
"1007","acalyp_virgi.N1B","N1B","acalyp_virgi",0,0,0,1,0,0,0,1,1,1,1,1,1,1,1,0,1,1,1,1,0,1,1,1,1,1,1,1,1,1,1
"1008","bromus_tecto.N1B","N1B","bromus_tecto",0,0,0,1.5,0,0,0,0,0,0,0,0,0,0,0,0,0,0,0,0,0,0,0,0,0,0,0,0,0,0,0
"1009","chenop_album.N1B","N1B","chenop_album",0,0,0,1,1,0,0,0,0,0,0,0,0,0,0,0,0,0,0,0,0,0,0,0,0,0,1,0,0,0,0
"1010","dalea_multi.N1B","N1B","dalea_multi",0,0,0,1,1,1,0,0,1,0,0,0,0,0,1,1,1,0,1,1,1,1,1,1,1,1,1,1,1,1,1
"1011","hedeom_hispi.N1B","N1B","hedeom_hispi",0,0,0,1.5,0,1,1,1,1,1,0,1,1,1,1,1,1,1,1,1,1,1,1,1,1,1,1,1,1,1,1
"1012","hierac_longi.N1B","N1B","hierac_longi",0,0,0,1,1,1,1,1,1,1,1,1,1,1,1,1,1,1,1,0,0,0,0,0,0,0,0,0,0,1,1
"1013","muhlen_racem.N1B","N1B","muhlen_racem",0,0,0,2,2,1,1,1,1,1,1,0,0,0,0,0,1,1,0,1,1,0,0,0,0,1,1,1,1,1,0
"1014","panicu_capil.N1B","N1B","panicu_capil",0,0,0,1,0,0,0,0,0,0,0,0,0,0,0,0,1,1,0,0,0,0,0,1,1,0,1,0,1,1,0
"1015","solida_rigid.N1B","N1B","solida_rigid",0,0,0,1,1,1,2,1.5,2,1,1,1,1,2,2,1.5,2,2,2,2,2,2.5,3,2,2,2,2,3,3,2,2
"1016","torili_arven.N1B","N1B","torili_arven",0,0,0,1,0,0,0,0,0,1,0,0,0,0,1,0,0,0,0,0,0,0,0,0,0,0,0,0,0,0,0
"1017","agalin_asper.N20B","N20B","agalin_asper",0,0,0,1,0,0,0,1,1,0,0,0,1,1,0,1,1,0,1,1,0,1,0,0,0,0,0,1,1.5,0,0
"1018","eriger_annuu.N20B","N20B","eriger_annuu",0,0,0,1.5,1.5,1.5,2,2,1,1,0,0,0,0,0,0,0,1,0,0,0,0,0,1,1,1,0,0,1,0,1
"1019","gerani_carol.N20B","N20B","gerani_carol",0,0,0,1,0,0,0,0,0,0,0,0,0,0,0,0,0,0,0,0,0,0,0,0,0,0,0,0,0,0,0
"1020","oenoth_glauc.N20B","N20B","oenoth_glauc",0,0,0,1,1,0,0,0,0,0,0,0,0,0,0,0,0,0,0,0,1,0,1,0,0,0,0,0,0,0,0
"1021","draba_repta.N4A","N4A","draba_repta",0,0,0,1,0,0,0,0,0,1,0,1,0,1,0,0,0,0,0,0,0,1,0,1,1,1,0,1,1,1,1
"1022","lithos_incis.N4A","N4A","lithos_incis",0,0,0,1,0,0,0,0,1,1,1,1,1,1,1,1,1,1,1,1,1,1,1,1,1,1,1,1,1,1,1
"1023","solanu_rostr.N4A","N4A","solanu_rostr",0,0,0,1,0,0,0,0,0,0,0,0,0,0,0,0,0,0,1,0,0,0,0,1,0,0,0,0,0,0,0
"1024","stenar_nigri.N4A","N4A","stenar_nigri",0,0,0,2,0,1,0,0,0,1,1,1,1,0,0,0,0,0,0,0,0,0,0,1,1,1,1,1,2,2,1
"1025","agerat_altis.N4D","N4D","agerat_altis",0,0,0,1,0,0,0,0,0,0,0,0,0,0,0,0,0,0,0,1,0,2,1,0,1,1,1,1,1.5,1.5,1.5
"1026","calyst_macou.N4D","N4D","calyst_macou",0,0,0,1.5,1,1,1,1,1,1,1,1,0,1,1,1,1,2,1,0,0,0,0,0,1,1,1,1,1,1,1
"1027","desman_illin.N4D","N4D","desman_illin",0,0,0,1.5,1,1,0,1,1,1,1,1,1,1,1,1,1,0,0,0,0,0,0,0,1,1,0,0,0,0,0
"1028","trades_bract.N4D","N4D","trades_bract",0,0,0,1,0,0,0,0,0,0,0,0,0,0,0,0,1,0,0,0,0,0,0,0,0,0,0,0,0,0,0
"1029","desman_illin.1D","1D","desman_illin",0,0,0,0,1,1,2,1,0,0,0,0,0,1,0,0,0,0,0,0,0,0,0,0,0,0,0,0,0,0,1
"1030","allium_stell.20B","20B","allium_stell",0,0,0,0,1,1,1,1,0,1,0,0,0,0,0,0,0,0,0,0,0,0,0,0,0,0,0,0,0,0,0
"1031","triden_flavu.20B","20B","triden_flavu",0,0,0,0,1,2,2,1,1,0,1,0,0,0,0,1,1,1,1,1,2,1,1,1.5,2,2,1,1,1,1,1
"1032","arnogl_plant.4A","4A","arnogl_plant",0,0,0,0,1,1,0,1,1,1,1,1,1,1,1,0,0,0,0,0,0,0,0,0,0,1,0,1,0,0,0
"1033","cuscut_glome.4A","4A","cuscut_glome",0,0,0,0,1,0,1,1,1,1,0,0,0,0,1,0,0,0,0,0,0,0,0,0,0,0,0,0,0,1,0
"1034","juncus_inter.4A","4A","juncus_inter",0,0,0,0,1,1,0,1,1,1,2,1,0,0,0,1.5,1,2,1,2.5,1,1,1,1,2,1.5,2,2,2,2,2
"1035","lithos_incis.4A","4A","lithos_incis",0,0,0,0,1,1,1,1,1,1,1,0,0,0,1,1,1,0,0,0,1,0,1,0,0,1,1,1,0,0,1
"1036","taraxa_offic.4A","4A","taraxa_offic",0,0,0,0,1,0,0,0,0,0,0,0,0,0,0,0,0,0,0,0,0,0,0,0,0,0,0,0,0,0,0
"1037","solanu_ptyca.4B","4B","solanu_ptyca",0,0,0,0,1,0,0,0,0,0,0,0,0,0,0,0,0,0,0,0,0,0,0,0,0,0,0,0,0,0,0
"1038","agrost_hyema.N1B","N1B","agrost_hyema",0,0,0,0,1,1,0,0,1,0,0,1,0,1,1,1,0,1,0,0,1,0,0,1,1,0,0,0,0,0,0
"1039","cyperu_lupul.N1B","N1B","cyperu_lupul",0,0,0,0,1,1,1,1,1,1,1,1,1,1,1,1,1,1,1,1,0,1,1,1,1,1,1,1,1,1,1
"1040","desman_illin.N1B","N1B","desman_illin",0,0,0,0,1.5,1,1,1,1,1,2,1,1,1.5,1,1,1,1,0,1.5,1,0,0,1,0,0,0,0,0,0,0
"1041","eriger_annuu.N1B","N1B","eriger_annuu",0,0,0,0,1,0,0,0,0,1,0,0,0,1,1,1.5,1,1,1,1,1,1,1,1,1,1,1,1,1,1,1
"1042","eupato_altis.N1B","N1B","eupato_altis",0,0,0,0,1,0,0,1,1,1,1,1,1,1,1,1,1,1,1,1,1,1,1,1,1,1,1,1,1,1,1
"1043","lithos_incis.N1B","N1B","lithos_incis",0,0,0,0,1,1,1,1,1,1,1,1,1,1,1,1,1,1,1,1,1,1,1,0,1,1,1,1,1,1,1
"1044","taraxa_offic.N1B","N1B","taraxa_offic",0,0,0,0,1,1,0,0,0,0,0,0,0,0,0,0,0,0,1,0,0,1,0,0,0,0,0,0,0,0,0
"1045","thlasp_arven.N1B","N1B","thlasp_arven",0,0,0,0,1,0,0,0,0,1,0,0,0,0,0,0,0,0,0,0,0,0,0,0,0,0,0,0,0,0,0
"1046","cyperu_lupul.N20B","N20B","cyperu_lupul",0,0,0,0,1,0,1,1,1,1,0,0,1,0,1,1,1,1,0,1,0,1,1,1,1,1,1,1,1,1,1
"1047","melilo_offic.N20B","N20B","melilo_offic",0,0,0,0,2,0,0,0,1,0,0,0,0,0,0,1,0,0,0,0,0,0,0,0,0,0,0,0,0,0,0
"1048","rumex_crisp.N20B","N20B","rumex_crisp",0,0,0,0,1,0,0,0,0,0,0,0,0,0,0,0,0,0,0,0,0,0,0,0,0,0,0,0,0,0,0
"1049","solanu_ptyca.N20B","N20B","solanu_ptyca",0,0,0,0,1,0,0,0,0,0,0,0,0,0,0,0,0,0,0,0,0,0,0,0,1,0,0,0,1,0,0
"1050","cuscut_glome.N4A","N4A","cuscut_glome",0,0,0,0,1,0,0,1,2,0,0,0,0,0,2,0,1,1.5,1,1,0,1,0,1,2,2,1,0,2,0,0
"1051","gledit_triac.N4D","N4D","gledit_triac",0,0,0,0,1,1,1,1,1,0,1,1,1,1,1,1,1,1,1,2,1.5,1,1.5,1,1,1,1.5,1,2.5,1,1.5
"1052","oenoth_glauc.N4D","N4D","oenoth_glauc",0,0,0,0,1,0,0,1,0,0,0,0,0,0,0,0,0,0,1,0,0,0,1,0,1,0,0,0,1,1,0
"1053","physal_heter.N4D","N4D","physal_heter",0,0,0,0,1,1,1,1,1,1,0,1,0,0,0,0,0,0,0,0,0,0,0,0,0,0,1,0,1,0,0
"1054","rubus_pensi.N4D","N4D","rubus_pensi",0,0,0,0,1,1,2,2,2,2,2,2,2,0,1.5,1.5,1,1,1,1,1,2,2,1,1,1,1,1,2,1,1
"1055","agrost_hyema.1D","1D","agrost_hyema",0,0,0,0,0,1,0,0,0,0,0,0,0,0,0,0,0,0,0,0,0,0,0,0,0,0,0,0,0,0,0
"1056","cyperu_lupul.1D","1D","cyperu_lupul",0,0,0,0,0,1,1,1,1,1,1,1,1,1,1,1,1,1,0,0,0,1,1,1,1,1,1,1,1,1,1
"1057","mirabi_albid.1D","1D","mirabi_albid",0,0,0,0,0,1,0,1,1,1,1,0,0,0,1,1,1,0,1,1,1,1,1,1,1,1,1,1,0,0,1
"1058","physal_virgi.1D","1D","physal_virgi",0,0,0,0,0,1,1,0,0,0,0,0,0,0,0,0,0,0,0,0,0,0,0,1,1,1,1,1,1,1,1
"1059","poa_prate.1D","1D","poa_prate",0,0,0,0,0,1,0,1,0,0,1,0,0,0,0,0,0,0,0,0,0,0,0,0,0,0,0,0,0,0,0
"1060","bromus_inerm.20B","20B","bromus_inerm",0,0,0,0,0,2,2,2,2,2,3,3,4,4,3,4,3.5,3,3,3,3,2,2.5,2,3,3,3,2,3,4.5,4.5
"1061","cyperu_lupul.20B","20B","cyperu_lupul",0,0,0,0,0,1,0,1,0,0,0,0,0,0,0,0,0,0,0,0,0,0,0,0,0,0,0,0,0,0,0
"1062","carex_gravi.4A","4A","carex_gravi",0,0,0,0,0,1,1,1,1,1,1,1,1,1,2,1,0,1,1,1,0,1,1,1,1,1,1,1,1,1.5,1
"1063","euphor_nutan.4A","4A","euphor_nutan",0,0,0,0,0,1,1,1,1,1,0,0,0,0,1,0,0,0,0,0,0,0,0,0,1,1,1,1,0,1,1
"1064","mirabi_albid.4A","4A","mirabi_albid",0,0,0,0,0,1,1,1,0,0,1,0,0,0,0,0,0,0,0,0,0,0,1,0,0,0,1,0,0,0,0
"1065","physal_heter.4A","4A","physal_heter",0,0,0,0,0,1,0,0,0,0,0,0,0,0,0,0,0,0,0,0,0,0,0,0,0,0,0,0,0,1,1
"1066","solanu_rostr.4A","4A","solanu_rostr",0,0,0,0,0,1,0,0,0,0,0,0,0,0,1,0,0,0,0,0,0,0,0,0,0,0,0,0,0,0,0
"1067","toxico_nutta.4A","4A","toxico_nutta",0,0,0,0,0,1,0,0,0,0,0,0,0,0,0,0,0,0,0,0,0,0,0,0,0,0,0,0,0,0,0
"1068","lithos_occid.4B","4B","lithos_occid",0,0,0,0,0,1,0,0,0,0,0,0,0,0,0,0,0,0,0,0,0,0,0,0,0,0,0,0,0,0,0
"1069","oenoth_serru.4B","4B","oenoth_serru",0,0,0,0,0,1,2,0,0,0,0,0,0,0,0,0,0,0,0,0,0,0,0,0,0,0,0,0,0,0,0
"1070","desmod_sessi.N1B","N1B","desmod_sessi",0,0,0,0,0,1,0,0,0,0,0,0,0,0,0,0,0,0,0,0,0,0,0,0,0,0,0,0,1,1,1
"1071","euphor_nutan.N1B","N1B","euphor_nutan",0,0,0,0,0,1,1,1,1,1,1,1,1,1,1,1,1,1,1,1,1,1,1,1,1,1,1,1,1,1,1
"1072","oenoth_curti.N1B","N1B","oenoth_curti",0,0,0,0,0,1,0,0,0,0,0,0,0,1,1,1,0,1,0,0,0,0,0,0,0,0,0,0,0,0,0
"1073","physal_heter.N1B","N1B","physal_heter",0,0,0,0,0,1,1,1,0,0,1,0,0,0,0,0,0,0,0,0,0,0,0,0,0,0,0,1,1,1,0
"1074","lamium_ample.N20B","N20B","lamium_ample",0,0,0,0,0,1,1,0,0,0,0,0,0,0,0,0,0,0,0,0,0,0,0,0,0,0,0,0,0,0,0
"1075","asclep_tuber.N4A","N4A","asclep_tuber",0,0,0,0,0,1,0,1,0,0,1,1,1,1,1,1,1,0,1,0,1,1,1,1,1,1,1,1,1,1,1
"1076","calyst_macou.N4A","N4A","calyst_macou",0,0,0,0,0,1,1,1,2,1,0,1,0,1,2,1.5,1,1,1,0,0,0,0,0,0,0,0,0,0,0,0
"1077","croton_monan.N4A","N4A","croton_monan",0,0,0,0,0,1,0,0,0,0,0,0,0,1,1,0,1,0,1,0,1,1,1,1,1,1,1,1,1,1,1
"1078","desman_illin.N4A","N4A","desman_illin",0,0,0,0,0,1,0,0,0,0,0,0,0,0,0,0,0,0,0,0,0,0,0,0,0,0,0,0,0,0,0
"1079","galium_apari.N4A","N4A","galium_apari",0,0,0,0,0,1,0,1,0,0,0,0,0,0,0,0,0,0,1,0,0,0,0,1,1,1,1,1,1,1,1
"1080","helian_maxim.N4A","N4A","helian_maxim",0,0,0,0,0,1,2,1.5,2,2,1.5,2,3,2.5,1,1,2,1.5,2,1.5,1,1.5,1.5,2,2,2,2,1,2,2,2
"1081","helian_pauci.N4A","N4A","helian_pauci",0,0,0,0,0,1.5,2,2,2.5,2,2.5,2.5,2.5,2.5,3,1.5,1,2,2,1.5,2,2,2,1.5,2,2,1.5,2,2,2,2
"1082","tragop_dubiu.N4A","N4A","tragop_dubiu",0,0,0,0,0,1,1,1,1,1,0,0,0,0,0,0,1,0,0,0,0,1,0,0,1,1,1,0,0,0,1
"1083","draba_repta.N4D","N4D","draba_repta",0,0,0,0,0,1,1,0,0,0,0,1,0,0,1,0,0,0,1,0,0,0,0,1,0,0,1,1,1,0,1
"1084","euphor_nutan.N4D","N4D","euphor_nutan",0,0,0,0,0,1,1,1,1,1,1,0,1,1,1,1,0,1,0,0,0,1,1,1,1,1,1,1,1,1,1
"1085","euphor_serpe.N4D","N4D","euphor_serpe",0,0,0,0,0,1,0,0,0,0,0,0,0,1.5,1,0,1,2,1,0,0,1,1,1,0,1,0,0,0,1,0
"1086","mirabi_linea.N4D","N4D","mirabi_linea",0,0,0,0,0,1,0,0,0,0,0,0,0,0,0,0,0,0,0,0,0,0,0,0,1,0,0,0,0,0,0
"1087","stenar_nigri.N4D","N4D","stenar_nigri",0,0,0,0,0,1,1,1,0,1,1,1,1,1,1,1.5,0,0,0,1,0,0,0,0,0,0,0,0,0,0,0
"1088","elymus_canad.1D","1D","elymus_canad",0,0,0,0,0,0,1,0,0,0,0,0,0,0,0,0,0,0,0,0,0,0,0,0,0,0,0,0,0,0,0
"1089","gledit_triac.20B","20B","gledit_triac",0,0,0,0,0,0,1,1,1,1,1,1,1.5,1.5,1,1,1,1,1,1,1,1.5,2,2,2,2,2,2,2,2,3
"1090","bromus_arven.4A","4A","bromus_arven",0,0,0,0,0,0,1,0,0,0,0,0,0,0,0,0,0,0,0,0,0,0,0,0,0,0,0,0,0,0,0
"1091","chenop_berla.4A","4A","chenop_berla",0,0,0,0,0,0,1,0,0,0,0,0,0,0,0,0,0,0,0,0,0,0,0,0,0,0,0,0,0,0,1
"1092","viola_nephr.4A","4A","viola_nephr",0,0,0,0,0,0,1,1,0,0,0,0,0,0,0,0,0,0,0,0,0,0,0,0,0,0,0,0,0,0,0
"1093","solanu_rostr.4B","4B","solanu_rostr",0,0,0,0,0,0,1,0,1,0,0,0,0,0,0,0,0,0,0,0,0,0,0,0,0,0,0,0,0,0,0
"1094","stroph_leios.4B","4B","stroph_leios",0,0,0,0,0,0,1,1,0,0,0,0,1,0,0,0,0,0,0,0,0,0,0,0,0,0,0,0,0,0,0
"1095","calyst_macou.N1B","N1B","calyst_macou",0,0,0,0,0,0,1,0,0,0,0,0,0,0,0,0,0,0,0,0,0,0,0,0,0,0,0,0,0,0,0
"1096","euphor_glypt.N1B","N1B","euphor_glypt",0,0,0,0,0,0,1,1,1,1,1,0,1,1,1,0,1,1,1,0,0,1,1,1,1,1,1,1,1,1,1
"1097","hordeu_pusil.N1B","N1B","hordeu_pusil",0,0,0,0,0,0,1,0,1,1,1.5,1,1,1,1,1,1,1,1,1,2,1,1,1,1,1,1,1,1,1,1
"1098","cercis_canad.N20B","N20B","cercis_canad",0,0,0,0,0,0,1,0,1,1,1,1,2,2,2,2,2,2,1.5,0,0,2,2,3,3,3,3,3,4,5,5
"1099","convol_arven.N20B","N20B","convol_arven",0,0,0,0,0,0,1,0,0,0,0,0,0,0,0,0,0,0,0,0,0,0,0,0,0,0,0,0,0,0,0
"1100","sparti_pecti.N20B","N20B","sparti_pecti",0,0,0,0,0,0,1,0,0,0,0,0,0,0,0,0,0,0,0,0,0,0,0,0,0,0,0,0,0,0,0
"1101","stenar_nigri.N20B","N20B","stenar_nigri",0,0,0,0,0,0,1,1,0,1,0,0,1,1,1,1,1,1,1.5,1.5,1.5,2,1,1.5,1,2,1,1,1,1,2
"1102","stroph_leios.N20B","N20B","stroph_leios",0,0,0,0,0,0,1,1,1,1,1,0,1,1,0,0,1,0,0,0,0,0,0,0,1,1,0,0,0,1,1
"1103","dalea_multi.N4A","N4A","dalea_multi",0,0,0,0,0,0,1,0,1,1,1,1,1,0,0,1,0,1,1.5,1,1,1.5,2,0,1,1,1,1,1,1,1
"1104","delphi_carol.N4A","N4A","delphi_carol",0,0,0,0,0,0,1,1,0,0,0,0,1,0,0,0,0,0,1,0,0,1,0,1,1,1,0,1,1,1,0
"1105","helian_petio.N4A","N4A","helian_petio",0,0,0,0,0,0,2,0,0,0,0,0,0,0,0,0,0,0,0,0,0,0,0,0,0,0,0,0,0,0,0
"1106","cyperu_lupul.N4D","N4D","cyperu_lupul",0,0,0,0,0,0,1,1,0,1,1,1,1,1,1,1,1,1,1,1,0,1,1,1,1,1,1,1,1,1,1
"1107","euphor_glypt.N4D","N4D","euphor_glypt",0,0,0,0,0,0,1,0,0,1,1,0,0,1,1,0,0,1,0,0,0,1,0,1,1,0,1,1,1,1,1
"1108","planta_rhodo.N4D","N4D","planta_rhodo",0,0,0,0,0,0,1,1,0,1,1,1,1,1,1,1,1,1,1,1,1,1,1,0,0,0,1,1,1,1,1
"1109","senna_maril.N4D","N4D","senna_maril",0,0,0,0,0,0,1,0,0,1,0,1,1,1,1,1,0,1,0,1,0,1,1,0,1,1,1,1,1,1,0
"1110","euphor_nutan.1D","1D","euphor_nutan",0,0,0,0,0,0,0,1,0,0,0,0,0,0,1,1,1,1,1,0,0,0,0,0,0,0,0,0,0,0,0
"1111","taraxa_offic.1D","1D","taraxa_offic",0,0,0,0,0,0,0,1,0,0,0,0,0,0,0,0,0,0,0,0,0,0,0,0,0,0,0,0,0,0,0
"1112","hybant_verti.20B","20B","hybant_verti",0,0,0,0,0,0,0,1,0,0,0,0,0,0,0,0,0,0,0,0,0,0,0,0,0,0,0,0,0,0,0
"1113","symphy_lance.20B","20B","symphy_lance",0,0,0,0,0,0,0,1,1,1,1,0,0,0,1,0,0,0,0,0,0,0,0,0,0,2,1,2,0,1,0
"1114","trades_bract.20B","20B","trades_bract",0,0,0,0,0,0,0,1,0,0,0,0,0,0,0,0,0,0,0,0,0,0,0,0,0,0,0,0,0,0,0
"1115","allium_canad.4A","4A","allium_canad",0,0,0,0,0,0,0,1,0,0,0,0,0,0,0,0,0,0,0,0,0,0,0,0,0,0,0,0,0,0,0
"1116","desmod_canes.4A","4A","desmod_canes",0,0,0,0,0,0,0,1,1,0,0,0,0,0,0,0,0,0,0,0,0,0,0,0,0,0,0,0,0,0,0
"1117","polyga_verti.4A","4A","polyga_verti",0,0,0,0,0,0,0,1,0,0,0,0,0,0,0,0,0,0,0,0,0,0,0,0,0,0,0,0,0,0,0
"1118","conyza_canad.4B","4B","conyza_canad",0,0,0,0,0,0,0,1,1,1,0,0,1,0,1,1,1,1,1,1,0,0,1,1,1,1,0,0,0,1,0
"1119","coryda_micra.4B","4B","coryda_micra",0,0,0,0,0,0,0,1,0,0,0,0,0,0,0,0,0,0,0,0,0,0,0,0,0,0,0,0,0,0,0
"1120","euphor_nutan.4B","4B","euphor_nutan",0,0,0,0,0,0,0,1,0,1,0,0,0,0,0,0,0,0,0,0,0,1,0,1,1,1,1,0,0,1,0
"1121","helian_pauci.4B","4B","helian_pauci",0,0,0,0,0,0,0,1,0,0,0,0,0,0,1,0,0,0,0,0,0,0,0,0,0,0,0,0,1,1,1
"1122","monard_fistu.4B","4B","monard_fistu",0,0,0,0,0,0,0,2,1,0,0,0,0,0,1,0,0,0,0,0,0,0,0,0,0,0,0,0,0,0,0
"1123","stenar_nigri.4B","4B","stenar_nigri",0,0,0,0,0,0,0,1,0,1,2,2,2,2,1,1,1,1,1,0,1,1,1,1,1,1,1,0,0,0,0
"1124","kummer_stipu.N1B","N1B","kummer_stipu",0,0,0,0,0,0,0,1,0,0,0,0,1,0,0,1,0,1,0,0,0,0,0,1,1,1,1,1,1,1,1
"1125","planta_virgi.N1B","N1B","planta_virgi",0,0,0,0,0,0,0,1,0,0,0,0,0,0,0,0,0,0,0,0,0,0,0,1,1,1,1,1,1,1,1
"1126","polyga_verti.N1B","N1B","polyga_verti",0,0,0,0,0,0,0,1,1,1,0,0,0,0,0,0,0,1,1,0,0,0,0,0,0,0,0,0,1,0,0
"1127","polygo_avicu.N1B","N1B","polygo_avicu",0,0,0,0,0,0,0,1,2,2,0,0,0,1,1,1,0,0,0,0,0,0,0,1,1,1.5,2,1.5,2,1,0
"1128","vulpia_octof.N1B","N1B","vulpia_octof",0,0,0,0,0,0,0,1,0,1,1,1,1,1,1,1,1,1,1,1,1.5,1,1,1,1,1,1,1,1,1,1
"1129","agrost_hyema.N20B","N20B","agrost_hyema",0,0,0,0,0,0,0,1,0,0,1,0,0,1,0,0,0,1,0,1,0,0,0,0,0,0,0,0,0,0,0
"1130","penste_grand.N20B","N20B","penste_grand",0,0,0,0,0,0,0,1,1,1,1,1,1,1,1,1,1,1,1,0,0,0,1,0,0,0,0,0,0,0,0
"1131","symphy_lance.N20B","N20B","symphy_lance",0,0,0,0,0,0,0,1,0,0,1,1,1,1,1,0,0,0,0,0,0,0,0,0,0,0,0,0,0,0,0
"1132","xanthi_strum.N20B","N20B","xanthi_strum",0,0,0,0,0,0,0,1,0,0,0,0,0,0,0,0,0,0,0,0,0,0,0,0,0,0,0,0,0,0,0
"1133","coryda_micra.N4A","N4A","coryda_micra",0,0,0,0,0,0,0,1,0,0,0,0,0,0,0,0,0,0,0,0,0,0,0,0,0,0,0,0,0,0,0
"1134","muhlen_racem.N4A","N4A","muhlen_racem",0,0,0,0,0,0,0,2,0,0,0,0,0,0,1,1,2,2,1.5,1,1,1.5,1,2,1,1,1,1.5,1,1,1
"1135","schedo_panic.N4A","N4A","schedo_panic",0,0,0,0,0,0,0,1,0,0,0,0,0,0,1,1,1,1,1,1,1,1,2,1,1,1,1,1,1,1,1
"1136","scutel_parvu.N4A","N4A","scutel_parvu",0,0,0,0,0,0,0,1,0,1,0,0,0,0,0,0,0,0,0,0,0,0,0,0,0,0,0,1,0,1,0
"1137","agrost_hyema.N4D","N4D","agrost_hyema",0,0,0,0,0,0,0,1,0,0,0,0,0,0,0,0,0,1,1,1,1,0,0,0,0,0,0,0,0,0,0
"1138","elymus_virgi.N4D","N4D","elymus_virgi",0,0,0,0,0,0,0,1,1,1,0,1,1,0,0,1,1,1,1,1,2,2.5,1.5,1,1.5,1,1,1,2,1.5,1
"1139","euphor_stict.N4D","N4D","euphor_stict",0,0,0,0,0,0,0,1,0,0,0,0,0,0,0,0,0,0,0,0,0,0,0,0,0,0,0,0,0,0,0
"1140","medica_lupul.N4D","N4D","medica_lupul",0,0,0,0,0,0,0,1,0,1,0,0,0,0,1,1,1,0,1.5,1.5,1.5,1,1.5,1,1,1,1,1,1,1,1
"1141","mirabi_albid.N4D","N4D","mirabi_albid",0,0,0,0,0,0,0,1,0,1,1,0,1,0,1,0,0,0,1,0,1,0,0,1,0,0,0,0,0,1,0
"1142","oenoth_bienn.N4D","N4D","oenoth_bienn",0,0,0,0,0,0,0,1,0,0,0,0,0,0,0,0,0,0,1,0,0,0,1,1,1,0,0,0,0,0,0
"1143","polyga_verti.N4D","N4D","polyga_verti",0,0,0,0,0,0,0,1,1,1,1,0,0,0,0,1,0,0,0,0,0,0,0,0,0,1,0,1,0,0,1
"1144","euphor_glypt.1D","1D","euphor_glypt",0,0,0,0,0,0,0,0,1,0,1,0,0,1,1,1,1,1,0,0,1,0,0,0,1,1,1,1,1,1,1
"1145","desmod_sessi.20B","20B","desmod_sessi",0,0,0,0,0,0,0,0,1,1,1,0,1,0,0,1,1,1,0,0,0,1,0,1,0,0,1,1,1,1,1
"1146","euphor_nutan.20B","20B","euphor_nutan",0,0,0,0,0,0,0,0,1,0,0,0,0,0,1,0,0,1,0,0,0,0,0,0,0,1,1,1,0,1,1
"1147","verben_urtic.20B","20B","verben_urtic",0,0,0,0,0,0,0,0,1,0,0,0,0,0,0,0,1,2,2,1,0,0,1,1,2,2,0,0,0,0,1
"1148","argemo_polya.4A","4A","argemo_polya",0,0,0,0,0,0,0,0,2,1,0,0,0,0,0,0,0,0,0,0,0,0,0,0,0,0,0,0,0,0,0
"1149","descur_pinna.4A","4A","descur_pinna",0,0,0,0,0,0,0,0,1,0,0,0,0,0,0,0,0,0,0,0,0,0,0,0,0,0,0,0,0,0,0
"1150","agerat_altis.4B","4B","agerat_altis",0,0,0,0,0,0,0,0,2,1,2,1,1,0,1,1,1,2,1,2,3,3,2,2,2,3,2.5,3,2,2,2
"1151","lactuc_ludov.4B","4B","lactuc_ludov",0,0,0,0,0,0,0,0,1,0,0,0,0,0,0,0,0,0,0,0,0,0,0,0,0,0,0,0,0,0,1
"1152","lithos_incis.4B","4B","lithos_incis",0,0,0,0,0,0,0,0,1,1,1,0,1,1,1,1,0,0,0,0,1,1,1,0,0,0,0,1,0,0,0
"1153","mentze_oligo.4B","4B","mentze_oligo",0,0,0,0,0,0,0,0,2,2,0,0,0,0,1.5,0,0,0,0,0,0,0,0,0,0,0,0,0,0,0,0
"1154","mirabi_albid.4B","4B","mirabi_albid",0,0,0,0,0,0,0,0,1,0,0,1,0,0,0,0,0,0,0,0,0,0,0,0,0,0,0,0,0,0,0
"1155","callir_alcae.N1B","N1B","callir_alcae",0,0,0,0,0,0,0,0,1,1,0,0,0,0,0,0,0,0,0,0,0,0,1,0,0,0,0,0,1,1,0
"1156","euphor_cyath.N1B","N1B","euphor_cyath",0,0,0,0,0,0,0,0,1,1,0,0,0,0,0,0,1,0,0,0,0,0,0,0,0,0,0,0,0,0,0
"1157","geum_canad.N1B","N1B","geum_canad",0,0,0,0,0,0,0,0,1,0,1,0,0,0,1,1,0,0,0,0,1,0,0,0,1,1,0,0,1,1,1
"1158","desman_illin.N20B","N20B","desman_illin",0,0,0,0,0,0,0,0,2,1,0,1,0,0,0,0,0,0,0,0,0,0,0,0,0,0,0,0,0,0,0
"1159","desmod_canes.N20B","N20B","desmod_canes",0,0,0,0,0,0,0,0,2,0,0,0,0,0,0,0,0,0,0,0,0,0,0,0,0,0,0,0,0,0,0
"1160","elymus_virgi.N20B","N20B","elymus_virgi",0,0,0,0,0,0,0,0,2,1,1,1,1,2,1,1,1,1,1,1,1,1,1,0,1,1,1,1,1,1,1
"1161","euphor_glypt.N20B","N20B","euphor_glypt",0,0,0,0,0,0,0,0,1,0,0,1,0,0,1,0,1,0,0,0,0,1,0,1,1,0,1,1,0,1,1
"1162","euphor_nutan.N20B","N20B","euphor_nutan",0,0,0,0,0,0,0,0,1,1,1,0,0,1,1,1,1,1,1,0,1,1,1,1,1,1,1,1,1,1,1
"1163","geum_canad.N20B","N20B","geum_canad",0,0,0,0,0,0,0,0,1,1,1,1,1,1,1,1,1,1,1,1,1,1,1,1,1,1,1,1,1,1,1
"1164","kummer_stipu.N20B","N20B","kummer_stipu",0,0,0,0,0,0,0,0,1,0,0,0,0,0,0,1,1,1,1,0,1,0,0,1,1,1,1,1,1,1,1
"1165","lactuc_canad.N20B","N20B","lactuc_canad",0,0,0,0,0,0,0,0,1,0,0,0,0,0,0,0,0,0,0,0,0,0,0,0,0,0,0,0,0,0,0
"1166","lactuc_ludov.N20B","N20B","lactuc_ludov",0,0,0,0,0,0,0,0,1,1,0,1,1,0,1,0,0,1,0,0,0,0,0,0,0,0,0,0,1,0,0
"1167","lithos_incis.N20B","N20B","lithos_incis",0,0,0,0,0,0,0,0,1,1,1,0,0,1,1,1,1,1,1,1,1,1,1,1,0,1,1,1,1,1,1
"1168","lycopu_ameri.N20B","N20B","lycopu_ameri",0,0,0,0,0,0,0,0,1,0,0,0,0,0,0,0,0,0,0,0,0,0,0,0,0,0,0,0,0,0,0
"1169","planta_patag.N20B","N20B","planta_patag",0,0,0,0,0,0,0,0,1,1,1.5,1.5,2.5,1,2,1,1,1,1.5,1.5,2,1,1,2,1,1,1,1,1,1,1
"1170","senna_maril.N20B","N20B","senna_maril",0,0,0,0,0,0,0,0,1,1,1,1,1,1,1,1,1,1,1,1,1,1,1,1,1,1,1,1,1,1,1
"1171","solida_canad.N20B","N20B","solida_canad",0,0,0,0,0,0,0,0,1,1,1,1,1,1,1,1,1,1,1,1,1,1,0,1,2,2,1,1.5,2,1,1
"1172","astrag_lotif.N4A","N4A","astrag_lotif",0,0,0,0,0,0,0,0,1,1,1,1,0,0,0,0,0,0,0,0,0,0,0,0,0,0,0,0,0,0,0
"1173","elymus_virgi.N4A","N4A","elymus_virgi",0,0,0,0,0,0,0,0,1,1,0,0,0,0,1,1,0,1,1,1,0,1,0,1,0,1,1,1,1,1,1
"1174","euphor_glypt.N4A","N4A","euphor_glypt",0,0,0,0,0,0,0,0,1,1,1,0,1,1,1,0,1,1,1,0,0,1,1,1,1,0,1,1,1,0,1
"1175","euphor_nutan.N4A","N4A","euphor_nutan",0,0,0,0,0,0,0,0,1,1,1,0,1,1,1,1,1,1,1,1,1,1,1,1,1,0,1,1,1,1,1
"1176","geum_canad.N4A","N4A","geum_canad",0,0,0,0,0,0,0,0,1,1,0,0,0,0,0,0,0,1,1,1,1,0,0,1,1,1,1,1,1,1,1
"1177","juncus_inter.N4A","N4A","juncus_inter",0,0,0,0,0,0,0,0,1,2,1,1,1,1,0,1,1,1,2,2.5,1,0,1,1,1,1,1,1,1,1,1
"1178","mirabi_albid.N4A","N4A","mirabi_albid",0,0,0,0,0,0,0,0,1,0,0,0,0,0,0,0,0,0,0,0,0,1,0,0,0,0,0,0,0,0,0
"1179","lactuc_ludov.N4D","N4D","lactuc_ludov",0,0,0,0,0,0,0,0,1,1,1,0,1,1,1,0,0,1,1,0,0,0,0,0,0,0,0,0,0,0,0
"1180","polygo_ramos.N4D","N4D","polygo_ramos",0,0,0,0,0,0,0,0,1,0,0,0,0,0,0,0,0,0,0,0,0,0,0,0,0,0,0,0,0,0,0
"1181","hymeno_scabi.1D","1D","hymeno_scabi",0,0,0,0,0,0,0,0,0,1,0,1,0,0,0,1,0,0,0,0,0,0,0,0,0,0,0,0,0,0,0
"1182","spheno_obtus.1D","1D","spheno_obtus",0,0,0,0,0,0,0,0,0,1,0,0,0,0,0,0,0,0,0,0,0,0,0,0,0,0,0,0,0,0,0
"1183","asclep_sulli.20B","20B","asclep_sulli",0,0,0,0,0,0,0,0,0,1,1,1,1,1,1,0,0,0,0,1,0,0,0,0,0,0,0,0,0,0,0
"1184","juncus_inter.20B","20B","juncus_inter",0,0,0,0,0,0,0,0,0,1,2,1,0,0,0,0,0,0,0,0,1,0,0,1,1,1,1,1,1,1,1
"1185","mirabi_albid.20B","20B","mirabi_albid",0,0,0,0,0,0,0,0,0,1,0,0,0,0,0,1,0,0,0,0,0,0,0,1,1,1,1,0,0,1,0
"1186","ribes_misso.20B","20B","ribes_misso",0,0,0,0,0,0,0,0,0,1,0,0,0,0,2,0,0,0,0,0,0,0,0,0,1,1,1,1,1,1,1
"1187","lactuc_ludov.4A","4A","lactuc_ludov",0,0,0,0,0,0,0,0,0,1,0,0,0,0,0,0,0,0,0,0,0,0,0,0,0,0,0,0,0,0,0
"1188","oenoth_glauc.4A","4A","oenoth_glauc",0,0,0,0,0,0,0,0,0,1,0,0,1,0,0,1,0,0,1,2,1,0,0,2,1,1,0,0,1,1,0
"1189","euphor_denta.4B","4B","euphor_denta",0,0,0,0,0,0,0,0,0,1,0,0,0,0,0,0,1,0,1,0,0,0,0,0,0,0,1,1,0,1,0
"1190","geum_canad.4B","4B","geum_canad",0,0,0,0,0,0,0,0,0,1,2,0,0,0,0,0,1,0,0,0,0,0,0,0,0,0,0,1,1,0,0
"1191","chenop_berla.N1B","N1B","chenop_berla",0,0,0,0,0,0,0,0,0,1,0,0,0,0,0,0,0,0,0,0,0,0,0,0,0,0,0,0,0,0,0
"1192","juncus_inter.N1B","N1B","juncus_inter",0,0,0,0,0,0,0,0,0,1,0,1,1,0,0,0,0,0,0,0,0,0,0,0,0,0,0,0,0,0,0
"1193","lactuc_ludov.N1B","N1B","lactuc_ludov",0,0,0,0,0,0,0,0,0,1,1,1,1,0,0,0,0,0,0,0,0,0,0,0,0,0,0,0,0,0,0
"1194","polygo_ramos.N1B","N1B","polygo_ramos",0,0,0,0,0,0,0,0,0,1,0,0,0,0,0,0,0,0,0,0,0,0,0,0,0,0,0,1,1,1,0
"1195","asclep_sulli.N20B","N20B","asclep_sulli",0,0,0,0,0,0,0,0,0,1,0,0,0,0,0,0,0,0,0,0,0,0,0,0,0,0,0,0,0,0,0
"1196","euphor_denta.N20B","N20B","euphor_denta",0,0,0,0,0,0,0,0,0,1,1,0,0,0,1,1,1,1,1,0,1,1,1,1,1,1,1,1,1,1,1
"1197","juncus_inter.N20B","N20B","juncus_inter",0,0,0,0,0,0,0,0,0,1,1,0,0,0,0,0,0,0,0,1,0,0,0,1,0,1,0,0,0,0,1
"1198","monard_fistu.N20B","N20B","monard_fistu",0,0,0,0,0,0,0,0,0,1,0,0,0,1,1,1,1,1,1,1,1,1,1,1,1,1,1,1,1,1,1
"1199","agalin_asper.N4A","N4A","agalin_asper",0,0,0,0,0,0,0,0,0,1,0,1,0,0,0,0,0,0,1,0,0,0,0,0,0,0,0,0,0,0,0
"1200","lactuc_ludov.N4A","N4A","lactuc_ludov",0,0,0,0,0,0,0,0,0,1,0,0,0,0,0,0,0,0,0,0,0,0,0,0,0,0,0,0,0,1,0
"1201","polygo_tenue.N4A","N4A","polygo_tenue",0,0,0,0,0,0,0,0,0,2,0,0,0,1,0,0,0,1,1,0,0,0,0,1,1,0,0,0,0,0,0
"1202","euphor_prost.N4D","N4D","euphor_prost",0,0,0,0,0,0,0,0,0,1,1,0,0,0,0,0,0,0,0,0,0,0,0,1,0,1,1,1,0,0,0
"1203","hierac_longi.N4D","N4D","hierac_longi",0,0,0,0,0,0,0,0,0,1,0,0,0,1,0,1,1,1,1,0,1,1,1,1,1,0,0,1,0,0,0
"1204","panicu_capil.N4D","N4D","panicu_capil",0,0,0,0,0,0,0,0,0,1,0,0,0,0,1,0,0,0,0,0,0,0,0,0,0,0,0,0,0,0,0
"1205","desmod_sessi.1D","1D","desmod_sessi",0,0,0,0,0,0,0,0,0,0,1,0,0,0,0,0,0,0,0,0,0,0,0,0,0,0,0,0,0,0,0
"1206","eupato_altis.1D","1D","eupato_altis",0,0,0,0,0,0,0,0,0,0,1,1,1,0,0,0,0,0,0,0,0,0,1,1,1,0,0,1,1,1,1
"1207","triden_flavu.1D","1D","triden_flavu",0,0,0,0,0,0,0,0,0,0,1,0,0,0,0,0,0,0,0,0,0,0,0,0,0,0,0,0,0,0,0
"1208","melilo_offic.20B","20B","melilo_offic",0,0,0,0,0,0,0,0,0,0,1,0,0,0,0,0,0,0,0,0,0,2,2,0,0,0,1,0,0,0,0
"1209","ulmus_rubra.20B","20B","ulmus_rubra",0,0,0,0,0,0,0,0,0,0,1,2,1,2,2,2,1,1,1,2,1,2,0,1,1,3,3,3,3,3,4
"1210","euphor_glypt.4A","4A","euphor_glypt",0,0,0,0,0,0,0,0,0,0,1,0,0,0,1,0,0,1,1,0,0,0,0,0,0,0,1,0,0,1,0
"1211","ulmus_ameri.4A","4A","ulmus_ameri",0,0,0,0,0,0,0,0,0,0,1,1,1,0,0,0,0,0,0,0,0,0,0,0,0,0,0,0,1,0,1
"1212","bromus_arven.4B","4B","bromus_arven",0,0,0,0,0,0,0,0,0,0,1,0,0,0,0,0,0,0,0,0,0,0,0,0,0,0,0,0,0,0,0
"1213","physal_heter.4B","4B","physal_heter",0,0,0,0,0,0,0,0,0,0,1,0,0,0,0,0,0,0,0,0,0,0,0,0,0,0,0,0,0,0,0
"1214","euphor_prost.N1B","N1B","euphor_prost",0,0,0,0,0,0,0,0,0,0,1,0,0,0,0,0,0,0,0,0,0,0,0,1,1,0,0,1,0,0,0
"1215","penste_cobae.N1B","N1B","penste_cobae",0,0,0,0,0,0,0,0,0,0,1,1,1,1,1,1,0,0,0,0,0,1,1,1,1,1,1,0,0,0,0
"1216","eriger_phila.N20B","N20B","eriger_phila",0,0,0,0,0,0,0,0,0,0,1,1,1,1,1,1,1,1,1,1,1,1,0,1,1,1,1,1,1,1.5,1
"1217","oenoth_curti.N20B","N20B","oenoth_curti",0,0,0,0,0,0,0,0,0,0,1,0,0,1,1,0,0,0,0,0,0,0,0,0,0,0,0,0,0,0,0
"1218","sporob_crypt.N20B","N20B","sporob_crypt",0,0,0,0,0,0,0,0,0,0,1,0,0,1,1,0,0,0,0,0,0,1,1,1,0,0,1,1,1,1,1
"1219","ulmus_ameri.N20B","N20B","ulmus_ameri",0,0,0,0,0,0,0,0,0,0,1,1,1,1,1,2,2,1,1,1,1,1,1,1,1,1,1,1,1.5,1,1
"1220","baptis_bract.N4A","N4A","baptis_bract",0,0,0,0,0,0,0,0,0,0,2,0,0,0,0,0,0,0,0,0,0,0,0,0,0,0,0,0,0,0,0
"1221","gledit_triac.N4A","N4A","gledit_triac",0,0,0,0,0,0,0,0,0,0,1,1,0,0,1,0,1,0,1,1,0,1,1,1.5,1,1,1,1,1,1,1
"1222","setari_pumil.N4A","N4A","setari_pumil",0,0,0,0,0,0,0,0,0,0,1,1,1,0,0,1,1,1,1,0,1,1,0,1,1,0,0,1,1,0,0
"1223","glandu_bipin.N4D","N4D","glandu_bipin",0,0,0,0,0,0,0,0,0,0,1,0,0,0,1,1,0,0,1,0,0,0,1,1,0,0,1,1,0,0,0
"1224","oenoth_curti.N4D","N4D","oenoth_curti",0,0,0,0,0,0,0,0,0,0,1,1,1,1,1,1,1,0,0,0,0,0,1,0,0,1,0,0,0,0,0
"1225","planta_patag.N4D","N4D","planta_patag",0,0,0,0,0,0,0,0,0,0,1,1,1,1,1,1,1,1,1,1,1,1,1,1.5,1,2,1,1,1,1,1
"1226","sporob_crypt.N4D","N4D","sporob_crypt",0,0,0,0,0,0,0,0,0,0,1,1,1,1,1,1,1,0,0,0,0,0,0,0,1,1,1,1,1,1,1
"1227","eriger_phila.1D","1D","eriger_phila",0,0,0,0,0,0,0,0,0,0,0,1,0,0,0,0,0,0,0,0,0,0,0,0,0,0,0,1,0,1,0
"1228","silene_antir.1D","1D","silene_antir",0,0,0,0,0,0,0,0,0,0,0,1,0,0,0,0,0,0,0,0,0,0,0,0,0,0,0,0,0,0,0
"1229","draba_repta.4A","4A","draba_repta",0,0,0,0,0,0,0,0,0,0,0,1,0,0,0,0,0,0,0,0,0,0,0,0,0,0,0,0,0,0,0
"1230","solida_molli.4A","4A","solida_molli",0,0,0,0,0,0,0,0,0,0,0,1,0,0,0,0,0,0,0,0,0,0,0,0,0,0,0,0,0,0,0
"1231","solanu_carol.4B","4B","solanu_carol",0,0,0,0,0,0,0,0,0,0,0,1,1,0,0,0,0,0,0,0,0,1,1,0,0,1,1,0,0,0,0
"1232","eriger_phila.N1B","N1B","eriger_phila",0,0,0,0,0,0,0,0,0,0,0,1,0,0,0,0,0,0,0,0,0,0,0,0,0,0,0,0,0,0,0
"1233","planta_patag.N1B","N1B","planta_patag",0,0,0,0,0,0,0,0,0,0,0,1,1,1,1,1,1,1,1,1,1,1,1,2,1,2,1,1,1,1,1
"1234","polygo_tenue.N1B","N1B","polygo_tenue",0,0,0,0,0,0,0,0,0,0,0,1,0,0,0,0,1,0,0,0,1,1,1.5,0,0,0,0,0,0,0,0
"1235","schedo_panic.N1B","N1B","schedo_panic",0,0,0,0,0,0,0,0,0,0,0,2,1,2,1.5,1,1,1,1,1.5,1,1,1,1,1,1,1,1,1,1,1
"1236","solida_canad.N1B","N1B","solida_canad",0,0,0,0,0,0,0,0,0,0,0,1,1,0,0,0,0,0,1,1,0,0,0,1,0,1,1,1,1,1,1
"1237","mirabi_albid.N20B","N20B","mirabi_albid",0,0,0,0,0,0,0,0,0,0,0,1,0,0,0,0,0,0,0,0,0,1,0,0,0,0,0,1,0,0,0
"1238","pascop_smith.N20B","N20B","pascop_smith",0,0,0,0,0,0,0,0,0,0,0,1,0,0,0,0,0,0,0,0,0,0,0,0,0,0,0,0,0,0,0
"1239","triost_perfo.N20B","N20B","triost_perfo",0,0,0,0,0,0,0,0,0,0,0,1,1,0,1,1,1,1.5,2,2,2,1,0,1,1,1,1,1,2,2,1
"1240","polyga_verti.N4A","N4A","polyga_verti",0,0,0,0,0,0,0,0,0,0,0,1,0,0,0,0,0,0,0,0,0,0,0,0,0,0,0,0,0,1,0
"1241","apocyn_canna.N4D","N4D","apocyn_canna",0,0,0,0,0,0,0,0,0,0,0,1,1,1,0,0,0,0,1,1,1,0,0,1,2,1,1,1,1,1,1
"1242","coryph_misso.N4D","N4D","coryph_misso",0,0,0,0,0,0,0,0,0,0,0,1,0,1,1,1,1,1,0,0,0,1,0,0,0,0,1,0,0,1,1
"1243","hordeu_pusil.N4D","N4D","hordeu_pusil",0,0,0,0,0,0,0,0,0,0,0,1,1,1,1,1,1,1,1,1,1,1,1,1,1,1,1,1,1,1,1
"1244","penste_cobae.N4D","N4D","penste_cobae",0,0,0,0,0,0,0,0,0,0,0,1,0,0,0,1,0,1,0,0,0,0,0,0,0,0,0,0,0,0,0
"1245","scutel_parvu.N4D","N4D","scutel_parvu",0,0,0,0,0,0,0,0,0,0,0,1,0,0,0,1,1,1,0,0,0,0,0,0,0,0,0,0,0,0,0
"1246","junipe_virgi.20B","20B","junipe_virgi",0,0,0,0,0,0,0,0,0,0,0,0,1,1,1,0,0,0,1,0,0,0,0,0,0,1,0,0,0,1,1
"1247","mirabi_nycta.20B","20B","mirabi_nycta",0,0,0,0,0,0,0,0,0,0,0,0,1,0,0,0,0,0,0,0,0,0,0,0,0,0,0,0,0,0,0
"1248","viola_bicol.4A","4A","viola_bicol",0,0,0,0,0,0,0,0,0,0,0,0,1,0,0,0,0,0,0,0,0,0,0,0,0,0,0,0,0,0,0
"1249","dalea_multi.N20B","N20B","dalea_multi",0,0,0,0,0,0,0,0,0,0,0,0,1,1,2,1,1.5,2,2,1,1,1.5,1,1,1,1,2,2,2,1,2
"1250","polyga_verti.N20B","N20B","polyga_verti",0,0,0,0,0,0,0,0,0,0,0,0,1,0,0,0,0,1,0,0,0,0,0,0,1,1,0,0,0,1,0
"1251","hordeu_pusil.N4A","N4A","hordeu_pusil",0,0,0,0,0,0,0,0,0,0,0,0,1,1,1,1,1,1,2,1,1,2,1,2,1,1,1,1,1,1,2
"1252","symphy_lance.N4A","N4A","symphy_lance",0,0,0,0,0,0,0,0,0,0,0,0,1,0,0,0,0,0,0,0,0,0,0,0,0,0,0,0,0,1,0
"1253","celast_scand.N4D","N4D","celast_scand",0,0,0,0,0,0,0,0,0,0,0,0,1,0,0,0,0,0,0,0,0,0,0,0,0,0,0,0,0,0,0
"1254","desmod_panic.N4D","N4D","desmod_panic",0,0,0,0,0,0,0,0,0,0,0,0,1,1,1,0,0,1,1,1,0,1,1,0,0,1,0,0,2,1,1
"1255","solanu_ptyca.N4D","N4D","solanu_ptyca",0,0,0,0,0,0,0,0,0,0,0,0,1,0,0,0,0,0,0,0,0,0,0,0,0,1,0,0,0,1,0
"1256","veroni_agres.N4D","N4D","veroni_agres",0,0,0,0,0,0,0,0,0,0,0,0,1,0,0,0,1,0,1,0,0,1,1,0,0,0,0,0,0,0,0
"1257","menisp_canad.20B","20B","menisp_canad",0,0,0,0,0,0,0,0,0,0,0,0,0,1,1,0,0,0,0,0,0,0,0,0,0,0,0,0,0,0,0
"1258","boutel_dacty.4B","4B","boutel_dacty",0,0,0,0,0,0,0,0,0,0,0,0,0,1,1,0,0,0,0,0,0,0,0,0,0,0,0,0,0,0,0
"1259","euphor_glypt.4B","4B","euphor_glypt",0,0,0,0,0,0,0,0,0,0,0,0,0,1,1,0,0,0,0,0,0,0,1,0,0,0,0,0,0,1,0
"1260","rubus_pensi.4B","4B","rubus_pensi",0,0,0,0,0,0,0,0,0,0,0,0,0,1,1,3,4,4,4,3.5,4,4,3.5,4.5,4.5,5,4,4,4,3,3
"1261","ulmus_ameri.N1B","N1B","ulmus_ameri",0,0,0,0,0,0,0,0,0,0,0,0,0,1,0,0,0,0,0,0,0,0,0,0,1,0,0,1,1,1,1
"1262","zantho_ameri.N20B","N20B","zantho_ameri",0,0,0,0,0,0,0,0,0,0,0,0,0,1,2,2,1,1,1.5,2,2.5,2.5,2.5,3,2.5,2.5,2,2,2,2,2
"1263","chaero_procu.N4A","N4A","chaero_procu",0,0,0,0,0,0,0,0,0,0,0,0,0,1,0,0,0,0,0,0,0,0,0,0,0,0,0,0,0,0,0
"1264","kummer_stipu.N4A","N4A","kummer_stipu",0,0,0,0,0,0,0,0,0,0,0,0,0,1,0,0,1,1,1,1,0,1,1,1,1,1,1,1,1,1,1
"1265","medica_lupul.N4A","N4A","medica_lupul",0,0,0,0,0,0,0,0,0,0,0,0,0,1,0,0,1,1,1,1,0,1,0,1,1,1,1,1,1,1,1
"1266","desmod_sessi.N4D","N4D","desmod_sessi",0,0,0,0,0,0,0,0,0,0,0,0,0,1,0,0,0,0,0,0,0,1,1,0,0,0,0,0,1,1,1
"1267","kummer_stipu.N4D","N4D","kummer_stipu",0,0,0,0,0,0,0,0,0,0,0,0,0,1,0,0,0,1,1,0,0,0,2,1.5,1,1,1,1,1,1,1
"1268","schedo_panic.N4D","N4D","schedo_panic",0,0,0,0,0,0,0,0,0,0,0,0,0,1,1,1,1,1,1,0,1,1,1,1,1,1,1,1,1,1,1
"1269","geum_canad.20B","20B","geum_canad",0,0,0,0,0,0,0,0,0,0,0,0,0,0,1,0,0,0,1,1,1,1,1,1,1,1,1,1,1,1,1
"1270","pariet_pensy.20B","20B","pariet_pensy",0,0,0,0,0,0,0,0,0,0,0,0,0,0,1,0,0,0,0,0,0,0,0,1,1,1,0,1,1,1,1
"1271","securi_varia.20B","20B","securi_varia",0,0,0,0,0,0,0,0,0,0,0,0,0,0,2,0,0,0,2,2,2,2,2,3.5,3,2,3,2,2,2,2
"1272","asclep_sulli.4A","4A","asclep_sulli",0,0,0,0,0,0,0,0,0,0,0,0,0,0,1,1,1,1,1,1,1,1,1.5,1,1,1,1,1,1,1,1
"1273","panicu_capil.4A","4A","panicu_capil",0,0,0,0,0,0,0,0,0,0,0,0,0,0,1,1,1,1.5,1,0,0,0,0,1,1.5,0,1,1.5,0,1,2
"1274","eriger_annuu.4B","4B","eriger_annuu",0,0,0,0,0,0,0,0,0,0,0,0,0,0,1,0,0,0,0,0,0,0,0,0,0,0,0,0,0,0,0
"1275","euphor_denta.N1B","N1B","euphor_denta",0,0,0,0,0,0,0,0,0,0,0,0,0,0,1,1,1,1,1,0,0,1,1,1,1,1,1,1,1,1,1
"1276","setari_pumil.N1B","N1B","setari_pumil",0,0,0,0,0,0,0,0,0,0,0,0,0,0,1,0,1,1,0,0,0,1,0,1,0,1,0,0,0,0,0
"1277","argemo_polya.N20B","N20B","argemo_polya",0,0,0,0,0,0,0,0,0,0,0,0,0,0,1,1,1,1,0,0,0,0,0,0,0,0,0,1,1,0,0
"1278","physal_heter.N20B","N20B","physal_heter",0,0,0,0,0,0,0,0,0,0,0,0,0,0,1,0,0,0,0,0,0,0,0,0,0,0,0,0,0,0,0
"1279","schedo_panic.N20B","N20B","schedo_panic",0,0,0,0,0,0,0,0,0,0,0,0,0,0,1,1,0,1,1,1,1,1,1,1,1,1,1,1,1,1,1
"1280","solanu_rostr.N20B","N20B","solanu_rostr",0,0,0,0,0,0,0,0,0,0,0,0,0,0,1,0,0,0,0,0,0,0,0,0,1,0,1,1,0,1,1
"1281","aristi_oliga.N4A","N4A","aristi_oliga",0,0,0,0,0,0,0,0,0,0,0,0,0,0,1,1,1,0,0,0,0,0,0,0,0,0,0,0,0,0,0
"1282","penste_cobae.N4A","N4A","penste_cobae",0,0,0,0,0,0,0,0,0,0,0,0,0,0,1,0,0,0,0,0,0,0,0,0,0,0,1,1,0,0,0
"1283","teucri_canad.N4A","N4A","teucri_canad",0,0,0,0,0,0,0,0,0,0,0,0,0,0,1,0,0,0,0,0,0,0,1,1,1,1,2,1,1.5,2,2
"1284","argemo_polya.N4D","N4D","argemo_polya",0,0,0,0,0,0,0,0,0,0,0,0,0,0,1,1,1,1,0,0,0,0,0,0,0,0,0,0,0,0,0
"1285","celtis_occid.N4D","N4D","celtis_occid",0,0,0,0,0,0,0,0,0,0,0,0,0,0,1,1,1,1,1,0,1,1,1,2,1.5,1,1,1,1.5,1,1
"1286","eriger_annuu.N4D","N4D","eriger_annuu",0,0,0,0,0,0,0,0,0,0,0,0,0,0,1,1,0,0,1,0,0,0,1,1,1,0,1,1,1,1,1
"1287","grinde_squar.N4D","N4D","grinde_squar",0,0,0,0,0,0,0,0,0,0,0,0,0,0,1,0,0,0,0,0,0,0,0,1,0,0,1,0,1,1,0
"1288","mentze_oligo.N4D","N4D","mentze_oligo",0,0,0,0,0,0,0,0,0,0,0,0,0,0,1,1,2,0,1,1,1,1,0,1,1,0,0,0,0,0,0
"1289","physal_virgi.N4D","N4D","physal_virgi",0,0,0,0,0,0,0,0,0,0,0,0,0,0,1,0,0,0,0,0,0,0,0,1,1,1,1,1,1,1,1
"1290","krigia_cespi.4A","4A","krigia_cespi",0,0,0,0,0,0,0,0,0,0,0,0,0,0,0,1,0,1,1,0,0,1,0,1,0,1,0,1,1,0,0
"1291","muhlen_racem.4B","4B","muhlen_racem",0,0,0,0,0,0,0,0,0,0,0,0,0,0,0,1,1,1,0,0,0,1,0,0,1,0,0,1,1,1,1
"1292","chaero_procu.N1B","N1B","chaero_procu",0,0,0,0,0,0,0,0,0,0,0,0,0,0,0,1,0,0,0,0,0,0,0,0,0,0,0,0,0,0,0
"1293","gledit_triac.N1B","N1B","gledit_triac",0,0,0,0,0,0,0,0,0,0,0,0,0,0,0,1,0,0,0,0,0,0,0,0,1,0,0,1,1,1,1
"1294","opunti_macro.N1B","N1B","opunti_macro",0,0,0,0,0,0,0,0,0,0,0,0,0,0,0,1,0,1,1.5,1,2,2,2,0,0,0,0,0,0,0,0
"1295","planta_arist.N1B","N1B","planta_arist",0,0,0,0,0,0,0,0,0,0,0,0,0,0,0,1,0,0,0,0,0,0,0,0,0,0,1,0,0,0,0
"1296","grinde_squar.N4A","N4A","grinde_squar",0,0,0,0,0,0,0,0,0,0,0,0,0,0,0,1,2,1,1,1,1,1,1,2,1,1,1,2,2,1,1
"1297","pariet_pensy.N4A","N4A","pariet_pensy",0,0,0,0,0,0,0,0,0,0,0,0,0,0,0,1,0,0,0,0,0,0,0,0,0,0,0,0,0,0,0
"1298","solanu_carol.N4A","N4A","solanu_carol",0,0,0,0,0,0,0,0,0,0,0,0,0,0,0,1,0,0,0,0,0,0,0,0,0,0,0,1,1,1,1
"1299","hierac_longi.1D","1D","hierac_longi",0,0,0,0,0,0,0,0,0,0,0,0,0,0,0,0,1,1,1,1,1,1,1,1,1,1,1,1,1,1,1
"1300","erecht_hiera.20B","20B","erecht_hiera",0,0,0,0,0,0,0,0,0,0,0,0,0,0,0,0,1,1,1,0,0,0,0,0,1,1,0,1,1,1,1
"1301","fallop_scand.20B","20B","fallop_scand",0,0,0,0,0,0,0,0,0,0,0,0,0,0,0,0,1,0,1,1,1,0,1,1,1,1,0,1,1.5,1,1
"1302","oenoth_curti.20B","20B","oenoth_curti",0,0,0,0,0,0,0,0,0,0,0,0,0,0,0,0,1,0,0,0,0,0,0,0,0,0,0,0,0,0,0
"1303","grinde_squar.N1B","N1B","grinde_squar",0,0,0,0,0,0,0,0,0,0,0,0,0,0,0,0,2,1,2,1,0,0,0,1,1,1,0,1,1,1,1
"1304","monard_fistu.N1B","N1B","monard_fistu",0,0,0,0,0,0,0,0,0,0,0,0,0,0,0,0,1,0,0,0,0,0,0,0,0,0,0,0,0,1,0
"1305","cuscut_glome.N20B","N20B","cuscut_glome",0,0,0,0,0,0,0,0,0,0,0,0,0,0,0,0,1,0,0,0,0,0,0,0,0,0,0,0,0,0,0
"1306","cynanc_laeve.N20B","N20B","cynanc_laeve",0,0,0,0,0,0,0,0,0,0,0,0,0,0,0,0,1,0,0,0,0,0,0,0,1,1,0,0,0,1,1
"1307","setari_pumil.N20B","N20B","setari_pumil",0,0,0,0,0,0,0,0,0,0,0,0,0,0,0,0,1,0,0,0,0,0,0,0,0,0,0,0,0,0,0
"1308","junipe_virgi.N4D","N4D","junipe_virgi",0,0,0,0,0,0,0,0,0,0,0,0,0,0,0,0,1,0,0,0,0,0,0,0,0,0,0,0,0,0,0
"1309","panicu_capil.20B","20B","panicu_capil",0,0,0,0,0,0,0,0,0,0,0,0,0,0,0,0,0,1,0,0,0,0,0,0,0,1,0,0,0,0,0
"1310","solanu_ptyca.20B","20B","solanu_ptyca",0,0,0,0,0,0,0,0,0,0,0,0,0,0,0,0,0,1,0,0,0,0,0,1,0,0,0,0,0,0,0
"1311","agerat_altis.4A","4A","agerat_altis",0,0,0,0,0,0,0,0,0,0,0,0,0,0,0,0,0,1,1,0,0,1,1,1,1,1.5,2,2,2,2,1.5
"1312","prunel_vulga.N1B","N1B","prunel_vulga",0,0,0,0,0,0,0,0,0,0,0,0,0,0,0,0,0,1,1,0,0,0,0,0,0,0,0,0,0,0,0
"1313","veroni_agres.N1B","N1B","veroni_agres",0,0,0,0,0,0,0,0,0,0,0,0,0,0,0,0,0,1,0,0,0,0,0,0,0,0,0,0,0,0,0
"1314","chlori_verti.N20B","N20B","chlori_verti",0,0,0,0,0,0,0,0,0,0,0,0,0,0,0,0,0,1,0,0,0,1,2,0,1,1,1,1,1,1,1
"1315","desmod_sessi.N20B","N20B","desmod_sessi",0,0,0,0,0,0,0,0,0,0,0,0,0,0,0,0,0,1,1,1,1,1,1,0,1,1,1,1,1,1,1
"1316","panicu_capil.N20B","N20B","panicu_capil",0,0,0,0,0,0,0,0,0,0,0,0,0,0,0,0,0,1,0,0,0,0,0,0,1,0,0,1,0,1,1
"1317","scutel_parvu.N20B","N20B","scutel_parvu",0,0,0,0,0,0,0,0,0,0,0,0,0,0,0,0,0,1,0,0,0,0,0,0,0,1,1,1,1,0,1
"1318","verben_urtic.N20B","N20B","verben_urtic",0,0,0,0,0,0,0,0,0,0,0,0,0,0,0,0,0,1,1,0,0,0,0,0,1,1,0,0,1,1,1
"1319","eriger_phila.N4A","N4A","eriger_phila",0,0,0,0,0,0,0,0,0,0,0,0,0,0,0,0,0,1,0,0,0,0,0,0,0,0,0,0,1,1,0
"1320","veroni_agres.N4A","N4A","veroni_agres",0,0,0,0,0,0,0,0,0,0,0,0,0,0,0,0,0,1,0,0,0,0,0,0,0,0,0,0,0,0,0
"1321","galium_circa.N4D","N4D","galium_circa",0,0,0,0,0,0,0,0,0,0,0,0,0,0,0,0,0,1,0,0,0,0,0,1,1,1,1,1,1,1,1
"1322","helian_annuu.N4D","N4D","helian_annuu",0,0,0,0,0,0,0,0,0,0,0,0,0,0,0,0,0,1,0,0,0,0,0,0,0,0,0,0,0,0,0
"1323","setari_pumil.N4D","N4D","setari_pumil",0,0,0,0,0,0,0,0,0,0,0,0,0,0,0,0,0,1,0,0,0,1,0,0,0,0,0,0,0,0,0
"1324","ambros_artem.1D","1D","ambros_artem",0,0,0,0,0,0,0,0,0,0,0,0,0,0,0,0,0,0,1,0,0,0,0,0,0,0,0,0,0,0,0
"1325","agerat_altis.20B","20B","agerat_altis",0,0,0,0,0,0,0,0,0,0,0,0,0,0,0,0,0,0,1,0,1,1,0,1,1,1,1.5,1,2,2,2
"1326","pseudo_obtus.20B","20B","pseudo_obtus",0,0,0,0,0,0,0,0,0,0,0,0,0,0,0,0,0,0,1,0,0,0,0,0,0,0,1,0,1,1,1
"1327","erecht_hiera.4A","4A","erecht_hiera",0,0,0,0,0,0,0,0,0,0,0,0,0,0,0,0,0,0,1,0,0,0,0,0,1,2,0,0,1,1,0
"1328","erecht_hiera.4B","4B","erecht_hiera",0,0,0,0,0,0,0,0,0,0,0,0,0,0,0,0,0,0,1,0,0,1,0,0,0,1,0,0,0,1,0
"1329","carex_austr.N1B","N1B","carex_austr",0,0,0,0,0,0,0,0,0,0,0,0,0,0,0,0,0,0,1,1,1,1,1,1,1,1,1,1,1,1,1
"1330","carex_austr.N20B","N20B","carex_austr",0,0,0,0,0,0,0,0,0,0,0,0,0,0,0,0,0,0,1,0,1,1,1,1,1,1,1,1,1,1,1
"1331","grinde_squar.N20B","N20B","grinde_squar",0,0,0,0,0,0,0,0,0,0,0,0,0,0,0,0,0,0,1,1,1,1,1,1.5,1,1,0,1,1,1,1
"1332","medica_lupul.N20B","N20B","medica_lupul",0,0,0,0,0,0,0,0,0,0,0,0,0,0,0,0,0,0,1,0,0,0,0,0,1,1,1,0,1,1,1
"1333","apocyn_canna.N4A","N4A","apocyn_canna",0,0,0,0,0,0,0,0,0,0,0,0,0,0,0,0,0,0,1,0,0,0,0,0,0,0,0,0,0,0,0
"1334","carex_austr.N4A","N4A","carex_austr",0,0,0,0,0,0,0,0,0,0,0,0,0,0,0,0,0,0,1,1,1,1,1,1,1,1,1,1,1,1,1
"1335","chamae_fasci.N4A","N4A","chamae_fasci",0,0,0,0,0,0,0,0,0,0,0,0,0,0,0,0,0,0,1,0,0,1,0,0,0,0,0,0,0,0,0
"1336","eriger_annuu.N4A","N4A","eriger_annuu",0,0,0,0,0,0,0,0,0,0,0,0,0,0,0,0,0,0,1,1,0,0,0,0,0,1,0,0,1,0,0
"1337","viola_nephr.N4A","N4A","viola_nephr",0,0,0,0,0,0,0,0,0,0,0,0,0,0,0,0,0,0,1,0,0,0,0,0,0,0,0,0,0,0,0
"1338","carex_austr.N4D","N4D","carex_austr",0,0,0,0,0,0,0,0,0,0,0,0,0,0,0,0,0,0,1,1,1,1,1,1,1,1,1,1,1,1,1
"1339","chlori_verti.N4D","N4D","chlori_verti",0,0,0,0,0,0,0,0,0,0,0,0,0,0,0,0,0,0,1,0,0,0,0,1,1,1,1,1,1,1,1
"1340","eleoch_compr.N4D","N4D","eleoch_compr",0,0,0,0,0,0,0,0,0,0,0,0,0,0,0,0,0,0,1,0,0,0,0,0,1,1,0,0,0,0,0
"1341","planta_virgi.N4D","N4D","planta_virgi",0,0,0,0,0,0,0,0,0,0,0,0,0,0,0,0,0,0,1,0,0,0,0,1,1,1,1,1,1,1,1
"1342","toxico_radic.N4D","N4D","toxico_radic",0,0,0,0,0,0,0,0,0,0,0,0,0,0,0,0,0,0,2,2,2,2,2,1,1,1,1.5,1.5,1,1.5,2
"1343","verbas_blatt.N4D","N4D","verbas_blatt",0,0,0,0,0,0,0,0,0,0,0,0,0,0,0,0,0,0,1,0,0,0,0,0,0,2,1,1,0,0,1
"1344","toxico_radic.4B","4B","toxico_radic",0,0,0,0,0,0,0,0,0,0,0,0,0,0,0,0,0,0,0,1,1,1,1,0,0,0,0,0,0,0,0
"1345","verben_urtic.4B","4B","verben_urtic",0,0,0,0,0,0,0,0,0,0,0,0,0,0,0,0,0,0,0,1,0,0,1,1,1,0,1,1,1,1.5,1
"1346","medica_lupul.N1B","N1B","medica_lupul",0,0,0,0,0,0,0,0,0,0,0,0,0,0,0,0,0,0,0,1,0,0,0,0,0,1,1,0,0,1,1
"1347","agerat_altis.N20B","N20B","agerat_altis",0,0,0,0,0,0,0,0,0,0,0,0,0,0,0,0,0,0,0,1,1,1,1,1,2,1,1,1,1,1,1.5
"1348","carex_bland.N20B","N20B","carex_bland",0,0,0,0,0,0,0,0,0,0,0,0,0,0,0,0,0,0,0,1,0,0,0,0,0,0,0,0,0,0,0
"1349","rubus_pensi.N20B","N20B","rubus_pensi",0,0,0,0,0,0,0,0,0,0,0,0,0,0,0,0,0,0,0,1,2,2,2,2,2,2,2,2,3,3,4
"1350","dichan_ovale.N4D","N4D","dichan_ovale",0,0,0,0,0,0,0,0,0,0,0,0,0,0,0,0,0,0,0,1,0,0,1,0,1,1,1,1,1,1,1
"1351","senna_maril.20B","20B","senna_maril",0,0,0,0,0,0,0,0,0,0,0,0,0,0,0,0,0,0,0,0,1,0,0,1,0,0,0,0,1,1,0
"1352","solida_speci.N1B","N1B","solida_speci",0,0,0,0,0,0,0,0,0,0,0,0,0,0,0,0,0,0,0,0,1,1,1,0,1,0,0,0,1,1,0
"1353","galium_circa.N20B","N20B","galium_circa",0,0,0,0,0,0,0,0,0,0,0,0,0,0,0,0,0,0,0,0,2,2,0,1,1,1,1,1,1,1,1
"1354","ribes_misso.N20B","N20B","ribes_misso",0,0,0,0,0,0,0,0,0,0,0,0,0,0,0,0,0,0,0,0,1,0,0,0,0,0,0,0,0,1,1
"1355","securi_varia.N20B","N20B","securi_varia",0,0,0,0,0,0,0,0,0,0,0,0,0,0,0,0,0,0,0,0,1,3,0,1,1,1,1.5,2,1.5,1.5,1.5
"1356","carex_austr.1D","1D","carex_austr",0,0,0,0,0,0,0,0,0,0,0,0,0,0,0,0,0,0,0,0,0,1,0,0,0,0,0,0,0,0,0
"1357","carex_austr.4A","4A","carex_austr",0,0,0,0,0,0,0,0,0,0,0,0,0,0,0,0,0,0,0,0,0,1,1,0,0,0,0,0,0,0,0
"1358","desmod_panic.4B","4B","desmod_panic",0,0,0,0,0,0,0,0,0,0,0,0,0,0,0,0,0,0,0,0,0,1,0,3,3,1.5,0,0,0,0,0
"1359","sporob_vagin.N1B","N1B","sporob_vagin",0,0,0,0,0,0,0,0,0,0,0,0,0,0,0,0,0,0,0,0,0,1,0,1,2,1,1,1,1,1,1
"1360","toxico_radic.N1B","N1B","toxico_radic",0,0,0,0,0,0,0,0,0,0,0,0,0,0,0,0,0,0,0,0,0,1.5,0,0,0,0,0,0,0,0,0
"1361","desmod_panic.N20B","N20B","desmod_panic",0,0,0,0,0,0,0,0,0,0,0,0,0,0,0,0,0,0,0,0,0,1,1,1,0,1,0,0,0,1,1
"1362","fallop_scand.N20B","N20B","fallop_scand",0,0,0,0,0,0,0,0,0,0,0,0,0,0,0,0,0,0,0,0,0,1,0,0,1,0,0,0,1,0,0
"1363","leersi_oryzo.N20B","N20B","leersi_oryzo",0,0,0,0,0,0,0,0,0,0,0,0,0,0,0,0,0,0,0,0,0,1,0,0,0,0,0,0,0,0,0
"1364","desmod_panic.N4A","N4A","desmod_panic",0,0,0,0,0,0,0,0,0,0,0,0,0,0,0,0,0,0,0,0,0,1,1,2,1.5,2,0,0,0,1,0
"1365","dianth_armer.N4A","N4A","dianth_armer",0,0,0,0,0,0,0,0,0,0,0,0,0,0,0,0,0,0,0,0,0,1,1,1,1,1,1,0,1,1,1
"1366","oenoth_bienn.N4A","N4A","oenoth_bienn",0,0,0,0,0,0,0,0,0,0,0,0,0,0,0,0,0,0,0,0,0,1,1,1,1,0,0,0,0,0,0
"1367","asclep_tuber.1D","1D","asclep_tuber",0,0,0,0,0,0,0,0,0,0,0,0,0,0,0,0,0,0,0,0,0,0,1,0,0,0,1,1,1,1,1
"1368","desmod_panic.20B","20B","desmod_panic",0,0,0,0,0,0,0,0,0,0,0,0,0,0,0,0,0,0,0,0,0,0,1,1,1,1,0,0,0,0,0
"1369","echina_angus.4A","4A","echina_angus",0,0,0,0,0,0,0,0,0,0,0,0,0,0,0,0,0,0,0,0,0,0,1,0,0,0,0,0,0,0,0
"1370","opunti_macro.4B","4B","opunti_macro",0,0,0,0,0,0,0,0,0,0,0,0,0,0,0,0,0,0,0,0,0,0,2,0,0,0,0,0,0,0,0
"1371","prunus_ameri.N1B","N1B","prunus_ameri",0,0,0,0,0,0,0,0,0,0,0,0,0,0,0,0,0,0,0,0,0,0,1,0,0,0,0,0,0,0,0
"1372","toxico_radic.N20B","N20B","toxico_radic",0,0,0,0,0,0,0,0,0,0,0,0,0,0,0,0,0,0,0,0,0,0,2,0,0,1,0,0,1,1.5,2
"1373","symphy_pilos.N4D","N4D","symphy_pilos",0,0,0,0,0,0,0,0,0,0,0,0,0,0,0,0,0,0,0,0,0,0,1,1,0,0,1,1,1,1,1
"1374","cuscut_coryl.20B","20B","cuscut_coryl",0,0,0,0,0,0,0,0,0,0,0,0,0,0,0,0,0,0,0,0,0,0,0,2,0,1,0,0,1,0,0
"1375","euphor_david.20B","20B","euphor_david",0,0,0,0,0,0,0,0,0,0,0,0,0,0,0,0,0,0,0,0,0,0,0,1,1,1,1,1,1,1,0
"1376","galium_circa.20B","20B","galium_circa",0,0,0,0,0,0,0,0,0,0,0,0,0,0,0,0,0,0,0,0,0,0,0,1,0,0,1,1,1,0,0
"1377","oxalis_dille.20B","20B","oxalis_dille",0,0,0,0,0,0,0,0,0,0,0,0,0,0,0,0,0,0,0,0,0,0,0,1,1,1,1,1,1,1,1
"1378","rubus_occid.20B","20B","rubus_occid",0,0,0,0,0,0,0,0,0,0,0,0,0,0,0,0,0,0,0,0,0,0,0,2,2,2,1.5,2,2,2,2
"1379","smilax_tamno.20B","20B","smilax_tamno",0,0,0,0,0,0,0,0,0,0,0,0,0,0,0,0,0,0,0,0,0,0,0,1,0,1,0,0,1,1,0
"1380","tragia_ramos.20B","20B","tragia_ramos",0,0,0,0,0,0,0,0,0,0,0,0,0,0,0,0,0,0,0,0,0,0,0,1,1,0,1,1,1,1,0
"1381","cuscut_indec.4A","4A","cuscut_indec",0,0,0,0,0,0,0,0,0,0,0,0,0,0,0,0,0,0,0,0,0,0,0,1,1,0,0,0,0,1,0
"1382","ophiog_vulga.4A","4A","ophiog_vulga",0,0,0,0,0,0,0,0,0,0,0,0,0,0,0,0,0,0,0,0,0,0,0,1,1,1,1,1,1,1,0
"1383","oxalis_dille.4A","4A","oxalis_dille",0,0,0,0,0,0,0,0,0,0,0,0,0,0,0,0,0,0,0,0,0,0,0,1,1,1,1,1,1,1,0
"1384","planta_virgi.4A","4A","planta_virgi",0,0,0,0,0,0,0,0,0,0,0,0,0,0,0,0,0,0,0,0,0,0,0,1,1,0,1,1,0,1,0
"1385","celast_scand.4B","4B","celast_scand",0,0,0,0,0,0,0,0,0,0,0,0,0,0,0,0,0,0,0,0,0,0,0,2,2,0,1,1,2,2,1
"1386","cuscut_glome.4B","4B","cuscut_glome",0,0,0,0,0,0,0,0,0,0,0,0,0,0,0,0,0,0,0,0,0,0,0,1,0,0,0,0,0,1,0
"1387","cuscut_indec.4B","4B","cuscut_indec",0,0,0,0,0,0,0,0,0,0,0,0,0,0,0,0,0,0,0,0,0,0,0,2,1,1,0,0,0,1,0
"1388","desmod_perpl.4B","4B","desmod_perpl",0,0,0,0,0,0,0,0,0,0,0,0,0,0,0,0,0,0,0,0,0,0,0,4,0,0,1,2,3,2,3
"1389","oxalis_dille.4B","4B","oxalis_dille",0,0,0,0,0,0,0,0,0,0,0,0,0,0,0,0,0,0,0,0,0,0,0,1,1,1,1,1,1,1,0
"1390","physal_virgi.4B","4B","physal_virgi",0,0,0,0,0,0,0,0,0,0,0,0,0,0,0,0,0,0,0,0,0,0,0,1,1,1,1,1,1,1,1
"1391","solida_speci.4B","4B","solida_speci",0,0,0,0,0,0,0,0,0,0,0,0,0,0,0,0,0,0,0,0,0,0,0,1,1,0,0,0,0,0,0
"1392","vitis_ripar.4B","4B","vitis_ripar",0,0,0,0,0,0,0,0,0,0,0,0,0,0,0,0,0,0,0,0,0,0,0,1,1,0,0,0,0,2,2
"1393","coryda_micra.N1B","N1B","coryda_micra",0,0,0,0,0,0,0,0,0,0,0,0,0,0,0,0,0,0,0,0,0,0,0,1,0,1,0,1,0,0,0
"1394","eragro_cilia.N1B","N1B","eragro_cilia",0,0,0,0,0,0,0,0,0,0,0,0,0,0,0,0,0,0,0,0,0,0,0,1,0,0,0,0,0,0,0
"1395","euphor_david.N1B","N1B","euphor_david",0,0,0,0,0,0,0,0,0,0,0,0,0,0,0,0,0,0,0,0,0,0,0,1,1,0,1,0,1,0,1
"1396","euphor_macul.N1B","N1B","euphor_macul",0,0,0,0,0,0,0,0,0,0,0,0,0,0,0,0,0,0,0,0,0,0,0,1,1,1,1,1,1,1,1
"1397","oxalis_dille.N1B","N1B","oxalis_dille",0,0,0,0,0,0,0,0,0,0,0,0,0,0,0,0,0,0,0,0,0,0,0,1,1,1,1,1,1,1,1
"1398","tragia_ramos.N1B","N1B","tragia_ramos",0,0,0,0,0,0,0,0,0,0,0,0,0,0,0,0,0,0,0,0,0,0,0,1,1,1,1,1,1,1,1
"1399","veroni_arven.N1B","N1B","veroni_arven",0,0,0,0,0,0,0,0,0,0,0,0,0,0,0,0,0,0,0,0,0,0,0,1,0,1,0,1,1,1,1
"1400","viola_misso.N1B","N1B","viola_misso",0,0,0,0,0,0,0,0,0,0,0,0,0,0,0,0,0,0,0,0,0,0,0,1,1,1,1,1,1,1,1
"1401","arnogl_plant.N20B","N20B","arnogl_plant",0,0,0,0,0,0,0,0,0,0,0,0,0,0,0,0,0,0,0,0,0,0,0,1,1,0,0,0,0,1,0
"1402","botryc_virgi.N20B","N20B","botryc_virgi",0,0,0,0,0,0,0,0,0,0,0,0,0,0,0,0,0,0,0,0,0,0,0,1,0,0,1,1,1,1,1
"1403","coryph_misso.N20B","N20B","coryph_misso",0,0,0,0,0,0,0,0,0,0,0,0,0,0,0,0,0,0,0,0,0,0,0,1,1,1,1,1,1,1,1
"1404","desmod_perpl.N20B","N20B","desmod_perpl",0,0,0,0,0,0,0,0,0,0,0,0,0,0,0,0,0,0,0,0,0,0,0,1,2,1,1,1,1.5,2,2
"1405","draba_cunei.N20B","N20B","draba_cunei",0,0,0,0,0,0,0,0,0,0,0,0,0,0,0,0,0,0,0,0,0,0,0,1,1,1,1,1,1,1,1
"1406","euphor_david.N20B","N20B","euphor_david",0,0,0,0,0,0,0,0,0,0,0,0,0,0,0,0,0,0,0,0,0,0,0,1,1,1,1,1,0,1,1
"1407","euphor_macul.N20B","N20B","euphor_macul",0,0,0,0,0,0,0,0,0,0,0,0,0,0,0,0,0,0,0,0,0,0,0,1,1,1,0,1,1,1,1
"1408","morus_alba.N20B","N20B","morus_alba",0,0,0,0,0,0,0,0,0,0,0,0,0,0,0,0,0,0,0,0,0,0,0,1,1,1,1,2,2,1,1
"1409","oxalis_dille.N20B","N20B","oxalis_dille",0,0,0,0,0,0,0,0,0,0,0,0,0,0,0,0,0,0,0,0,0,0,0,1,1,1,1,1,1,1,1
"1410","phryma_lepto.N20B","N20B","phryma_lepto",0,0,0,0,0,0,0,0,0,0,0,0,0,0,0,0,0,0,0,0,0,0,0,1,0,0,0,0,0,1,0
"1411","planta_virgi.N20B","N20B","planta_virgi",0,0,0,0,0,0,0,0,0,0,0,0,0,0,0,0,0,0,0,0,0,0,0,1,1,1,1,1,1,1,1
"1412","setari_virid.N20B","N20B","setari_virid",0,0,0,0,0,0,0,0,0,0,0,0,0,0,0,0,0,0,0,0,0,0,0,1,1,1,1,1,1,1,1.5
"1413","solida_gigan.N20B","N20B","solida_gigan",0,0,0,0,0,0,0,0,0,0,0,0,0,0,0,0,0,0,0,0,0,0,0,1,2,1.5,2,2,1,1,1.5
"1414","sporob_vagin.N20B","N20B","sporob_vagin",0,0,0,0,0,0,0,0,0,0,0,0,0,0,0,0,0,0,0,0,0,0,0,1,1,1,1,1,1,1,1
"1415","tragia_ramos.N20B","N20B","tragia_ramos",0,0,0,0,0,0,0,0,0,0,0,0,0,0,0,0,0,0,0,0,0,0,0,1,1,1,1,1,1,1,1
"1416","ulmus_rubra.N20B","N20B","ulmus_rubra",0,0,0,0,0,0,0,0,0,0,0,0,0,0,0,0,0,0,0,0,0,0,0,1,1,1,1,1,1,1,1
"1417","veroni_arven.N20B","N20B","veroni_arven",0,0,0,0,0,0,0,0,0,0,0,0,0,0,0,0,0,0,0,0,0,0,0,1,0,1,1,1,1,1,1
"1418","viola_misso.N20B","N20B","viola_misso",0,0,0,0,0,0,0,0,0,0,0,0,0,0,0,0,0,0,0,0,0,0,0,1,1,1,1,1,1,1,1
"1419","vitis_ripar.N20B","N20B","vitis_ripar",0,0,0,0,0,0,0,0,0,0,0,0,0,0,0,0,0,0,0,0,0,0,0,1,1,0,0,1,1,1,1.5
"1420","cuscut_indec.N4A","N4A","cuscut_indec",0,0,0,0,0,0,0,0,0,0,0,0,0,0,0,0,0,0,0,0,0,0,0,1,0,0,0,0,0,0,1
"1421","desmod_perpl.N4A","N4A","desmod_perpl",0,0,0,0,0,0,0,0,0,0,0,0,0,0,0,0,0,0,0,0,0,0,0,1,2,0,0,1,1,1,1.5
"1422","oxalis_dille.N4A","N4A","oxalis_dille",0,0,0,0,0,0,0,0,0,0,0,0,0,0,0,0,0,0,0,0,0,0,0,1,1,1,1,1,1,1,1
"1423","planta_virgi.N4A","N4A","planta_virgi",0,0,0,0,0,0,0,0,0,0,0,0,0,0,0,0,0,0,0,0,0,0,0,1,1,1,1,1,1,1,1
"1424","polygo_avicu.N4A","N4A","polygo_avicu",0,0,0,0,0,0,0,0,0,0,0,0,0,0,0,0,0,0,0,0,0,0,0,1,0,0,1,1,1,1,0
"1425","rubus_pensi.N4A","N4A","rubus_pensi",0,0,0,0,0,0,0,0,0,0,0,0,0,0,0,0,0,0,0,0,0,0,0,1,1,1,1,1,1,1,1
"1426","spiran_verna.N4A","N4A","spiran_verna",0,0,0,0,0,0,0,0,0,0,0,0,0,0,0,0,0,0,0,0,0,0,0,1,0,0,0,0,1,0,1
"1427","sporob_vagin.N4A","N4A","sporob_vagin",0,0,0,0,0,0,0,0,0,0,0,0,0,0,0,0,0,0,0,0,0,0,0,1,1,1,1,1,2,1,1
"1428","tragia_ramos.N4A","N4A","tragia_ramos",0,0,0,0,0,0,0,0,0,0,0,0,0,0,0,0,0,0,0,0,0,0,0,1,1,1,1,1,1,1,1
"1429","tricho_brach.N4A","N4A","tricho_brach",0,0,0,0,0,0,0,0,0,0,0,0,0,0,0,0,0,0,0,0,0,0,0,1,0,0,0,1,0,0,0
"1430","arenar_serpy.N4D","N4D","arenar_serpy",0,0,0,0,0,0,0,0,0,0,0,0,0,0,0,0,0,0,0,0,0,0,0,1,0,0,0,0,0,0,1
"1431","botryc_virgi.N4D","N4D","botryc_virgi",0,0,0,0,0,0,0,0,0,0,0,0,0,0,0,0,0,0,0,0,0,0,0,1,1,1,1,1,1,1,1
"1432","coryda_micra.N4D","N4D","coryda_micra",0,0,0,0,0,0,0,0,0,0,0,0,0,0,0,0,0,0,0,0,0,0,0,1,0,0,0,0,1,0,0
"1433","cuscut_glome.N4D","N4D","cuscut_glome",0,0,0,0,0,0,0,0,0,0,0,0,0,0,0,0,0,0,0,0,0,0,0,1,0,0,0,0,0,1,0
"1434","desmod_perpl.N4D","N4D","desmod_perpl",0,0,0,0,0,0,0,0,0,0,0,0,0,0,0,0,0,0,0,0,0,0,0,2,1,1,1,1,2,2,2
"1435","euphor_david.N4D","N4D","euphor_david",0,0,0,0,0,0,0,0,0,0,0,0,0,0,0,0,0,0,0,0,0,0,0,1,0,1,0,1,0,1,1
"1436","euphor_macul.N4D","N4D","euphor_macul",0,0,0,0,0,0,0,0,0,0,0,0,0,0,0,0,0,0,0,0,0,0,0,1,1,1,1,1,1,1,1
"1437","oxalis_dille.N4D","N4D","oxalis_dille",0,0,0,0,0,0,0,0,0,0,0,0,0,0,0,0,0,0,0,0,0,0,0,1,1,1,1,1,1,1,1
"1438","parthe_quinq.N4D","N4D","parthe_quinq",0,0,0,0,0,0,0,0,0,0,0,0,0,0,0,0,0,0,0,0,0,0,0,1,1,1,2,2,2,2,2
"1439","paspal_setac.N4D","N4D","paspal_setac",0,0,0,0,0,0,0,0,0,0,0,0,0,0,0,0,0,0,0,0,0,0,0,1,1,1,1,1,3,1,1.5
"1440","solida_speci.N4D","N4D","solida_speci",0,0,0,0,0,0,0,0,0,0,0,0,0,0,0,0,0,0,0,0,0,0,0,1,1,1,1,1,1.5,1,1
"1441","sporob_vagin.N4D","N4D","sporob_vagin",0,0,0,0,0,0,0,0,0,0,0,0,0,0,0,0,0,0,0,0,0,0,0,1,2,1,1,1,1,1,1
"1442","tragia_ramos.N4D","N4D","tragia_ramos",0,0,0,0,0,0,0,0,0,0,0,0,0,0,0,0,0,0,0,0,0,0,0,1,1,1,1,1,1,1,1
"1443","veroni_arven.N4D","N4D","veroni_arven",0,0,0,0,0,0,0,0,0,0,0,0,0,0,0,0,0,0,0,0,0,0,0,1,1,1,1,1,1,1,1
"1444","viola_misso.N4D","N4D","viola_misso",0,0,0,0,0,0,0,0,0,0,0,0,0,0,0,0,0,0,0,0,0,0,0,1,1,1,1,1,1,1,1
"1445","zizia_aurea.N4D","N4D","zizia_aurea",0,0,0,0,0,0,0,0,0,0,0,0,0,0,0,0,0,0,0,0,0,0,0,1,0,0,0,0,0,0,0
"1446","erecht_hiera.1D","1D","erecht_hiera",0,0,0,0,0,0,0,0,0,0,0,0,0,0,0,0,0,0,0,0,0,0,0,0,1,1,0,1,0,0,0
"1447","panicu_capil.1D","1D","panicu_capil",0,0,0,0,0,0,0,0,0,0,0,0,0,0,0,0,0,0,0,0,0,0,0,0,1,0,0,0,0,1,0
"1448","hackel_virgi.20B","20B","hackel_virgi",0,0,0,0,0,0,0,0,0,0,0,0,0,0,0,0,0,0,0,0,0,0,0,0,2,1,1,1,1,1,0
"1449","ophiog_vulga.20B","20B","ophiog_vulga",0,0,0,0,0,0,0,0,0,0,0,0,0,0,0,0,0,0,0,0,0,0,0,0,1,0,0,0,0,0,0
"1450","opunti_macro.20B","20B","opunti_macro",0,0,0,0,0,0,0,0,0,0,0,0,0,0,0,0,0,0,0,0,0,0,0,0,1,1,0,0,0,1,0
"1451","viola_misso.20B","20B","viola_misso",0,0,0,0,0,0,0,0,0,0,0,0,0,0,0,0,0,0,0,0,0,0,0,0,1,1,1,1,2,2,3
"1452","euphor_denta.4A","4A","euphor_denta",0,0,0,0,0,0,0,0,0,0,0,0,0,0,0,0,0,0,0,0,0,0,0,0,1,1,0,0,0,0,0
"1453","euphor_macul.4A","4A","euphor_macul",0,0,0,0,0,0,0,0,0,0,0,0,0,0,0,0,0,0,0,0,0,0,0,0,1,0,0,0,0,0,0
"1454","pseudo_obtus.4A","4A","pseudo_obtus",0,0,0,0,0,0,0,0,0,0,0,0,0,0,0,0,0,0,0,0,0,0,0,0,1,0,0,0,1,0,0
"1455","apocyn_canna.N1B","N1B","apocyn_canna",0,0,0,0,0,0,0,0,0,0,0,0,0,0,0,0,0,0,0,0,0,0,0,0,1,0,0,0,0,1,1
"1456","chlori_verti.N1B","N1B","chlori_verti",0,0,0,0,0,0,0,0,0,0,0,0,0,0,0,0,0,0,0,0,0,0,0,0,1,1,1,1,1,1,1
"1457","evolvu_nutta.N1B","N1B","evolvu_nutta",0,0,0,0,0,0,0,0,0,0,0,0,0,0,0,0,0,0,0,0,0,0,0,0,1,0,0,1,0,0,0
"1458","paspal_setac.N1B","N1B","paspal_setac",0,0,0,0,0,0,0,0,0,0,0,0,0,0,0,0,0,0,0,0,0,0,0,0,1,1,1,1,1,1,1
"1459","physal_longi.N1B","N1B","physal_longi",0,0,0,0,0,0,0,0,0,0,0,0,0,0,0,0,0,0,0,0,0,0,0,0,1,0,0,0,0,0,0
"1460","symphy_lance.N1B","N1B","symphy_lance",0,0,0,0,0,0,0,0,0,0,0,0,0,0,0,0,0,0,0,0,0,0,0,0,1,0,0,0,0,0,0
"1461","carex_grise.N20B","N20B","carex_grise",0,0,0,0,0,0,0,0,0,0,0,0,0,0,0,0,0,0,0,0,0,0,0,0,1,1,1,1,1,1,1
"1462","chenop_album.N20B","N20B","chenop_album",0,0,0,0,0,0,0,0,0,0,0,0,0,0,0,0,0,0,0,0,0,0,0,0,1,0,0,1,0,0,0
"1463","cuscut_indec.N20B","N20B","cuscut_indec",0,0,0,0,0,0,0,0,0,0,0,0,0,0,0,0,0,0,0,0,0,0,0,0,2.5,1,0,0,0,0,1
"1464","leucos_multi.N20B","N20B","leucos_multi",0,0,0,0,0,0,0,0,0,0,0,0,0,0,0,0,0,0,0,0,0,0,0,0,1,0,0,1,0,1,1
"1465","ophiog_vulga.N20B","N20B","ophiog_vulga",0,0,0,0,0,0,0,0,0,0,0,0,0,0,0,0,0,0,0,0,0,0,0,0,1,1,1,0,1,2,1
"1466","physal_longi.N20B","N20B","physal_longi",0,0,0,0,0,0,0,0,0,0,0,0,0,0,0,0,0,0,0,0,0,0,0,0,1,0,0,0,0,0,0
"1467","rubus_occid.N20B","N20B","rubus_occid",0,0,0,0,0,0,0,0,0,0,0,0,0,0,0,0,0,0,0,0,0,0,0,0,1,1,1,1,1.5,2,1.5
"1468","celtis_occid.N4A","N4A","celtis_occid",0,0,0,0,0,0,0,0,0,0,0,0,0,0,0,0,0,0,0,0,0,0,0,0,1,1,1,1,0,1,0
"1469","erecht_hiera.N4A","N4A","erecht_hiera",0,0,0,0,0,0,0,0,0,0,0,0,0,0,0,0,0,0,0,0,0,0,0,0,1,0,0,1,0,0,0
"1470","euphor_denta.N4A","N4A","euphor_denta",0,0,0,0,0,0,0,0,0,0,0,0,0,0,0,0,0,0,0,0,0,0,0,0,1,1,0,0,1,1,0
"1471","euphor_macul.N4A","N4A","euphor_macul",0,0,0,0,0,0,0,0,0,0,0,0,0,0,0,0,0,0,0,0,0,0,0,0,1,0,1,1,1,1,1
"1472","oenoth_villo.N4A","N4A","oenoth_villo",0,0,0,0,0,0,0,0,0,0,0,0,0,0,0,0,0,0,0,0,0,0,0,0,1,1,1,0,1,1,1
"1473","pyrus_calle.N4A","N4A","pyrus_calle",0,0,0,0,0,0,0,0,0,0,0,0,0,0,0,0,0,0,0,0,0,0,0,0,1,0,1,0,1,1,1
"1474","sanicu_canad.N4A","N4A","sanicu_canad",0,0,0,0,0,0,0,0,0,0,0,0,0,0,0,0,0,0,0,0,0,0,0,0,1,0,0,1,1,1,1
"1475","verbas_blatt.N4A","N4A","verbas_blatt",0,0,0,0,0,0,0,0,0,0,0,0,0,0,0,0,0,0,0,0,0,0,0,0,1,0,0,0,0,0,0
"1476","carex_grise.N4D","N4D","carex_grise",0,0,0,0,0,0,0,0,0,0,0,0,0,0,0,0,0,0,0,0,0,0,0,0,1,1,1,1,1,1,1
"1477","commel_erect.N4D","N4D","commel_erect",0,0,0,0,0,0,0,0,0,0,0,0,0,0,0,0,0,0,0,0,0,0,0,0,1,1,0,0,0,0,0
"1478","sanicu_canad.N4D","N4D","sanicu_canad",0,0,0,0,0,0,0,0,0,0,0,0,0,0,0,0,0,0,0,0,0,0,0,0,1,1,1,1,1,1,1
"1479","parthe_quinq.20B","20B","parthe_quinq",0,0,0,0,0,0,0,0,0,0,0,0,0,0,0,0,0,0,0,0,0,0,0,0,0,1,1,1,1,1,1
"1480","solanu_rostr.20B","20B","solanu_rostr",0,0,0,0,0,0,0,0,0,0,0,0,0,0,0,0,0,0,0,0,0,0,0,0,0,1,0,0,0,0,0
"1481","torili_arven.20B","20B","torili_arven",0,0,0,0,0,0,0,0,0,0,0,0,0,0,0,0,0,0,0,0,0,0,0,0,0,1,0,2,2,1,2
"1482","vitis_ripar.20B","20B","vitis_ripar",0,0,0,0,0,0,0,0,0,0,0,0,0,0,0,0,0,0,0,0,0,0,0,0,0,1,0,0,0,0,0
"1483","oenoth_serru.4A","4A","oenoth_serru",0,0,0,0,0,0,0,0,0,0,0,0,0,0,0,0,0,0,0,0,0,0,0,0,0,1,1,1,1,0,0
"1484","rubus_pensi.4A","4A","rubus_pensi",0,0,0,0,0,0,0,0,0,0,0,0,0,0,0,0,0,0,0,0,0,0,0,0,0,2,2,2,3,3,3
"1485","ulmus_rubra.4A","4A","ulmus_rubra",0,0,0,0,0,0,0,0,0,0,0,0,0,0,0,0,0,0,0,0,0,0,0,0,0,1,0,0,1,0,0
"1486","ambros_trifi.4B","4B","ambros_trifi",0,0,0,0,0,0,0,0,0,0,0,0,0,0,0,0,0,0,0,0,0,0,0,0,0,1,0,0,0,0,0
"1487","carex_austr.4B","4B","carex_austr",0,0,0,0,0,0,0,0,0,0,0,0,0,0,0,0,0,0,0,0,0,0,0,0,0,1,1,1,1,0,1
"1488","oenoth_villo.4B","4B","oenoth_villo",0,0,0,0,0,0,0,0,0,0,0,0,0,0,0,0,0,0,0,0,0,0,0,0,0,1,0,0,0,1,0
"1489","rubus_occid.4B","4B","rubus_occid",0,0,0,0,0,0,0,0,0,0,0,0,0,0,0,0,0,0,0,0,0,0,0,0,0,1,1,1,1,1,1
"1490","ulmus_rubra.4B","4B","ulmus_rubra",0,0,0,0,0,0,0,0,0,0,0,0,0,0,0,0,0,0,0,0,0,0,0,0,0,1,1,1,1,0,1
"1491","viola_misso.4B","4B","viola_misso",0,0,0,0,0,0,0,0,0,0,0,0,0,0,0,0,0,0,0,0,0,0,0,0,0,1,1,0,1,0,0
"1492","carex_grise.N1B","N1B","carex_grise",0,0,0,0,0,0,0,0,0,0,0,0,0,0,0,0,0,0,0,0,0,0,0,0,0,1,1,1,1,1,1
"1493","cuscut_indec.N1B","N1B","cuscut_indec",0,0,0,0,0,0,0,0,0,0,0,0,0,0,0,0,0,0,0,0,0,0,0,0,0,1,0,1,1,0,0
"1494","monole_nutta.N1B","N1B","monole_nutta",0,0,0,0,0,0,0,0,0,0,0,0,0,0,0,0,0,0,0,0,0,0,0,0,0,1,0,2,2,2,2
"1495","oenoth_villo.N1B","N1B","oenoth_villo",0,0,0,0,0,0,0,0,0,0,0,0,0,0,0,0,0,0,0,0,0,0,0,0,0,1,0,1,1,1,1
"1496","cratae_molli.N20B","N20B","cratae_molli",0,0,0,0,0,0,0,0,0,0,0,0,0,0,0,0,0,0,0,0,0,0,0,0,0,1,1,1,0,1,1
"1497","hackel_virgi.N20B","N20B","hackel_virgi",0,0,0,0,0,0,0,0,0,0,0,0,0,0,0,0,0,0,0,0,0,0,0,0,0,1,0,0,1,0,0
"1498","malvas_angus.N20B","N20B","malvas_angus",0,0,0,0,0,0,0,0,0,0,0,0,0,0,0,0,0,0,0,0,0,0,0,0,0,1,0,0,0,0,1
"1499","pseudo_obtus.N20B","N20B","pseudo_obtus",0,0,0,0,0,0,0,0,0,0,0,0,0,0,0,0,0,0,0,0,0,0,0,0,0,1,0,0,0,0,0
"1500","sanicu_canad.N20B","N20B","sanicu_canad",0,0,0,0,0,0,0,0,0,0,0,0,0,0,0,0,0,0,0,0,0,0,0,0,0,1,1,1,1,1,1
"1501","agerat_altis.N4A","N4A","agerat_altis",0,0,0,0,0,0,0,0,0,0,0,0,0,0,0,0,0,0,0,0,0,0,0,0,0,1,1,0,1,1,1
"1502","desmod_canes.N4A","N4A","desmod_canes",0,0,0,0,0,0,0,0,0,0,0,0,0,0,0,0,0,0,0,0,0,0,0,0,0,2,0,0,0,0,0
"1503","draba_brach.N4A","N4A","draba_brach",0,0,0,0,0,0,0,0,0,0,0,0,0,0,0,0,0,0,0,0,0,0,0,0,0,1,1,1,1,0,0
"1504","lepidi_virgi.N4A","N4A","lepidi_virgi",0,0,0,0,0,0,0,0,0,0,0,0,0,0,0,0,0,0,0,0,0,0,0,0,0,1,1,1,1,1,1
"1505","lesped_xmann.N4A","N4A","lesped_xmann",0,0,0,0,0,0,0,0,0,0,0,0,0,0,0,0,0,0,0,0,0,0,0,0,0,1,2,2,1,1,3
"1506","ulmus_rubra.N4A","N4A","ulmus_rubra",0,0,0,0,0,0,0,0,0,0,0,0,0,0,0,0,0,0,0,0,0,0,0,0,0,1,0,0,0,0,0
"1507","verben_urtic.N4A","N4A","verben_urtic",0,0,0,0,0,0,0,0,0,0,0,0,0,0,0,0,0,0,0,0,0,0,0,0,0,1,0,0,1,1,1
"1508","veroni_arven.N4A","N4A","veroni_arven",0,0,0,0,0,0,0,0,0,0,0,0,0,0,0,0,0,0,0,0,0,0,0,0,0,1,1,1,1,1,1
"1509","anemon_carol.N4D","N4D","anemon_carol",0,0,0,0,0,0,0,0,0,0,0,0,0,0,0,0,0,0,0,0,0,0,0,0,0,1,1,0,0,0,0
"1510","oenoth_villo.N4D","N4D","oenoth_villo",0,0,0,0,0,0,0,0,0,0,0,0,0,0,0,0,0,0,0,0,0,0,0,0,0,1,1,0,1,1,1
"1511","polygo_avicu.N4D","N4D","polygo_avicu",0,0,0,0,0,0,0,0,0,0,0,0,0,0,0,0,0,0,0,0,0,0,0,0,0,1,0,0,0,0,0
"1512","rubus_occid.N4D","N4D","rubus_occid",0,0,0,0,0,0,0,0,0,0,0,0,0,0,0,0,0,0,0,0,0,0,0,0,0,1,1,1,2,1.5,1.5
"1513","solida_canad.N4D","N4D","solida_canad",0,0,0,0,0,0,0,0,0,0,0,0,0,0,0,0,0,0,0,0,0,0,0,0,0,1.5,1.5,1,1,1.5,1
"1514","taraxa_offic.N4D","N4D","taraxa_offic",0,0,0,0,0,0,0,0,0,0,0,0,0,0,0,0,0,0,0,0,0,0,0,0,0,1,0,0,0,0,0
"1515","zantho_ameri.N4D","N4D","zantho_ameri",0,0,0,0,0,0,0,0,0,0,0,0,0,0,0,0,0,0,0,0,0,0,0,0,0,1,1,0,0,1,1
"1516","teucri_canad.1D","1D","teucri_canad",0,0,0,0,0,0,0,0,0,0,0,0,0,0,0,0,0,0,0,0,0,0,0,0,0,0,1,0,1,1,1
"1517","desmod_perpl.20B","20B","desmod_perpl",0,0,0,0,0,0,0,0,0,0,0,0,0,0,0,0,0,0,0,0,0,0,0,0,0,0,1,2,2,2,2
"1518","lonice_maack.20B","20B","lonice_maack",0,0,0,0,0,0,0,0,0,0,0,0,0,0,0,0,0,0,0,0,0,0,0,0,0,0,1,1,1.5,1.5,1
"1519","pyrus_calle.20B","20B","pyrus_calle",0,0,0,0,0,0,0,0,0,0,0,0,0,0,0,0,0,0,0,0,0,0,0,0,0,0,1,1,1,1,2
"1520","sanicu_canad.20B","20B","sanicu_canad",0,0,0,0,0,0,0,0,0,0,0,0,0,0,0,0,0,0,0,0,0,0,0,0,0,0,1,0,1,1,1
"1521","cyperu_xmeso.N1B","N1B","cyperu_xmeso",0,0,0,0,0,0,0,0,0,0,0,0,0,0,0,0,0,0,0,0,0,0,0,0,0,0,1,1,0,0,0
"1522","mirabi_albid.N1B","N1B","mirabi_albid",0,0,0,0,0,0,0,0,0,0,0,0,0,0,0,0,0,0,0,0,0,0,0,0,0,0,1,0,0,0,1
"1523","pediom_tenui.N1B","N1B","pediom_tenui",0,0,0,0,0,0,0,0,0,0,0,0,0,0,0,0,0,0,0,0,0,0,0,0,0,0,1,1,1,0,1
"1524","physal_virgi.N1B","N1B","physal_virgi",0,0,0,0,0,0,0,0,0,0,0,0,0,0,0,0,0,0,0,0,0,0,0,0,0,0,1,1,1,1,1
"1525","setari_virid.N1B","N1B","setari_virid",0,0,0,0,0,0,0,0,0,0,0,0,0,0,0,0,0,0,0,0,0,0,0,0,0,0,1,1,1,1,1
"1526","celast_scand.N20B","N20B","celast_scand",0,0,0,0,0,0,0,0,0,0,0,0,0,0,0,0,0,0,0,0,0,0,0,0,0,0,2,1.5,1.5,2,2
"1527","cyperu_xmeso.N20B","N20B","cyperu_xmeso",0,0,0,0,0,0,0,0,0,0,0,0,0,0,0,0,0,0,0,0,0,0,0,0,0,0,1,1,1,1,0
"1528","lesped_cunea.N20B","N20B","lesped_cunea",0,0,0,0,0,0,0,0,0,0,0,0,0,0,0,0,0,0,0,0,0,0,0,0,0,0,1,0,1,0,0
"1529","pediom_tenui.N20B","N20B","pediom_tenui",0,0,0,0,0,0,0,0,0,0,0,0,0,0,0,0,0,0,0,0,0,0,0,0,0,0,1,1,1,1,1
"1530","callir_invol.N4A","N4A","callir_invol",0,0,0,0,0,0,0,0,0,0,0,0,0,0,0,0,0,0,0,0,0,0,0,0,0,0,1,0,1,1,1
"1531","carex_bickn.N4A","N4A","carex_bickn",0,0,0,0,0,0,0,0,0,0,0,0,0,0,0,0,0,0,0,0,0,0,0,0,0,0,1,1,1,1,1
"1532","planta_arist.N4A","N4A","planta_arist",0,0,0,0,0,0,0,0,0,0,0,0,0,0,0,0,0,0,0,0,0,0,0,0,0,0,1,0,0,0,0
"1533","setari_virid.N4A","N4A","setari_virid",0,0,0,0,0,0,0,0,0,0,0,0,0,0,0,0,0,0,0,0,0,0,0,0,0,0,1,1,1,1,0
"1534","astrag_lotif.N4D","N4D","astrag_lotif",0,0,0,0,0,0,0,0,0,0,0,0,0,0,0,0,0,0,0,0,0,0,0,0,0,0,1,1,1,0,0
"1535","lesped_cunea.N4D","N4D","lesped_cunea",0,0,0,0,0,0,0,0,0,0,0,0,0,0,0,0,0,0,0,0,0,0,0,0,0,0,1,0,0,0,0
"1536","pseudo_obtus.N4D","N4D","pseudo_obtus",0,0,0,0,0,0,0,0,0,0,0,0,0,0,0,0,0,0,0,0,0,0,0,0,0,0,1,0,1,0,1
"1537","setari_virid.N4D","N4D","setari_virid",0,0,0,0,0,0,0,0,0,0,0,0,0,0,0,0,0,0,0,0,0,0,0,0,0,0,1,0,0,1,0
"1538","carex_austr.20B","20B","carex_austr",0,0,0,0,0,0,0,0,0,0,0,0,0,0,0,0,0,0,0,0,0,0,0,0,0,0,0,1,1,1,1
"1539","tragia_ramos.4A","4A","tragia_ramos",0,0,0,0,0,0,0,0,0,0,0,0,0,0,0,0,0,0,0,0,0,0,0,0,0,0,0,1,0,0,1
"1540","elymus_virgi.4B","4B","elymus_virgi",0,0,0,0,0,0,0,0,0,0,0,0,0,0,0,0,0,0,0,0,0,0,0,0,0,0,0,1,0,0,0
"1541","parthe_quinq.4B","4B","parthe_quinq",0,0,0,0,0,0,0,0,0,0,0,0,0,0,0,0,0,0,0,0,0,0,0,0,0,0,0,1,0,0,1
"1542","lepidi_virgi.N1B","N1B","lepidi_virgi",0,0,0,0,0,0,0,0,0,0,0,0,0,0,0,0,0,0,0,0,0,0,0,0,0,0,0,1,0,0,0
"1543","euphor_prost.N20B","N20B","euphor_prost",0,0,0,0,0,0,0,0,0,0,0,0,0,0,0,0,0,0,0,0,0,0,0,0,0,0,0,1,0,0,0
"1544","helian_pauci.N20B","N20B","helian_pauci",0,0,0,0,0,0,0,0,0,0,0,0,0,0,0,0,0,0,0,0,0,0,0,0,0,0,0,1,1,2,2
"1545","paspal_setac.N20B","N20B","paspal_setac",0,0,0,0,0,0,0,0,0,0,0,0,0,0,0,0,0,0,0,0,0,0,0,0,0,0,0,1,1,1,1
"1546","agalin_densi.N4A","N4A","agalin_densi",0,0,0,0,0,0,0,0,0,0,0,0,0,0,0,0,0,0,0,0,0,0,0,0,0,0,0,1,0,0,0
"1547","carex_grise.N4A","N4A","carex_grise",0,0,0,0,0,0,0,0,0,0,0,0,0,0,0,0,0,0,0,0,0,0,0,0,0,0,0,1,1,1,1
"1548","heliop_helia.N4A","N4A","heliop_helia",0,0,0,0,0,0,0,0,0,0,0,0,0,0,0,0,0,0,0,0,0,0,0,0,0,0,0,1,1,1,1
"1549","polygo_ramos.N4A","N4A","polygo_ramos",0,0,0,0,0,0,0,0,0,0,0,0,0,0,0,0,0,0,0,0,0,0,0,0,0,0,0,1,0,0,0
"1550","ulmus_ameri.N4A","N4A","ulmus_ameri",0,0,0,0,0,0,0,0,0,0,0,0,0,0,0,0,0,0,0,0,0,0,0,0,0,0,0,1,1,1,1
"1551","draba_brach.N4D","N4D","draba_brach",0,0,0,0,0,0,0,0,0,0,0,0,0,0,0,0,0,0,0,0,0,0,0,0,0,0,0,1,0,0,0
"1552","persic_hydro.20B","20B","persic_hydro",0,0,0,0,0,0,0,0,0,0,0,0,0,0,0,0,0,0,0,0,0,0,0,0,0,0,0,0,1,1,1
"1553","phryma_lepto.20B","20B","phryma_lepto",0,0,0,0,0,0,0,0,0,0,0,0,0,0,0,0,0,0,0,0,0,0,0,0,0,0,0,0,1,1,1
"1554","solida_canad.20B","20B","solida_canad",0,0,0,0,0,0,0,0,0,0,0,0,0,0,0,0,0,0,0,0,0,0,0,0,0,0,0,0,1,2,2
"1555","oenoth_villo.4A","4A","oenoth_villo",0,0,0,0,0,0,0,0,0,0,0,0,0,0,0,0,0,0,0,0,0,0,0,0,0,0,0,0,1,0,0
"1556","hackel_virgi.4B","4B","hackel_virgi",0,0,0,0,0,0,0,0,0,0,0,0,0,0,0,0,0,0,0,0,0,0,0,0,0,0,0,0,3,0,0
"1557","pariet_pensy.4B","4B","pariet_pensy",0,0,0,0,0,0,0,0,0,0,0,0,0,0,0,0,0,0,0,0,0,0,0,0,0,0,0,0,1,1,0
"1558","buglos_arven.N1B","N1B","buglos_arven",0,0,0,0,0,0,0,0,0,0,0,0,0,0,0,0,0,0,0,0,0,0,0,0,0,0,0,0,1,0,0
"1559","capsel_bursa.N1B","N1B","capsel_bursa",0,0,0,0,0,0,0,0,0,0,0,0,0,0,0,0,0,0,0,0,0,0,0,0,0,0,0,0,1,0,0
"1560","cynanc_laeve.N1B","N1B","cynanc_laeve",0,0,0,0,0,0,0,0,0,0,0,0,0,0,0,0,0,0,0,0,0,0,0,0,0,0,0,0,1,0,0
"1561","desmod_perpl.N1B","N1B","desmod_perpl",0,0,0,0,0,0,0,0,0,0,0,0,0,0,0,0,0,0,0,0,0,0,0,0,0,0,0,0,1,2,1.5
"1562","draba_brach.N1B","N1B","draba_brach",0,0,0,0,0,0,0,0,0,0,0,0,0,0,0,0,0,0,0,0,0,0,0,0,0,0,0,0,1,0,0
"1563","dyssod_pappo.N1B","N1B","dyssod_pappo",0,0,0,0,0,0,0,0,0,0,0,0,0,0,0,0,0,0,0,0,0,0,0,0,0,0,0,0,1,0,0
"1564","helian_tuber.N20B","N20B","helian_tuber",0,0,0,0,0,0,0,0,0,0,0,0,0,0,0,0,0,0,0,0,0,0,0,0,0,0,0,0,2,2,3
"1565","oenoth_villo.N20B","N20B","oenoth_villo",0,0,0,0,0,0,0,0,0,0,0,0,0,0,0,0,0,0,0,0,0,0,0,0,0,0,0,0,1,1,1
"1566","polygo_avicu.N20B","N20B","polygo_avicu",0,0,0,0,0,0,0,0,0,0,0,0,0,0,0,0,0,0,0,0,0,0,0,0,0,0,0,0,1,1,1
"1567","capsel_bursa.N4A","N4A","capsel_bursa",0,0,0,0,0,0,0,0,0,0,0,0,0,0,0,0,0,0,0,0,0,0,0,0,0,0,0,0,1,0,0
"1568","chenop_album.N4A","N4A","chenop_album",0,0,0,0,0,0,0,0,0,0,0,0,0,0,0,0,0,0,0,0,0,0,0,0,0,0,0,0,1,0,0
"1569","digita_sangu.N4A","N4A","digita_sangu",0,0,0,0,0,0,0,0,0,0,0,0,0,0,0,0,0,0,0,0,0,0,0,0,0,0,0,0,1,0,2
"1570","euphor_cyath.N4A","N4A","euphor_cyath",0,0,0,0,0,0,0,0,0,0,0,0,0,0,0,0,0,0,0,0,0,0,0,0,0,0,0,0,1,0,0
"1571","paspal_setac.N4A","N4A","paspal_setac",0,0,0,0,0,0,0,0,0,0,0,0,0,0,0,0,0,0,0,0,0,0,0,0,0,0,0,0,1,1,1
"1572","physal_heter.N4A","N4A","physal_heter",0,0,0,0,0,0,0,0,0,0,0,0,0,0,0,0,0,0,0,0,0,0,0,0,0,0,0,0,1,0,1
"1573","hackel_virgi.N4D","N4D","hackel_virgi",0,0,0,0,0,0,0,0,0,0,0,0,0,0,0,0,0,0,0,0,0,0,0,0,0,0,0,0,1,1,1
"1574","lonice_maack.N4D","N4D","lonice_maack",0,0,0,0,0,0,0,0,0,0,0,0,0,0,0,0,0,0,0,0,0,0,0,0,0,0,0,0,1,1,1
"1575","bidens_frond.20B","20B","bidens_frond",0,0,0,0,0,0,0,0,0,0,0,0,0,0,0,0,0,0,0,0,0,0,0,0,0,0,0,0,0,1,1
"1576","morus_alba.20B","20B","morus_alba",0,0,0,0,0,0,0,0,0,0,0,0,0,0,0,0,0,0,0,0,0,0,0,0,0,0,0,0,0,1,1
"1577","muhlen_frond.20B","20B","muhlen_frond",0,0,0,0,0,0,0,0,0,0,0,0,0,0,0,0,0,0,0,0,0,0,0,0,0,0,0,0,0,1,1
"1578","zantho_ameri.20B","20B","zantho_ameri",0,0,0,0,0,0,0,0,0,0,0,0,0,0,0,0,0,0,0,0,0,0,0,0,0,0,0,0,0,1,1
"1579","galium_circa.4A","4A","galium_circa",0,0,0,0,0,0,0,0,0,0,0,0,0,0,0,0,0,0,0,0,0,0,0,0,0,0,0,0,0,1,0
"1580","gerani_carol.4A","4A","gerani_carol",0,0,0,0,0,0,0,0,0,0,0,0,0,0,0,0,0,0,0,0,0,0,0,0,0,0,0,0,0,1,0
"1581","helian_annuu.4A","4A","helian_annuu",0,0,0,0,0,0,0,0,0,0,0,0,0,0,0,0,0,0,0,0,0,0,0,0,0,0,0,0,0,1,0
"1582","lesped_viola.4A","4A","lesped_viola",0,0,0,0,0,0,0,0,0,0,0,0,0,0,0,0,0,0,0,0,0,0,0,0,0,0,0,0,0,1,1
"1583","physal_misso.4A","4A","physal_misso",0,0,0,0,0,0,0,0,0,0,0,0,0,0,0,0,0,0,0,0,0,0,0,0,0,0,0,0,0,1,0
"1584","rubus_occid.4A","4A","rubus_occid",0,0,0,0,0,0,0,0,0,0,0,0,0,0,0,0,0,0,0,0,0,0,0,0,0,0,0,0,0,1,1
"1585","chenop_stand.4B","4B","chenop_stand",0,0,0,0,0,0,0,0,0,0,0,0,0,0,0,0,0,0,0,0,0,0,0,0,0,0,0,0,0,1,0
"1586","junipe_virgi.4B","4B","junipe_virgi",0,0,0,0,0,0,0,0,0,0,0,0,0,0,0,0,0,0,0,0,0,0,0,0,0,0,0,0,0,1,0
"1587","physal_misso.4B","4B","physal_misso",0,0,0,0,0,0,0,0,0,0,0,0,0,0,0,0,0,0,0,0,0,0,0,0,0,0,0,0,0,1,0
"1588","sanicu_canad.4B","4B","sanicu_canad",0,0,0,0,0,0,0,0,0,0,0,0,0,0,0,0,0,0,0,0,0,0,0,0,0,0,0,0,0,1,1
"1589","tragia_ramos.4B","4B","tragia_ramos",0,0,0,0,0,0,0,0,0,0,0,0,0,0,0,0,0,0,0,0,0,0,0,0,0,0,0,0,0,1,1
"1590","zantho_ameri.4B","4B","zantho_ameri",0,0,0,0,0,0,0,0,0,0,0,0,0,0,0,0,0,0,0,0,0,0,0,0,0,0,0,0,0,1,1
"1591","agerat_altis.N1B","N1B","agerat_altis",0,0,0,0,0,0,0,0,0,0,0,0,0,0,0,0,0,0,0,0,0,0,0,0,0,0,0,0,0,1,1
"1592","ophiog_vulga.N1B","N1B","ophiog_vulga",0,0,0,0,0,0,0,0,0,0,0,0,0,0,0,0,0,0,0,0,0,0,0,0,0,0,0,0,0,1,0
"1593","eragro_cilia.N20B","N20B","eragro_cilia",0,0,0,0,0,0,0,0,0,0,0,0,0,0,0,0,0,0,0,0,0,0,0,0,0,0,0,0,0,1,0
"1594","erecht_hiera.N20B","N20B","erecht_hiera",0,0,0,0,0,0,0,0,0,0,0,0,0,0,0,0,0,0,0,0,0,0,0,0,0,0,0,0,0,1,0
"1595","leersi_virgi.N20B","N20B","leersi_virgi",0,0,0,0,0,0,0,0,0,0,0,0,0,0,0,0,0,0,0,0,0,0,0,0,0,0,0,0,0,1,1
"1596","parthe_quinq.N20B","N20B","parthe_quinq",0,0,0,0,0,0,0,0,0,0,0,0,0,0,0,0,0,0,0,0,0,0,0,0,0,0,0,0,0,1,1
"1597","quercu_muehl.N20B","N20B","quercu_muehl",0,0,0,0,0,0,0,0,0,0,0,0,0,0,0,0,0,0,0,0,0,0,0,0,0,0,0,0,0,1,1
"1598","taraxa_eryth.N20B","N20B","taraxa_eryth",0,0,0,0,0,0,0,0,0,0,0,0,0,0,0,0,0,0,0,0,0,0,0,0,0,0,0,0,0,1,1
"1599","verbas_blatt.N20B","N20B","verbas_blatt",0,0,0,0,0,0,0,0,0,0,0,0,0,0,0,0,0,0,0,0,0,0,0,0,0,0,0,0,0,1,0
"1600","leersi_virgi.N4A","N4A","leersi_virgi",0,0,0,0,0,0,0,0,0,0,0,0,0,0,0,0,0,0,0,0,0,0,0,0,0,0,0,0,0,2,1
"1601","rubus_occid.N4A","N4A","rubus_occid",0,0,0,0,0,0,0,0,0,0,0,0,0,0,0,0,0,0,0,0,0,0,0,0,0,0,0,0,0,1,1.5
"1602","torili_arven.N4A","N4A","torili_arven",0,0,0,0,0,0,0,0,0,0,0,0,0,0,0,0,0,0,0,0,0,0,0,0,0,0,0,0,0,1,0
"1603","digita_sangu.N4D","N4D","digita_sangu",0,0,0,0,0,0,0,0,0,0,0,0,0,0,0,0,0,0,0,0,0,0,0,0,0,0,0,0,0,1,0
"1604","rubus_flage.N4D","N4D","rubus_flage",0,0,0,0,0,0,0,0,0,0,0,0,0,0,0,0,0,0,0,0,0,0,0,0,0,0,0,0,0,2,2
"1605","botryc_virgi.20B","20B","botryc_virgi",0,0,0,0,0,0,0,0,0,0,0,0,0,0,0,0,0,0,0,0,0,0,0,0,0,0,0,0,0,0,1
"1606","celast_scand.20B","20B","celast_scand",0,0,0,0,0,0,0,0,0,0,0,0,0,0,0,0,0,0,0,0,0,0,0,0,0,0,0,0,0,0,1
"1607","malus_bacca.20B","20B","malus_bacca",0,0,0,0,0,0,0,0,0,0,0,0,0,0,0,0,0,0,0,0,0,0,0,0,0,0,0,0,0,0,1
"1608","physal_longi.20B","20B","physal_longi",0,0,0,0,0,0,0,0,0,0,0,0,0,0,0,0,0,0,0,0,0,0,0,0,0,0,0,0,0,0,1
"1609","verbas_blatt.4A","4A","verbas_blatt",0,0,0,0,0,0,0,0,0,0,0,0,0,0,0,0,0,0,0,0,0,0,0,0,0,0,0,0,0,0,1
"1610","verben_urtic.4A","4A","verben_urtic",0,0,0,0,0,0,0,0,0,0,0,0,0,0,0,0,0,0,0,0,0,0,0,0,0,0,0,0,0,0,1
"1611","leersi_virgi.4B","4B","leersi_virgi",0,0,0,0,0,0,0,0,0,0,0,0,0,0,0,0,0,0,0,0,0,0,0,0,0,0,0,0,0,0,1
"1612","elymus_virgi.N1B","N1B","elymus_virgi",0,0,0,0,0,0,0,0,0,0,0,0,0,0,0,0,0,0,0,0,0,0,0,0,0,0,0,0,0,0,1
"1613","helian_pauci.N1B","N1B","helian_pauci",0,0,0,0,0,0,0,0,0,0,0,0,0,0,0,0,0,0,0,0,0,0,0,0,0,0,0,0,0,0,1
"1614","lithos_occid.N1B","N1B","lithos_occid",0,0,0,0,0,0,0,0,0,0,0,0,0,0,0,0,0,0,0,0,0,0,0,0,0,0,0,0,0,0,1
"1615","symphy_pilos.N1B","N1B","symphy_pilos",0,0,0,0,0,0,0,0,0,0,0,0,0,0,0,0,0,0,0,0,0,0,0,0,0,0,0,0,0,0,1
"1616","cuscut_indec.N4D","N4D","cuscut_indec",0,0,0,0,0,0,0,0,0,0,0,0,0,0,0,0,0,0,0,0,0,0,0,0,0,0,0,0,0,0,1
