"","Species","Watershed_name","slope","psuedo_pval","pseudo_rsq"
"1","acalyp_virgi","20B",-0.0602076719846992,0.170856922681151,0.0353579508285239
"2","acalyp_virgi","4A",0.130574139160821,0.00941018131541282,0.177861376121061
"3","acalyp_virgi","4B",0.0405856963733216,0.343109701538872,0.0190986274477674
"4","acalyp_virgi","N1B",0.204956622431374,0.011207399478302,0.315866591854651
"5","acalyp_virgi","N20B",0.0835787051267632,0.113919935486731,0.0716720331458219
"6","acalyp_virgi","N4A",0.0124104600802522,0.76438329965166,0.0016886298384392
"7","acalyp_virgi","N4D",0.139940835031065,0.0163282324529472,0.200106629940164
"8","achill_mille","1D",-0.210017510168655,0.00295548900320353,0.359201455330881
"9","achill_mille","20B",-0.317917333787374,0.0262758374124383,0.45046349943548
"10","achill_mille","4A",-0.520401538723316,0.164369039676673,0.466328716944787
"11","achill_mille","4B",-0.0989213295584335,0.319792190304781,0.0810756162007856
"12","achill_mille","N1B",-0.310079181687168,0.320928595570607,0.28156963794853
"13","achill_mille","N20B",-0.162974344717585,0.0238529566294965,0.230085220013138
"14","achill_mille","N4A",-0.310079181687168,0.320928595570607,0.28156963794853
"15","achill_mille","N4D",-0.363790390271776,0.289948306488577,0.331470856352133
"16","agalin_asper","N1B",-27.8064015010948,0.985004138498385,0.999999584267422
"17","agalin_asper","N20B",-0.00230418729424559,0.957491688822929,7.20677696204319e-05
"18","agalin_asper","N4A",-0.0327961008068355,0.637081253252147,0.0115559812183289
"19","agalin_asper","N4D",-0.0955337492295925,0.0345619545806704,0.0862999787343632
"20","agalin_densi","N4A",0.31025471163161,0.320910495397927,0.281562877898131
"21","agerat_altis","20B",0.842329889994222,0.0116898297782537,0.728307634803053
"22","agerat_altis","4A",0.888482970854526,0.00888937822797975,0.741194557766552
"23","agerat_altis","4B",0.294434797974536,3.9520860559028e-05,0.365550820754258
"24","agerat_altis","N1B",24.2994995224321,0.968473064941718,0.999998573183945
"25","agerat_altis","N20B",0.662120134752082,0.0168705958325885,0.683330341923716
"26","agerat_altis","N4A",0.899564483445322,0.0704566199837564,0.738736955042618
"27","agerat_altis","N4D",0.210344071286614,0.0110508591510035,0.263554766131408
"28","agrost_hyema","1D",-0.187562560531248,0.345786601996916,0.1730426931129
"29","agrost_hyema","20B",0.0597919357184276,0.248898024370535,0.0326705635515567
"30","agrost_hyema","4A",0.0183908283972363,0.658598144004675,0.00321620465230832
"31","agrost_hyema","4B",-0.145831499691241,0.220910964506791,0.146301242495245
"32","agrost_hyema","N1B",-0.0194653061282773,0.64510504608143,0.00529757122437979
"33","agrost_hyema","N20B",-0.027098060714669,0.624909570675781,0.00885876633628846
"34","agrost_hyema","N4A",0.0223357671493379,0.750246742737582,0.00534710762630453
"35","agrost_hyema","N4D",0.0179644312488127,0.743778820321919,0.00392622320972813
"36","allium_canad","4A",-0.126749501070054,0.412386177695938,0.103048957018495
"37","allium_stell","20B",-0.182578308042699,0.0422957025715029,0.24501175932002
"38","allium_stell","N20B",-0.84208058452167,0.325871272582366,0.503220411567746
"39","allium_stell","N4A",-0.169108348604943,0.031704167938843,0.232726084361905
"40","allium_stell","N4D",0.1229701433464,0.0474542343032702,0.15291236856829
"41","ambros_artem","1D",0.039688041705127,0.736185477464709,0.0133146057779515
"42","ambros_artem","20B",-0.0550399230622266,0.183229721264627,0.0315795429049881
"43","ambros_artem","4A",0.169161654312443,0.00439826974658253,0.200514965140528
"44","ambros_artem","4B",0.0156983044950005,0.6908022193486,0.00255998469720076
"45","ambros_artem","N1B",0.149200730132081,0.00642563252689876,0.1967083775211
"46","ambros_artem","N20B",-0.0529578837930932,0.301239471471319,0.0225213887043515
"47","ambros_artem","N4A",0.0142711934808039,0.76097878047329,0.00195051382480005
"48","ambros_artem","N4D",0.0857695835560027,0.0672350712046956,0.0734947571871251
"49","ambros_psilo","1D",0.0916215501155761,0.112137909476441,0.0811397439585911
"50","ambros_psilo","20B",-0.0620768779433931,0.156395422196591,0.0545340341390501
"51","ambros_psilo","4A",-0.0288555388923515,0.488820464282183,0.0102822497914198
"52","ambros_psilo","4B",-0.0706544632710816,0.107973165857983,0.0659406277288733
"53","ambros_psilo","N1B",-0.0645011066469,0.10141727861264,0.0355982032356513
"54","ambros_psilo","N20B",-0.0403078843548897,0.344336440284963,0.0145190557107254
"55","ambros_psilo","N4A",-0.0555100499294674,0.163255546895165,0.0274247672432986
"56","ambros_psilo","N4D",0.0270829440887463,0.516026219816959,0.00812353149317924
"57","ambros_trifi","4B",0.187541101265063,0.345801400386652,0.173042691800119
"58","amorph_canes","1D",472.993888355,0,1
"59","amorph_canes","20B",-0.0388162045362961,0.737639100188864,0.0132765235086705
"60","amorph_canes","4A",-0.03966996207629,0.736284974567111,0.0133416027841485
"61","amorph_canes","4B",-0.0558949179958289,0.522790125558092,0.0294654982312961
"62","amorph_canes","N1B",-0.0370040610448662,0.503931954302664,0.0169774498686796
"63","amorph_canes","N20B",-0.122587317543205,0.0627290551212905,0.147277359406918
"64","amorph_canes","N4A",-0.104744591143133,0.460653685314248,0.0768704865869774
"65","amorph_canes","N4D",466.993965881155,0,1
"66","androp_gerar","1D",0.209543289698283,0.00274636843570897,0.294472862223766
"67","androp_gerar","20B",-0.225152761271749,0.00892963650968648,0.318521842452076
"68","androp_gerar","4A",0.0836471967644647,0.175311089471585,0.0801279360189154
"69","androp_gerar","4B",-0.469018329200688,0.0159517237299449,0.620326189636197
"70","androp_gerar","N1B",-0.16750571613891,0.00862947779713807,0.270646818609421
"71","androp_gerar","N20B",-0.189615146381711,0.00280221955926963,0.210375328549094
"72","androp_gerar","N4A",-0.157227138745395,0.0015790282825574,0.178246857051718
"73","androp_gerar","N4D",-0.184505808291995,0.00245645883287859,0.282272611787418
"74","andros_occid","4B",-27.8064015010948,0.985004138498385,0.999999584267422
"75","andros_occid","N1B",0.175899604747758,0.0146664641813314,0.262235008386383
"76","andros_occid","N20B",-0.300006566583927,0.0888634599249627,0.355765465138805
"77","andros_occid","N4A",-0.0155503371138283,0.760775521362514,0.00305792337592747
"78","andros_occid","N4D",0.0919707501167739,0.192207319702133,0.0839106389325899
"79","anemon_carol","N4D",0.222386666811764,0.171286838026912,0.243433805199806
"80","antenn_negle","1D",-1.7444597588078,0.0937187371066854,0.850856736007487
"81","antenn_negle","20B",-0.165916846777805,0.00599518805990074,0.187541198883237
"82","antenn_negle","4A",-0.140956491547336,0.0623698700453901,0.146205961623228
"83","antenn_negle","4B",-1.14442216022392,0.0498883350945594,0.769290130322358
"84","antenn_negle","N1B",0.048716355709111,0.258349208128289,0.0355763011123725
"85","antenn_negle","N20B",0.0085186419693809,0.864699577541344,0.000999724021346737
"86","antenn_negle","N4A",-0.487944733861501,0.165921350313288,0.476066662018235
"87","antenn_negle","N4D",0.140767619192451,0.0706012798199684,0.136696379519839
"88","apocyn_canna","1D",-0.0353293405293808,0.447747718117309,0.0131226048577576
"89","apocyn_canna","20B",-0.413451992241105,0.000322502254543888,0.527674331173613
"90","apocyn_canna","4A",-0.050319163921535,0.244898923058369,0.0254275307734736
"91","apocyn_canna","N1B",0.51492198364506,0.093675014346793,0.513143760500002
"92","apocyn_canna","N20B",0.0902720853922656,0.0554929938983277,0.0783837836706296
"93","apocyn_canna","N4A",0.039688041705127,0.736185477464709,0.0133146057779515
"94","apocyn_canna","N4D",0.22754260183375,0.00190300843413871,0.351853928055761
"95","arenar_serpy","N4D",0.289251236831997,0.162622720226662,0.31167103076756
"96","argemo_polya","20B",-0.256499005060038,0.0536785244574294,0.326573610902846
"97","argemo_polya","4A",-0.0993585194803453,0.317995295416536,0.068780353951309
"98","argemo_polya","4B",-0.842349981107377,0.325841961927475,0.503225927251247
"99","argemo_polya","N1B",-27.8064015010948,0.985004138498385,0.999999584267422
"100","argemo_polya","N20B",0.0748659502422653,0.18547508768636,0.0640063532711066
"101","argemo_polya","N4D",0.00718125738027187,0.904673935224853,0.000602185716207848
"102","aristi_oliga","4A",0.0165450453049753,0.737836279324462,0.00266679936898229
"103","aristi_oliga","N4A",8.25963963196021e-07,0.999990296651275,-1.19677601162493e-11
"104","arnogl_plant","1D",-0.0327034363418524,0.424565994277057,0.0151346140891759
"105","arnogl_plant","20B",-0.603298253904796,0.0821719848996938,0.486451293723418
"106","arnogl_plant","4A",-0.0622392297472429,0.15842348684476,0.0514495020496859
"107","arnogl_plant","N20B",0.228102226442189,0.0947082640457042,0.276325126473647
"108","artemi_ludov","1D",467.000541276816,0,1
"109","artemi_ludov","20B",0.0166100931470998,0.80441628324082,0.00263467400841577
"110","artemi_ludov","4A",-0.00596267081199263,0.913095693528566,0.000445867167240932
"111","artemi_ludov","4B",0.0273569190440038,0.521813442455161,0.010561897210465
"112","artemi_ludov","N1B",0.0718036194536655,0.103432716148651,0.0699123358917287
"113","artemi_ludov","N20B",-0.180951090003831,0.018015002783605,0.227207263616932
"114","artemi_ludov","N4A",-0.0489345962337922,0.264126840849178,0.0322990696045747
"115","artemi_ludov","N4D",1.76496529397194,NA,-9.22122446616007
"116","asclep_steno","1D",496.000574889292,0,1
"117","asclep_steno","20B",-0.0337483298236445,0.455258242698033,0.0152505329372402
"118","asclep_steno","4A",0.0746404093632059,0.326817101463865,0.0546446873298836
"119","asclep_steno","4B",0.310263427076581,0.320861649034635,0.28156287775155
"120","asclep_steno","N1B",-0.0163338013035664,0.687059587243048,0.00382049688018582
"121","asclep_steno","N20B",-0.0070487782602337,0.866745075045407,0.000699094584520221
"122","asclep_steno","N4A",0.132395916718458,0.240697295490467,0.127558333184283
"123","asclep_steno","N4D",0.0370838474695128,0.38025356155954,0.0150930326776597
"124","asclep_sulli","20B",-0.0400337488962842,0.419080881057193,0.0203366015415137
"125","asclep_sulli","4A",25.9648983295754,0.985309921251902,0.999999492267286
"126","asclep_sulli","N20B",-0.0859928787246909,0.517629180298914,0.055357048421829
"127","asclep_syria","1D",0.00628707899932888,0.87706265146225,0.000484415160335705
"128","asclep_syria","20B",-0.382021893817408,0.00240210146404674,0.507176385982957
"129","asclep_syria","4A",-0.139386525552649,0.00311658363350054,0.171515643968887
"130","asclep_syria","4B",-0.508872471658147,0.00175437233217268,0.56228215628595
"131","asclep_syria","N1B",-0.114045138961327,0.0203932662688247,0.115853806894863
"132","asclep_syria","N20B",-0.151947707252158,0.025862752796904,0.163641973177809
"133","asclep_syria","N4A",-0.129900994610803,0.158660381564005,0.136233844667155
"134","asclep_syria","N4D",-0.118763616677273,0.0242002430030694,0.157937063555725
"135","asclep_tuber","1D",0.730401263044513,0.0457504605554904,0.711375698184207
"136","asclep_tuber","20B",-0.339437742622205,0.161472196632101,0.353881821775376
"137","asclep_tuber","4A",-0.137213092436531,0.145109475334511,0.151949005169144
"138","asclep_tuber","4B",-0.284419377575691,0.0104922863471999,0.343720545308325
"139","asclep_tuber","N1B",-0.0865162131347149,0.0764227698116435,0.0900308996699851
"140","asclep_tuber","N20B",-0.165812969469288,0.0105417273488173,0.262198893816847
"141","asclep_tuber","N4A",0.228941794900453,0.00540537729642865,0.374918266406352
"142","asclep_tuber","N4D",0.0886465338734734,0.0556356965311644,0.0834892520025221
"143","asclep_verti","1D",-5.81651631992838,1.55431223447522e-15,0.985365586853979
"144","asclep_verti","20B",496.000574889292,0,1
"145","asclep_verti","4A",-6.8278774674989,0.391856626615486,0.990946547777539
"146","asclep_verti","4B",-0.264233799092636,0.00133076330071957,0.406642194580928
"147","asclep_verti","N1B",-7.6270839233982,0,0.994926852786853
"148","asclep_verti","N20B",-5.18339576238521,0.316174722756893,0.966690136453545
"149","asclep_verti","N4A",-0.0539406173692967,0.656537495284836,0.0238978928203851
"150","asclep_verti","N4D",-0.714732023156281,0.16956378374246,0.548172881010822
"151","asclep_virdf","1D",496.000574889292,0,1
"152","asclep_virdf","20B",-0.258144568896872,0.00382405683552145,0.370797038654767
"153","asclep_virdf","4A",496.000574889292,0,1
"154","asclep_virdf","4B",0.0637054453610733,0.474934729178071,0.0375416438802164
"155","asclep_virdf","N1B",-0.210712636341214,0.0985689682877438,0.254084426482694
"156","asclep_virdf","N20B",-0.126749544702754,0.412385671564589,0.103048955591245
"157","asclep_virdf","N4A",0.714760573111275,0.169523977993391,0.548163558768425
"158","asclep_virdf","N4D",496.000574889292,0,1
"159","asclep_virds","1D",0.0278994829937032,0.498240658401918,0.011648059877493
"160","asclep_virds","20B",-0.150036815314093,0.00798141706733535,0.190093289140884
"161","asclep_virds","4A",-0.0681563711353122,0.174094052935635,0.0582072690862185
"162","asclep_virds","4B",-0.197764358362813,0.00127816825373328,0.267768958690701
"163","asclep_virds","N1B",-0.207604026579642,0.00528587768569699,0.363454902943804
"164","asclep_virds","N20B",-0.28760410825115,0.0107109506568626,0.472139336218414
"165","asclep_virds","N4A",-0.422956172109093,0.0363269958024524,0.509505932073446
"166","asclep_virds","N4D",-0.102456668145499,0.117343487991571,0.109394984910564
"167","astrag_crass","1D",-0.232290098382902,0.054375403836139,0.246291245067868
"168","astrag_crass","20B",-0.385065658925139,0.111507096120874,0.372100498370994
"169","astrag_crass","4A",-0.136076902906346,0.0200869250354545,0.165083012034641
"170","astrag_crass","4B",-0.431956512739121,0.00177590970099395,0.578812294157315
"171","astrag_crass","N1B",0.0846973608938113,0.0701144823928652,0.0707756021540918
"172","astrag_crass","N20B",-0.220930056661856,0.00296799227996947,0.417225219730117
"173","astrag_crass","N4A",-0.0876657097081934,0.214563254870004,0.0625433706739933
"174","astrag_crass","N4D",-0.154372577831716,0.0616554906722195,0.190027308494284
"175","astrag_lotif","N4A",-0.0870779064170879,0.209825793756065,0.0764017727660387
"176","astrag_lotif","N4D",0.378428709965134,0.0893987210175085,0.423981001519969
"177","baptis_austr","1D",-0.287954752310637,0.0866406052494979,0.28623570260568
"178","baptis_austr","20B",-0.13676779197988,0.0308004398220536,0.200978465536413
"179","baptis_austr","4A",-1.26428957280369,0.144253242030366,0.735102328335787
"180","baptis_austr","4B",-0.292718060905377,0.00432838175071582,0.48315882992785
"181","baptis_austr","N1B",-0.0948190095896653,0.109180078441477,0.0979147602337612
"182","baptis_austr","N4A",-0.122884871362784,0.0406765432356733,0.139257415133454
"183","baptis_austr","N4D",-0.125898752848857,0.0298164934405167,0.186388943522372
"184","baptis_bract","1D",-0.32432271706866,0.00584525693436633,0.513937640245642
"185","baptis_bract","20B",-1.30912486529841,0.113078595724814,0.850272745598184
"186","baptis_bract","N1B",0.00223103778496386,0.971698160596029,6.12029513425982e-05
"187","baptis_bract","N20B",-0.6381609954697,0.0361897386355861,0.80617742181009
"188","baptis_bract","N4A",-0.0692568701079493,0.583164444647281,0.0378465062513778
"189","baptis_bract","N4D",-0.0582588390486968,0.271472165311467,0.0394247584900693
"190","bidens_frond","20B",24.2994995224321,0.968473064941718,0.999998573183945
"191","botryc_virgi","20B",3.15326331228414,0.336560198527696,0.912887970300983
"192","botryc_virgi","N20B",0.908932894597227,0.0643523264524699,0.764615349975943
"193","botryc_virgi","N4D",27.3836401505384,0.983565592626702,0.99999987211172
"194","boutel_curti","1D",-0.0798049214220332,0.139567980035968,0.0741188251144498
"195","boutel_curti","20B",-0.131190644813664,0.105519636519554,0.121975138013856
"196","boutel_curti","4A",-0.106999016380644,0.0302861419392617,0.139816621468117
"197","boutel_curti","4B",0.0762391487142175,0.0911064274463831,0.0614496834181397
"198","boutel_curti","N1B",-0.0152756349918954,0.728013106663345,0.00287270620830882
"199","boutel_curti","N20B",0.10832201920801,0.02936317909632,0.112149194779229
"200","boutel_curti","N4A",0.116343436347085,0.0231017622294274,0.13120920705716
"201","boutel_curti","N4D",-0.0779411019477256,0.11460917682767,0.0627653177585561
"202","boutel_dacty","4A",-1.03642434312325,0.0171415541371265,0.747582524911936
"203","boutel_dacty","4B",-0.0201654942350652,0.806859651079636,0.00406651204964859
"204","boutel_dacty","N1B",0.33783066297146,0.126641896208084,0.404696462141225
"205","boutel_dacty","N20B",0.258523720055092,8.08933049309957e-05,0.267941941389144
"206","boutel_dacty","N4A",0.114735145265063,0.0224334120950449,0.123540207460623
"207","boutel_dacty","N4D",0.0450542190312598,0.334113136350043,0.0194341079884248
"208","boutel_graci","1D",-0.253781764893379,0.0176183114300315,0.302064326880389
"209","boutel_graci","20B",-0.0773819285596964,0.319086453583239,0.0474116888890925
"210","boutel_graci","4A",-0.211531172082563,0.00289183278783622,0.292889792152999
"211","boutel_graci","4B",-0.308982451842257,0.000238856229061168,0.40934679898238
"212","boutel_graci","N1B",0.065037587345171,0.300521074036903,0.050259714646478
"213","boutel_graci","N20B",0.174571352843959,0.00455051373348203,0.23543817489599
"214","boutel_graci","N4A",0.041277343882652,0.550465484322048,0.0164831296569805
"215","boutel_graci","N4D",12.6722151004629,0.326750004982508,0.999545458108098
"216","boutel_hirsu","1D",-0.346134227467195,0.000287351725965612,0.442628146722285
"217","boutel_hirsu","4A",-0.581602241321697,0.0020326085427782,0.623173234170766
"218","boutel_hirsu","4B",-18.0252204183843,0.843927311969325,0.999971040398468
"219","boutel_hirsu","N1B",0.130412027327422,0.0197694628879024,0.189841284375889
"220","boutel_hirsu","N20B",-0.0333471380855597,0.40778703207182,0.0116594318220353
"221","boutel_hirsu","N4A",0.0272103556947439,0.507626364440668,0.00760920953265976
"222","boutel_hirsu","N4D",0.0642746382572367,0.177353907889551,0.0526264277227974
"223","bricke_eupat","1D",-4.1233577190396,NA,0.978828200021969
"224","bricke_eupat","20B",-0.315711501990158,0.00463368216193949,0.51250706734449
"225","bricke_eupat","4A",-0.387249981036043,0.033467764176367,0.492907369259768
"226","bricke_eupat","4B",-0.397466736384429,0.00708252896804007,0.600028921456592
"227","bricke_eupat","N1B",-4.1233577190396,NA,0.978828200021969
"228","bricke_eupat","N20B",-0.1393590465359,0.0453035084791951,0.147031600547739
"229","bricke_eupat","N4A",-1.23828115378106,0.135375925065187,0.865239959233894
"230","bricke_eupat","N4D",-0.510572010412341,0.0349378044230515,0.612930458570293
"231","bromus_arven","20B",-0.00994629380424019,0.814335808533757,0.00106580580777338
"232","bromus_arven","4A",-0.153367542347154,0.373933562768848,0.134641595083277
"233","bromus_arven","4B",-0.0692459179306188,0.583240754598921,0.0378195378985312
"234","bromus_arven","N1B",0.158285713107563,0.0287501215788037,0.17754162133291
"235","bromus_arven","N20B",0.0333977526255462,0.456482986542545,0.00862607197060572
"236","bromus_arven","N4A",0.161890419276265,0.00522717983447385,0.172299497131518
"237","bromus_arven","N4D",-0.0786128927920665,0.0885967444211211,0.0491457894807548
"238","bromus_inerm","20B",0.145673235769126,0.00402792966242349,0.140912691008138
"239","bromus_inerm","N1B",-0.164227555432971,0.00134633734034795,0.17868949814156
"240","bromus_inerm","N20B",-0.270700243109919,0.00170480620889824,0.379287318163702
"241","bromus_inerm","N4D",-0.0873680107222632,0.036637123692034,0.0769917997809486
"242","bromus_tecto","N1B",-1.33662446109099e-14,1,0
"243","buglos_arven","N1B",0.45243171388921,0.320909809078072,0.365870235549467
"244","buglos_arven","N4A",-53.4722756167676,0.999981114682848,0.999999999993082
"245","callir_alcae","4B",-0.016676585928372,0.677404061258699,0.00345537701287146
"246","callir_alcae","N1B",0.0663108445655424,0.265414600944307,0.0493705355315196
"247","callir_alcae","N20B",-0.181511784946414,0.0113821290166194,0.241898693549191
"248","callir_invol","1D",-13.777068595364,0.652181507433859,0.999827878632247
"249","callir_invol","20B",-0.148035952728129,0.00820864520370312,0.19363731696119
"250","callir_invol","4A",-0.116950359842132,0.0377941317172177,0.129969376622023
"251","callir_invol","4B",-0.0426048552155684,0.546255630207675,0.0192012547955555
"252","callir_invol","N1B",-0.189379976377701,0.064059582469288,0.242070024332105
"253","callir_invol","N20B",-0.351919084145857,0.00478051613031694,0.581617415912648
"254","callir_invol","N4A",1.29690126385786,0.123512971072634,0.789679379508672
"255","callir_invol","N4D",-0.141530064461739,0.0126707904104404,0.210980964021722
"256","calyst_macou","4B",-0.0503212389071296,0.344691661634318,0.0261660426546059
"257","calyst_macou","N1B",-0.153367542347154,0.373933562768848,0.134641595083277
"258","calyst_macou","N20B",-0.0221509252459134,0.718948052174361,0.00461999575840122
"259","calyst_macou","N4A",-0.0749567191604794,0.0989367455202887,0.0600142114438672
"260","calyst_macou","N4D",0.0357696095500517,0.413505415095368,0.0152143338713719
"261","cannab_sativ","N1B",-0.410579085368633,0.162094608396097,0.404144040930106
"262","capsel_bursa","N1B",0.45243171388921,0.320909809078072,0.365870235549467
"263","capsel_bursa","N4A",0.45243171388921,0.320909809078072,0.365870235549467
"264","carex_austr","1D",0.0859872598867664,0.517640292626882,0.0553570480777276
"265","carex_austr","20B",21.119546381504,0.939814130592374,0.999995582696738
"266","carex_austr","4A",0.0989132585733645,0.319802447133838,0.0810566572940546
"267","carex_austr","4B",0.604464527881049,0.0452096745940194,0.632470782245549
"268","carex_austr","N1B",19.7349772425654,0.920188900046546,0.999995056019467
"269","carex_austr","N20B",1.31012885145567,0.113019884984725,0.878634823346765
"270","carex_austr","N4A",19.7349772425654,0.920188900046546,0.999995056019467
"271","carex_austr","N4D",19.7349772425654,0.920188900046546,0.999995056019467
"272","carex_bickn","N4A",19.7061094324242,0.919863129845007,0.999992251832531
"273","carex_bland","N20B",0.053961840869068,0.656438219641123,0.0238978954859459
"274","carex_brevi","1D",0.0645053048278385,0.28258399396643,0.035850341926031
"275","carex_brevi","20B",0.0651986366527533,0.283906662137196,0.035624430591165
"276","carex_brevi","4A",0.62450260296306,0.10730247795777,0.567133265773428
"277","carex_brevi","4B",0.0994535144073242,0.116533938502101,0.0838353902676963
"278","carex_brevi","N1B",-0.0238038876932848,0.559905185855708,0.00602677967991605
"279","carex_brevi","N20B",-0.0166047777208008,0.695192629719694,0.00291916811575554
"280","carex_brevi","N4A",0.0921733741491625,0.133676818556703,0.0751057728700102
"281","carex_brevi","N4D",0.00579427575445891,0.883848434613474,0.00036520566461784
"282","carex_gravi","1D",-0.069709073631526,0.141494662446603,0.0593720731485934
"283","carex_gravi","20B",0.351194461878393,0.0305717089293218,0.469313540074533
"284","carex_gravi","4A",0.140957329288159,0.0224936282953907,0.168133962945608
"285","carex_gravi","4B",0.198588005102735,0.0117411299377734,0.304469594056727
"286","carex_gravi","N1B",0.105840411036833,0.154509975677679,0.0851604272477015
"287","carex_gravi","N20B",-0.572640116216903,0.0614060915993411,0.58390013824607
"288","carex_gravi","N4A",0.0376831349300529,0.521711876667473,0.0122522340251224
"289","carex_gravi","N4D",0.632305140412236,0.0985544516888557,0.570907417037421
"290","carex_grise","N1B",23.0773798005625,0.959369500525698,0.999998720061723
"291","carex_grise","N20B",21.4774714339383,0.944024122105716,0.999997341384329
"292","carex_grise","N4A",21.119546381504,0.939814130592374,0.999995582696738
"293","carex_grise","N4D",21.4774714339383,0.944024122105716,0.999997341384329
"294","carex_inops","1D",0.0346418357854413,0.449486264946611,0.0116016689571804
"295","carex_inops","20B",0.632305140412236,0.0985544516888557,0.570907417037421
"296","carex_inops","4A",0.032347687581964,0.400020885947395,0.0113073230201458
"297","carex_inops","4B",0.0609890197046424,0.15979177389258,0.0358734605184642
"298","carex_inops","N1B",0.0978087468957701,0.0201947142944721,0.0896742978862343
"299","carex_inops","N20B",0.0719299807553146,0.122032731773841,0.0527257635586125
"300","carex_inops","N4A",-0.000885753144529597,0.982672509527427,9.23946714415091e-06
"301","carex_inops","N4D",0.0700794900656659,0.114476629705686,0.049433368615316
"302","carex_meadi","1D",0.714760571270917,0.169523977686241,0.548163558768425
"303","carex_meadi","20B",0.0134700535319612,0.871949507661758,0.00148012450282786
"304","carex_meadi","4A",0.158944237848491,0.00472034491414686,0.207529467093414
"305","carex_meadi","4B",-0.0818999418015179,0.18423081427687,0.0613680499175502
"306","carex_meadi","N1B",0.0563088229238736,0.445782259871012,0.026074704839845
"307","carex_meadi","N20B",0.0134700535319612,0.871949507661758,0.00148012450282786
"308","carex_meadi","N4A",0.0134700535319612,0.871949507661758,0.00148012450282786
"309","carex_meadi","N4D",0.632305140412236,0.0985544516888557,0.570907417037421
"310","ceanot_herba","1D",-0.0882167068698162,0.0903851396065154,0.0886620794541333
"311","ceanot_herba","20B",-0.145402033272979,0.010376678957319,0.235806003435068
"312","ceanot_herba","4A",-0.128710398024762,0.00870604403458608,0.153848583432301
"313","ceanot_herba","4B",-0.245459495058689,0.1750384838387,0.271664633326967
"314","ceanot_herba","N1B",-4.33755585052236,0.204320480792607,0.95053375243927
"315","ceanot_herba","N20B",-0.180014069900902,0.00472454352141249,0.294937167433305
"316","ceanot_herba","N4A",-0.0696622186034929,0.58181752192205,0.037780747576977
"317","ceanot_herba","N4D",-0.0693225168391396,0.240027778338858,0.0498087623948046
"318","celast_scand","20B",3.15326331228414,0.336560198527696,0.912887970300983
"319","celast_scand","4B",0.460502435337496,0.00901725563379219,0.50387943307523
"320","celast_scand","N20B",8.04428972189736,0.454152432650195,0.996316489586636
"321","celast_scand","N4D",-0.0397024338823443,0.736115491240798,0.0133146023371659
"322","celtis_occid","20B",0.112962972792025,0.0300247962629019,0.125057790679356
"323","celtis_occid","4B",-0.420441781297281,0.159038410170493,0.356635177904283
"324","celtis_occid","N20B",-0.0276679361905969,0.459142261563625,0.00847773784071404
"325","celtis_occid","N4A",0.356968692442491,0.0324722292097148,0.465774981930524
"326","celtis_occid","N4D",0.399178225321513,0.00411724219572296,0.552016254971334
"327","cercis_canad","N20B",NA,NA,NA
"328","chaero_procu","N1B",-2.25552670674713e-05,0.999841632831988,-6.18850437561491e-09
"329","chaero_procu","N20B",-0.132396144059211,0.240697105788941,0.127558333184068
"330","chaero_procu","N4A",-0.0260945866270155,0.821177443487617,0.00587834337279003
"331","chamae_fasci","N4A",0.0637089216326623,0.474914878481981,0.0375416442683658
"332","chenop_album","20B",-0.452430757723577,0.320801169888321,0.365870235546185
"333","chenop_album","4A",-0.452430757723577,0.320801169888321,0.365870235546185
"334","chenop_album","4B",-27.8064015010948,0.985004138498385,0.999999584267422
"335","chenop_album","N1B",-0.058026142380828,0.426035045579605,0.0344918138656664
"336","chenop_album","N20B",0.222203173569491,0.171375546502955,0.243433897953523
"337","chenop_album","N4A",0.45243171388921,0.320909809078072,0.365870235549467
"338","chenop_album","N4D",0.0634102701347904,0.390600400595678,0.0406510958385734
"339","chenop_berla","4A",0.0410803910436774,0.628212889275301,0.0164179894217363
"340","chenop_berla","N1B",-0.0859928787246909,0.517629180298914,0.055357048421829
"341","chenop_stand","4B",0.84206368146275,0.326164741655015,0.503220410457792
"342","chlori_verti","4A",-0.452430757723577,0.320801169888321,0.365870235546185
"343","chlori_verti","N1B",21.4774714339383,0.944024122105716,0.999997341384329
"344","chlori_verti","N20B",0.360709385482001,0.00392071881719103,0.508018624435368
"345","chlori_verti","N4A",0.351857549357039,0.00194563614667875,0.451589289308462
"346","chlori_verti","N4D",0.640511827007364,0.0267178801847767,0.72698695273487
"347","cirsiu_altis","1D",-0.010781705257215,0.857501923719954,0.00135553894680851
"348","cirsiu_altis","20B",-0.295789586668822,0.0200348889178277,0.422556489699947
"349","cirsiu_altis","4A",-0.0215052256139678,0.758808016851421,0.00405301902752353
"350","cirsiu_altis","4B",-0.215727119604093,0.0115051676009699,0.296045867245509
"351","cirsiu_altis","N1B",-0.221476565164285,0.00738811672885098,0.353852521429919
"352","cirsiu_altis","N20B",-0.378471833836224,0.0893708247769984,0.423981300531311
"353","cirsiu_altis","N4A",2.00409111276701,NA,-14.1800094191246
"354","cirsiu_altis","N4D",-0.452431185770443,0.320909725273234,0.365870235549623
"355","cirsiu_undul","1D",496.000574889292,0,1
"356","cirsiu_undul","20B",-0.55675779079632,0.00522509944329741,0.603289035024413
"357","cirsiu_undul","4A",-0.211868000828074,0.0189161094961714,0.251886693114767
"358","cirsiu_undul","4B",-0.332262596001177,0.0206356869056741,0.463709673850216
"359","cirsiu_undul","N1B",0.104863156746941,0.460349969410177,0.0768910881468955
"360","cirsiu_undul","N20B",-0.13525988030306,0.0332727116325677,0.183128550853496
"361","cirsiu_undul","N4A",0.055199495026619,0.349662557447947,0.0345695314197604
"362","cirsiu_undul","N4D",-0.00225673596598964,0.973257018378725,4.82667308195905e-05
"363","comand_umbel","4A",-0.00893433147440368,0.866602513322866,0.000799266505843943
"364","comand_umbel","4B",-0.0661636035793315,0.0998368182597358,0.0395655152713811
"365","comand_umbel","N1B",-0.428607022541308,0.00784818114022912,0.434880459256664
"366","comand_umbel","N20B",0.22389826121849,0.0085507940281806,0.357258050562245
"367","comand_umbel","N4A",496.000574889292,0,1
"368","comand_umbel","N4D",-1.17279812526302,0.186892004751459,0.669989940199846
"369","commel_erect","4A",-0.842349981107377,0.325841961927475,0.503225927251247
"370","commel_erect","N4D",0.178153029532492,0.190470245981728,0.189797030761408
"371","convol_arven","N20B",-0.153367542347154,0.373933562768848,0.134641595083277
"372","convol_arven","N4D",-53.4722756167676,0.999981114682848,0.999999999993082
"373","conyza_canad","20B",0.0762983197346688,0.0970489288047511,0.0731532657062903
"374","conyza_canad","4A",0.0370313911147855,0.374576689127208,0.0191636093088967
"375","conyza_canad","4B",0.0551979202806671,0.192705528104314,0.0416674432378314
"376","conyza_canad","N1B",0.0821841248646186,0.229196280130765,0.0691073542929368
"377","conyza_canad","N20B",0.00210504224959411,0.963416958749706,5.94868752115119e-05
"378","conyza_canad","N4A",0.367859256919591,0.00869887125616953,0.550087309124062
"379","conyza_canad","N4D",-0.138864928316523,0.22868585038463,0.115106161147972
"380","cornus_drumm","20B",NA,NA,NA
"381","cornus_drumm","4A",NA,NA,NA
"382","cornus_drumm","4B",0.261271676433886,0.000523741700395819,0.290831710618989
"383","cornus_drumm","N20B",NA,NA,NA
"384","cornus_drumm","N4A",0.389115009227726,0.00152821375657286,0.543030068254304
"385","cornus_drumm","N4D",0.043836939796564,0.241828714754787,0.0216673589927879
"386","coryda_micra","20B",-0.15686496640247,0.117035879701994,0.153116206078959
"387","coryda_micra","4B",-0.126749501070054,0.412386177695938,0.103048957018495
"388","coryda_micra","N1B",0.2107013627968,0.098568126647389,0.254084426986404
"389","coryda_micra","N20B",-0.179395515279335,0.0678637364579977,0.226624904202953
"390","coryda_micra","N4A",-0.126749501070054,0.412386177695938,0.103048957018495
"391","coryda_micra","N4D",0.222180645693884,0.171377021930073,0.243433896660132
"392","coryph_misso","N20B",27.3836401505384,0.983565592626702,0.99999987211172
"393","coryph_misso","N4D",0.084107571985425,0.0834631170959699,0.0868991697688204
"394","cratae_molli","N20B",0.716154482549847,0.0536041316495988,0.680402739875312
"395","croton_monan","20B",0.0716795666631198,0.124282438224603,0.050372906925448
"396","croton_monan","4A",-0.157888469984685,0.0037138825897709,0.211396800872793
"397","croton_monan","4B",-0.332823395704199,0.00376341627030041,0.417885989876118
"398","croton_monan","N1B",0.0822073447893148,0.112775960344214,0.080205775517479
"399","croton_monan","N20B",-0.0128847512246363,0.777258499704384,0.00196560265752732
"400","croton_monan","N4A",0.282189234625478,0.00268490434971347,0.483528347502817
"401","croton_monan","N4D",1.44278078489183,NA,-8.51050670032896
"402","cuscut_coryl","20B",0.216721722163031,0.0987251739806012,0.221310587830497
"403","cuscut_glome","4A",-0.0684801929918727,0.19167123575436,0.0561998016027886
"404","cuscut_glome","4B",0.251672964964739,0.165795135736347,0.275310790242469
"405","cuscut_glome","N20B",0.0129493729056011,0.909631650778673,0.00146382692095193
"406","cuscut_glome","N4A",0.0727441493600302,0.0936398399742837,0.0521304308681201
"407","cuscut_glome","N4D",0.251672964964739,0.165795135736347,0.275310790242469
"408","cuscut_indec","4A",0.228102226442189,0.0947082640457042,0.276325126473647
"409","cuscut_indec","4B",0.225267119005528,0.0546383998074305,0.25120954898075
"410","cuscut_indec","N1B",0.334656395197881,0.0887435979687932,0.38789842007322
"411","cuscut_indec","N20B",0.389933816862374,0.163386099977027,0.410893074175963
"412","cuscut_indec","N4A",0.289251236831997,0.162622720226662,0.31167103076756
"413","cuscut_indec","N4D",3.15326331228414,0.336560198527696,0.912887970300983
"414","cynanc_laeve","N1B",0.45243171388921,0.320909809078072,0.365870235549467
"415","cynanc_laeve","N20B",0.231301368623207,0.0336633321638073,0.31999248917356
"416","cyperu_lupul","1D",0.135994584524866,0.0279114950256709,0.183463735333682
"417","cyperu_lupul","20B",-0.160921042491837,0.204198471529748,0.166962760197208
"418","cyperu_lupul","4A",0.0352960143469464,0.396327285605171,0.0174483031505767
"419","cyperu_lupul","4B",0.00331437944107936,0.935101841543656,0.000157105327555196
"420","cyperu_lupul","N1B",0.231292493305059,0.033641707595911,0.319989421772792
"421","cyperu_lupul","N20B",0.158090743362693,0.0112431241952369,0.23827748400911
"422","cyperu_lupul","N4A",0.0232481553381178,0.73513519709757,0.00587353021060755
"423","cyperu_lupul","N4D",0.295763146209289,0.00941737145798038,0.454376111368551
"424","cyperu_xmeso","N1B",0.289251162374487,0.162622128277766,0.311671030769112
"425","cyperu_xmeso","N20B",0.572759500029289,0.0614506887006934,0.583903703144644
"426","dalea_candi","1D",-6.8278774674989,0.391856626615486,0.990946547777539
"427","dalea_candi","20B",-0.0891221730982928,0.100976931590917,0.0738653632760857
"428","dalea_candi","4A",-0.0351793610658835,0.68358182743799,0.00968278392848221
"429","dalea_candi","4B",1.34118473464536,NA,-14.4884837045886
"430","dalea_candi","N1B",496.000574889292,0,1
"431","dalea_candi","N20B",0.33021943291807,0.287479622238999,0.315066693607631
"432","dalea_candi","N4A",496.000574889292,0,1
"433","dalea_candi","N4D",-0.531965948513367,0.276133985837409,0.431386163428327
"434","dalea_multi","1D",-0.121674238603158,0.172952456308757,0.123475758998162
"435","dalea_multi","4A",-0.561480979466832,0.0028473077342277,0.60096259459981
"436","dalea_multi","4B",-0.239702359068814,0.00635753997799759,0.332279303059471
"437","dalea_multi","N1B",0.185168496019566,0.00601593833490188,0.298581790317909
"438","dalea_multi","N20B",0.287567364533464,0.000199433846390207,0.430625858101555
"439","dalea_multi","N4A",0.161299798313472,0.00693222517901715,0.230982320662934
"440","dalea_multi","N4D",-0.00657079580848315,0.876492902283265,0.000429057322038684
"441","dalea_purpu","1D",-6.24663997972119,0.698624754956325,0.999591262077576
"442","dalea_purpu","20B",-0.370492510418474,0.085748350715416,0.352426936312792
"443","dalea_purpu","4A",-4.1233577190396,NA,0.978828200021969
"444","dalea_purpu","4B",496.000574889292,0,1
"445","dalea_purpu","N1B",-0.297209797656593,0.0515374134361981,0.380769699696059
"446","dalea_purpu","N20B",-1.13647951904973,0.145527336143855,0.759788931239178
"447","dalea_purpu","N4A",-0.840237883000165,0.326072689410439,0.503213211287279
"448","dalea_purpu","N4D",-0.410579169325929,0.162124737624201,0.404156334857218
"449","delphi_carol","1D",-0.137013231627875,0.0264965590550663,0.156257378144135
"450","delphi_carol","20B",-0.189256081157514,0.0026840625001423,0.239535044590097
"451","delphi_carol","4A",-0.0951284555826406,0.0442540531120679,0.111465876107666
"452","delphi_carol","4B",-0.224267769893909,0.00196361502200593,0.338287834737116
"453","delphi_carol","N1B",0.0029810231242416,0.956463635269368,0.000108826426985287
"454","delphi_carol","N20B",-0.0593567976810706,0.166491458123494,0.0476778437194699
"455","delphi_carol","N4A",0.11065671115967,0.0310126844487606,0.140874295160031
"456","delphi_carol","N4D",-0.158214454341762,0.0254383279375878,0.181882336598539
"457","descur_pinna","20B",-0.181202947556584,0.0138009160031378,0.272320637753526
"458","descur_pinna","4A",-0.104834114031275,0.460460716018837,0.0769080610100787
"459","descur_pinna","4B",-0.32254375034641,0.0515883881680141,0.406742515797764
"460","descur_pinna","N1B",-0.058026112374885,0.426035673350288,0.0344918138665046
"461","descur_pinna","N20B",0.0233362197344388,0.570143107596572,0.00772283348906189
"462","descur_pinna","N4A",-0.00843194874133266,0.854417692083713,0.000952200063510933
"463","descur_pinna","N4D",0.0413576847421115,0.339437262243901,0.0233455262441995
"464","desman_illin","1D",-0.0703001673037025,0.204586506696069,0.049253641589821
"465","desman_illin","4B",-0.289755692657034,0.0313932169123068,0.395476401892211
"466","desman_illin","N1B",-0.0768417379931312,0.0899758936328949,0.0689787747060994
"467","desman_illin","N20B",-0.087729808240901,0.267361973100831,0.0606882508865091
"468","desman_illin","N4A",-0.187562560531248,0.345786601996916,0.1730426931129
"469","desman_illin","N4D",-0.0786161037561811,0.0877085454789692,0.0780068797627982
"470","desmod_canes","4A",-0.120260968634594,0.263687456908705,0.110536120482637
"471","desmod_canes","N20B",-0.104847401768743,0.460427869850266,0.0768913626378228
"472","desmod_canes","N4A",0.187563637041048,0.345793689377615,0.173066705159608
"473","desmod_illin","1D",-0.213464300044077,0.0152965652087067,0.320215157085937
"474","desmod_illin","20B",-0.964349468102286,0.0677819698664093,0.741907421699471
"475","desmod_illin","4A",-0.00368625604665286,0.952364025509059,0.000125887191302354
"476","desmod_illin","4B",-0.0895968624528265,0.08646079116942,0.0782071068101533
"477","desmod_illin","N1B",0.0545261378887916,0.21582107701151,0.0333405900725686
"478","desmod_illin","N20B",0.125062282569926,0.138651123452118,0.145194537923655
"479","desmod_illin","N4A",-0.00844786570363653,0.828991449103373,0.00076182457378815
"480","desmod_illin","N4D",-0.124720859875606,0.0770477593679686,0.116654366987122
"481","desmod_panic","20B",0.161450109235813,0.0773566707245261,0.198068739703002
"482","desmod_panic","4B",0.137476099058734,0.136012921301964,0.128528075238059
"483","desmod_panic","N20B",0.266717273784877,0.0201337416117779,0.385691388752497
"484","desmod_panic","N4A",0.187095888385211,0.03158314864223,0.217782768837325
"485","desmod_panic","N4D",0.151947298581617,0.00763102049470765,0.200310778459319
"486","desmod_perpl","20B",17.3847556731278,0.821920082062825,0.999958537896237
"487","desmod_perpl","4B",0.593812350737859,0.0203896404881623,0.451827721271227
"488","desmod_perpl","N1B",16.2844939610799,0.781064322907211,0.999866745174066
"489","desmod_perpl","N20B",0.965078311827601,0.0163150302291231,0.725554484705225
"490","desmod_perpl","N4A",0.44039662580209,0.026554060309592,0.470246863296043
"491","desmod_perpl","N4D",0.914547366579449,0.00902964816359275,0.712878092275813
"492","desmod_sessi","1D",-0.0692459179306188,0.583240754598921,0.0378195378985312
"493","desmod_sessi","20B",0.113897306773465,0.0217335466512365,0.151600183808762
"494","desmod_sessi","4A",-0.0269340845605109,0.530702903813904,0.00722323348864029
"495","desmod_sessi","N1B",0.145767126049484,0.0895825133648276,0.172324731314913
"496","desmod_sessi","N20B",0.523926751167001,0.0132641240520213,0.70311371756109
"497","desmod_sessi","N4A",0.266496449317503,0.00550888378358394,0.427913149443582
"498","desmod_sessi","N4D",0.196714951172938,0.0251311120218185,0.280629840967537
"499","dianth_armer","N4A",0.516732271071651,0.0164622843469309,0.665669054302852
"500","dichan_oligo","1D",-6.02222474523637,0.33527361987471,0.993664926087229
"501","dichan_oligo","20B",-0.134860002184412,0.155144200243292,0.145618531125076
"502","dichan_oligo","4A",-0.0762612321141852,0.0963373549613029,0.0736361658908939
"503","dichan_oligo","4B",-0.102309523521892,0.042567887777627,0.126350134252853
"504","dichan_oligo","N1B",-0.272610934268501,0.0315835941720417,0.374949242866049
"505","dichan_oligo","N20B",-0.262960019739549,0.00294038106114192,0.449339150580249
"506","dichan_oligo","N4A",-0.0688798122209239,0.131096349039705,0.0614412153240154
"507","dichan_oligo","N4D",-0.139493327089228,0.0363878414756553,0.186698489280825
"508","dichan_ovale","1D",-5.81651631992838,1.55431223447522e-15,0.985365586853979
"509","dichan_ovale","20B",-0.0646129722112261,0.232266458531088,0.0361930386802416
"510","dichan_ovale","4A",0.00387577712272661,0.938354136903155,0.000207245565213787
"511","dichan_ovale","4B",-0.0771560784238726,0.105790382073074,0.0744929222593312
"512","dichan_ovale","N1B",0.159869248475852,0.00618365783008779,0.253287445777042
"513","dichan_ovale","N20B",-0.00479845244409904,0.906210500060749,0.000293293799420891
"514","dichan_ovale","N4A",12.4932929081191,0.998351932230765,0.999999995969747
"515","dichan_ovale","N4D",0.640511825715086,0.0267178801322849,0.72698695273487
"516","digita_cogna","1D",-0.0555245063086446,0.287730299512496,0.0306016981779396
"517","digita_cogna","20B",0.0552511154953139,0.191635361812853,0.0368981397619074
"518","digita_cogna","4A",0.0695204120208945,0.133597033779533,0.0463843146921928
"519","digita_cogna","4B",-0.0698157645641187,0.172205380957234,0.0487839286290039
"520","digita_cogna","N1B",0.122597047818106,0.015876594500831,0.171117860094468
"521","digita_cogna","N20B",0.206146830764681,0.00389884151686415,0.338886597711891
"522","digita_cogna","N4A",0.0720159532153279,0.143710152920246,0.0515904553243742
"523","digita_cogna","N4D",0.140587761868819,0.0117762384456663,0.168606284701855
"524","digita_sangu","N4A",1.63483230529992,0.136866722368923,0.645426543726859
"525","digita_sangu","N4D",0.84206368146275,0.326164741655015,0.503220410457792
"526","draba_brach","N1B",0.45243171388921,0.320909809078072,0.365870235549467
"527","draba_brach","N4A",0.352616338733769,0.0521267231893925,0.43502264101461
"528","draba_brach","N4D",0.31025471163161,0.320910495397927,0.281562877898131
"529","draba_cunei","20B",-27.8064015010948,0.985004138498385,0.999999584267422
"530","draba_cunei","N1B",0.0561895018304475,0.379276274469255,0.0345893067348586
"531","draba_cunei","N20B",27.3836401505384,0.983565592626702,0.99999987211172
"532","draba_cunei","N4A",-0.0201664565925789,0.8068503496487,0.00406651203702091
"533","draba_cunei","N4D",0.0823243862089845,0.229044354562858,0.0692975030929457
"534","draba_repta","20B",-0.31025442415103,0.320866774698898,0.281562877898324
"535","draba_repta","4A",-0.0539588638516529,0.656450990342003,0.0238978956205079
"536","draba_repta","4B",-0.31025442415103,0.320866774698898,0.281562877898324
"537","draba_repta","N1B",0.104319366293491,0.0318527053831821,0.130378639018174
"538","draba_repta","N20B",0.0344810026279634,0.41301496887364,0.0165459485076201
"539","draba_repta","N4A",0.126446459012194,0.017083232078676,0.176470458898711
"540","draba_repta","N4D",0.0748918669089025,0.114366848646903,0.0705928831802846
"541","dyssod_pappo","N1B",0.45243171388921,0.320909809078072,0.365870235549467
"542","echina_angus","1D",-0.173864341923932,0.0209142878762076,0.250425331063522
"543","echina_angus","20B",-0.598285385069697,0.0467177021123577,0.519949469667156
"544","echina_angus","4A",0.104835154194193,0.460457572298563,0.0769080610176776
"545","echina_angus","4B",-0.15376338014066,0.0227231582300607,0.21350310381492
"546","echina_angus","N1B",29.697367867187,0.991223722287232,0.999999791031654
"547","echina_angus","N20B",-0.275505599345353,0.0519414342317037,0.356754540533105
"548","echina_angus","N4A",492.000570253073,0,1
"549","echina_angus","N4D",-6.12561122232962,0.379199963124058,0.978367723478844
"550","eleoch_compr","20B",-0.180171715132775,0.00242436689120518,0.208954117847804
"551","eleoch_compr","4A",0.034008354983632,0.422597153575464,0.0114855465090598
"552","eleoch_compr","N20B",-0.174323018361146,0.00688595493493338,0.206027818516513
"553","eleoch_compr","N4A",-0.0234747791766668,0.538727760511824,0.00599971981859049
"554","eleoch_compr","N4D",0.121673381330496,0.172981820285294,0.12347575899203
"555","elymus_canad","1D",-0.153367542347154,0.373933562768848,0.134641595083277
"556","elymus_canad","20B",-5.81651631992838,1.55431223447522e-15,0.985365586853979
"557","elymus_canad","4A",-0.714732023156281,0.16956378374246,0.548172881010822
"558","elymus_canad","4B",-0.170382264923563,0.115366560573403,0.158621094349845
"559","elymus_canad","N1B",0.0203639156536736,0.808650608430767,0.00335048947673255
"560","elymus_canad","N20B",-0.840237883000165,0.326072689410439,0.503213211287279
"561","elymus_canad","N4A",496.000574889292,0,1
"562","elymus_canad","N4D",-0.632335559904537,0.0985832220068008,0.570907641059335
"563","elymus_virgi","4B",0.31025471163161,0.320910495397927,0.281562877898131
"564","elymus_virgi","N1B",3.15326331228414,0.336560198527696,0.912887970300983
"565","elymus_virgi","N20B",0.147891950149543,0.00609229706803749,0.19310456501318
"566","elymus_virgi","N4A",0.183135315552131,0.0039502704030363,0.304402942116126
"567","elymus_virgi","N4D",0.273395615493164,0.00275332614443058,0.378354889210361
"568","eragro_cilia","N1B",0.126750104624396,0.412385213894182,0.103048957016593
"569","eragro_cilia","N20B",0.84206368146275,0.326164741655015,0.503220410457792
"570","eragro_spect","1D",-0.831082605823827,0.109088656076224,0.644071591083317
"571","eragro_spect","20B",-0.0132870246919544,0.752630218534587,0.00183622077438894
"572","eragro_spect","4A",-0.223078835361961,0.0865519161279455,0.230440805169382
"573","eragro_spect","4B",-0.129115152879307,0.0531203673083298,0.134694368612029
"574","eragro_spect","N1B",-0.831082605823827,0.109088656076224,0.644071591083317
"575","eragro_spect","N20B",0.0140044841145505,0.802335689807054,0.00183956193797186
"576","eragro_spect","N4A",-0.14631918477483,0.0525422775185904,0.151406365951847
"577","eragro_spect","N4D",-0.0915854526210489,0.187394204757212,0.0671500432805996
"578","erecht_hiera","1D",0.228102097168373,0.0947083464936289,0.276325126473893
"579","erecht_hiera","20B",0.252223522990008,0.00677098695238865,0.404451013185847
"580","erecht_hiera","4A",0.220832555192318,0.0308255310445094,0.264695887732598
"581","erecht_hiera","4B",0.153364441358172,0.0830974948211263,0.184868058276775
"582","erecht_hiera","N20B",0.84206368146275,0.326164741655015,0.503220410457792
"583","erecht_hiera","N4A",0.222203173569491,0.171375546502955,0.243433897953523
"584","eriger_annuu","4B",-0.0129511140532865,0.909619401939333,0.00146382691620006
"585","eriger_annuu","N1B",0.383581933213839,0.00784028492121469,0.599156213154166
"586","eriger_annuu","N20B",0.0150466513834843,0.743227228724042,0.00232644287334005
"587","eriger_annuu","N4A",0.131813895324067,0.10501738577463,0.149060619356732
"588","eriger_annuu","N4D",0.273442817553044,0.00409623949149984,0.454289981160572
"589","eriger_phila","1D",0.121674554045303,0.172979866945143,0.123475758999471
"590","eriger_phila","N1B",-0.0539588638516529,0.656450990342003,0.0238978956205079
"591","eriger_phila","N20B",0.358837094583453,0.00588312375470745,0.552719396155879
"592","eriger_phila","N4A",0.195402232758124,0.103476584322343,0.23349842726384
"593","eriger_strig","1D",0.0261119620086928,0.821060529556728,0.00587834424651312
"594","eriger_strig","20B",-0.0817618686521943,0.0903702082015672,0.082644642330394
"595","eriger_strig","4A",-0.0893495366778998,0.353134044659992,0.0683701887576225
"596","eriger_strig","4B",-0.208489868748768,0.00796187771912638,0.3308414639617
"597","eriger_strig","N1B",29.697367867187,0.991223722287232,0.999999791031654
"598","eriger_strig","N20B",-0.452061222739685,0.320893348347205,0.365871581871684
"599","eriger_strig","N4A",-0.22220242013232,0.171355468405976,0.243449507719925
"600","eriger_strig","N4D",496.000574889292,0,1
"601","eupato_altis","1D",0.154257864456997,0.0120840960873649,0.230266053659582
"602","eupato_altis","20B",-0.0201153457923394,0.636938937162877,0.00458041943362963
"603","eupato_altis","4A",-1.07747495283428,0.183693111715671,0.681807215807538
"604","eupato_altis","4B",-0.180355917671281,0.00657828976137642,0.249741433641761
"605","eupato_altis","N1B",0.908927060247037,0.0643716304945376,0.76461534996887
"606","eupato_altis","N20B",-0.180957631096381,0.00520751857227464,0.24745635443025
"607","eupato_altis","N4A",-0.177738837169104,0.0179546982151333,0.214546258264657
"608","eupato_altis","N4D",-0.0148023045893498,0.811273861661799,0.00201921048169751
"609","euphor_cyath","20B",-0.714753839762816,0.169522690604076,0.548163558748834
"610","euphor_cyath","4A",-0.124389351806628,0.0510580466049206,0.14897044438635
"611","euphor_cyath","N1B",-0.0580263020741436,0.426033266897945,0.0344918138610688
"612","euphor_cyath","N20B",0.157569653401919,0.00623209417627102,0.249001724926564
"613","euphor_cyath","N4A",0.45243171388921,0.320909809078072,0.365870235549467
"614","euphor_cyath","N4D",-0.169108321248884,0.0317041774684239,0.232726084363683
"615","euphor_david","20B",0.460273435265473,0.0194039232826673,0.596003007852399
"616","euphor_david","N1B",0.356968900161928,0.0324722193529985,0.465774981930626
"617","euphor_david","N20B",0.558443642518541,0.0256624189451582,0.657050626391216
"618","euphor_david","N4D",0.469216356956495,0.0371333868282038,0.555038403790933
"619","euphor_denta","20B",0.179155575398393,0.00809039558397506,0.281456908213425
"620","euphor_denta","4A",0.178153029532492,0.190470245981728,0.189797030761408
"621","euphor_denta","4B",0.102549272794798,0.0951637002095034,0.110397787500749
"622","euphor_denta","N1B",0.402906301840265,0.0056828572857659,0.62344424851122
"623","euphor_denta","N20B",0.348252395095189,0.0042432534290775,0.56362816511873
"624","euphor_denta","N4A",0.352616352427966,0.0521267542698578,0.435022641014585
"625","euphor_denta","N4D",0.0523054608390414,0.278984315272042,0.0348499168700688
"626","euphor_glypt","1D",0.157569625853155,0.00623209790267842,0.249001724926559
"627","euphor_glypt","4A",0.0655074857172387,0.235441957487902,0.050189189972499
"628","euphor_glypt","4B",0.0688092854204453,0.29635891309733,0.0503018023994304
"629","euphor_glypt","N1B",0.170313631543234,0.00916781354312324,0.263533990882971
"630","euphor_glypt","N20B",0.136459176855367,0.0149011766661795,0.195858572473414
"631","euphor_glypt","N4A",0.118903936353383,0.0184246819282297,0.162506934681277
"632","euphor_glypt","N4D",0.129450247927432,0.013290993120656,0.185768651496092
"633","euphor_macul","4A",0.153353328985134,0.373978233209636,0.134641597533748
"634","euphor_macul","N1B",27.3836401505384,0.983565592626702,0.99999987211172
"635","euphor_macul","N20B",0.737745572668064,0.0414098144654407,0.734005572608181
"636","euphor_macul","N4A",1.3088626352883,0.114462193993005,0.8351525376394
"637","euphor_macul","N4D",27.3836401505384,0.983565592626702,0.99999987211172
"638","euphor_margi","1D",-0.135289464929798,0.022347373275351,0.18652261588619
"639","euphor_margi","20B",496.000574889292,0,1
"640","euphor_margi","4A",0.0534857033649781,0.237189017928282,0.0377491735288922
"641","euphor_margi","4B",0.0115528959930132,0.810393097010801,0.00174269627773238
"642","euphor_margi","N1B",0.187562686296112,0.345786429529119,0.173042693112659
"643","euphor_margi","N20B",-0.0426072820475727,0.546245009515845,0.0192012548553899
"644","euphor_margi","N4A",0.175898943289688,0.0146592983495151,0.262235008384313
"645","euphor_margi","N4D",-0.0396882377630133,0.736184228557756,0.0133146057778996
"646","euphor_missu","4A",-27.8064015010948,0.985004138498385,0.999999584267422
"647","euphor_missu","4B",-27.8064015010948,0.985004138498385,0.999999584267422
"648","euphor_missu","N4D",-0.452430757723577,0.320801169888321,0.365870235546185
"649","euphor_nutan","1D",-0.00775629313019761,0.8788565289577,0.00076354825468028
"650","euphor_nutan","20B",0.147992665084427,0.0221731145356305,0.207513103856757
"651","euphor_nutan","4A",0.0526880130417558,0.223794677158704,0.0375701787300309
"652","euphor_nutan","4B",0.105188675370895,0.0583421468906864,0.122431692298739
"653","euphor_nutan","N1B",27.3242045556365,0.983402822594929,0.999999828798556
"654","euphor_nutan","N20B",0.315829970690898,0.00463719953918784,0.51252246449708
"655","euphor_nutan","N4A",0.268249949792991,0.00511087174219793,0.438429202516432
"656","euphor_nutan","N4D",0.120924108895367,0.0264211410493347,0.16002434068046
"657","euphor_prost","N1B",0.0970288481070365,0.175992320484882,0.0918368422770673
"658","euphor_prost","N20B",0.31025471163161,0.320910495397927,0.281562877898131
"659","euphor_prost","N4A",0.00923759895351567,0.892012313645952,0.000936678185605389
"660","euphor_prost","N4D",0.0847208133844802,0.144954281195417,0.0797140814854025
"661","euphor_serpe","1D",-0.322543749728806,0.0515883879219696,0.406742515797764
"662","euphor_serpe","20B",-0.310287674905857,0.0429077814731365,0.416399243756287
"663","euphor_serpe","4A",-0.225559059458447,0.0558388592107517,0.294094166343437
"664","euphor_serpe","4B",-0.180482934898766,0.102340870275055,0.179910816693687
"665","euphor_serpe","N1B",-0.098128605806757,0.036845744917879,0.102490196589895
"666","euphor_serpe","N20B",-0.135137639097341,0.0134194478125462,0.19542824746861
"667","euphor_serpe","N4A",-0.0777732323080259,0.0806208205591494,0.0787208184870828
"668","euphor_serpe","N4D",0.0728706850766826,0.115259438759405,0.0610401815427062
"669","euphor_spath","20B",496.000574889292,0,1
"670","euphor_spath","4A",-0.0603841453681086,0.240757567969276,0.0445311506480662
"671","euphor_spath","4B",-0.103206494663613,0.0307296570357238,0.12912634060274
"672","euphor_spath","N1B",0.0403715115306711,0.514761637747338,0.018415834792972
"673","euphor_spath","N20B",-0.0539406173692967,0.656537495284836,0.0238978928203851
"674","euphor_spath","N4A",0.198232982813315,0.179521937395483,0.215137608421063
"675","euphor_spath","N4D",0.121674438100717,0.172951608523575,0.123475758999551
"676","euphor_stict","N4D",-0.126749501070054,0.412386177695938,0.103048957018495
"677","evolvu_nutta","N1B",0.222203173569491,0.171375546502955,0.243433897953523
"678","fallop_scand","20B",0.34073536510534,0.00566743095045297,0.535879926620889
"679","fallop_scand","N20B",0.181779731957111,0.109490058970132,0.214376556404654
"680","galium_apari","20B",-0.016180915753245,0.693389133491783,0.00292469149467367
"681","galium_apari","4B",-0.0629471107568742,0.250156358608939,0.047171789807489
"682","galium_apari","N1B",-0.0327984507283301,0.637058954729299,0.0115559811549724
"683","galium_apari","N20B",0.00161427595787491,0.967956939332183,3.75989960839096e-05
"684","galium_apari","N4A",0.185166773953186,0.00601795752890943,0.29858179031722
"685","galium_apari","N4D",0.067580856738069,0.124622405669051,0.0491332242425653
"686","galium_circa","20B",0.297252126776292,0.051575363432758,0.38077510654065
"687","galium_circa","4A",0.84206368146275,0.326164741655015,0.503220410457792
"688","galium_circa","N20B",0.329418309898671,0.00260480683293562,0.460534083363522
"689","galium_circa","N4D",0.569607337540931,0.0204409681017255,0.694691416447203
"690","gerani_carol","1D",-27.8064015010948,0.985004138498385,0.999999584267422
"691","gerani_carol","20B",-0.0424978186107104,0.392864398218804,0.0228285533913442
"692","gerani_carol","4A",0.84206368146275,0.326164741655015,0.503220410457792
"693","gerani_carol","N1B",-0.0472636444449383,0.362650865122974,0.0264647483649317
"694","gerani_carol","N20B",-0.31025442415103,0.320866774698898,0.281562877898324
"695","gerani_carol","N4A",0.0107210847412761,0.788964806691907,0.00151921080635697
"696","gerani_carol","N4D",-0.0270980381791602,0.62490982724779,0.00885876633558136
"697","geum_canad","20B",0.745593148251157,0.035792431239364,0.793278825737966
"698","geum_canad","4B",0.0410654178992534,0.464657402050103,0.0171480833725158
"699","geum_canad","N1B",0.112280012222855,0.0338477303130653,0.142085355830614
"700","geum_canad","N20B",7.45343589588764,0.433434171883546,0.99712548616417
"701","geum_canad","N4A",0.2308569428311,0.00276806087125037,0.397286016352723
"702","geum_canad","N4D",-0.00777562874280086,0.893005606095641,0.000536935586944121
"703","glandu_bipin","4A",-0.0837505868057851,0.288341746600497,0.0544502367742785
"704","glandu_bipin","4B",-0.248068682721935,0.073780721062586,0.274478064445914
"705","glandu_bipin","N1B",0.0777008700947235,0.249831522863212,0.0625862650235608
"706","glandu_bipin","N20B",0.00159447839613458,0.967646915465968,2.65191417559985e-05
"707","glandu_bipin","N4A",-0.136469116708603,0.0490849566552753,0.172809660425872
"708","glandu_bipin","N4D",0.0795412945569275,0.122222744390971,0.075637186235146
"709","gledit_triac","20B",12.2284276956083,0.573665001548859,0.999726788203118
"710","gledit_triac","4A",0.0953154101896861,0.0420264735128755,0.11245524594533
"711","gledit_triac","4B",0.123349219674156,0.0894441279129599,0.0891111634191388
"712","gledit_triac","N1B",0.313051715308201,0.0202561196993949,0.442543446435639
"713","gledit_triac","N20B",-0.119154341446513,0.107642420790515,0.112647899051218
"714","gledit_triac","N4A",0.294727173509951,0.00358947295128287,0.498451523669692
"715","gledit_triac","N4D",0.294580910345594,0.0191453761151543,0.345208982746755
"716","grinde_squar","N1B",0.195985220354381,0.0031759655784076,0.279669837893198
"717","grinde_squar","N20B",0.433779532981987,0.0103634110448065,0.640162698263968
"718","grinde_squar","N4A",0.359635961739691,0.000478474609777013,0.503126945177022
"719","grinde_squar","N4D",0.190934308966941,0.0400077717849308,0.258644226682923
"720","hackel_virgi","20B",0.399258006610171,0.0187355284701336,0.462631877935991
"721","hackel_virgi","4B",0.453641011258563,0.320971432566015,0.365871745847027
"722","hackel_virgi","N20B",0.289250912149897,0.162622122090743,0.31167103076907
"723","hackel_virgi","N4D",19.0939236580155,0.909242291668975,0.999985477940305
"724","hedeom_hispi","4A",-0.0817780786234738,0.068981871963214,0.0861507739439219
"725","hedeom_hispi","4B",-0.112528570757172,0.0809980272599711,0.124916847164883
"726","hedeom_hispi","N1B",0.506933230402509,0.0378062807276141,0.601255592368143
"727","hedeom_hispi","N20B",0.289250072178631,0.162563000954451,0.311671030762438
"728","hedeom_hispi","N4A",0.198232982813315,0.179521937395483,0.215137608421063
"729","hedeom_hispi","N4D",0.178153173029123,0.190440238203455,0.189797030761471
"730","helian_annuu","20B",-0.31025442415103,0.320866774698898,0.281562877898324
"731","helian_annuu","4A",0.84206368146275,0.326164741655015,0.503220410457792
"732","helian_annuu","4B",-0.00810943234861179,0.864228761499123,0.000588770762342428
"733","helian_annuu","N20B",-0.0746459299361473,0.326789792965026,0.0546468397388576
"734","helian_annuu","N4A",0.0776550019746664,0.0869764331928506,0.0666961054239171
"735","helian_annuu","N4D",0.0261054722385506,0.821102367884126,0.00587834460430425
"736","helian_maxim","N4A",0.137659462916064,0.00726899523820124,0.164388152860274
"737","helian_pauci","1D",-0.714753839762816,0.169522690604076,0.548163558748834
"738","helian_pauci","4A",0.093312420696718,0.0258590467144089,0.0730748821934178
"739","helian_pauci","4B",0.115165735817667,0.0963360211685933,0.127796100796516
"740","helian_pauci","N1B",3.15326331228414,0.336560198527696,0.912887970300983
"741","helian_pauci","N20B",22.9370653027103,0.940881449384657,0.999997153198286
"742","helian_pauci","N4A",0.193964243891757,0.0089771454818246,0.287435938564486
"743","helian_petio","N4A",-0.153357160547973,0.373968203267713,0.134655507961613
"744","helian_tuber","N20B",4.81255647514434,0,0.955981555479999
"745","heliop_helia","N4A",21.119546381504,0.939814130592374,0.999995582696738
"746","hierac_longi","1D",23.6078986696025,0.963603104400663,0.999999303414606
"747","hierac_longi","20B",-0.0701506047344397,0.111740595796198,0.0490009241812579
"748","hierac_longi","4A",-0.241441393212762,0.004118593042858,0.403346389815069
"749","hierac_longi","4B",-0.536515079370072,0.00951312978252439,0.642447955499096
"750","hierac_longi","N1B",-0.0760450779631701,0.0905222558334042,0.0749987812428906
"751","hierac_longi","N20B",-0.0386204161572534,0.436913579774297,0.0191653632039025
"752","hierac_longi","N4A",-0.328147292235256,0.0162874316046107,0.37716555358914
"753","hierac_longi","N4D",0.0826345063314369,0.0744459924386363,0.0863798757955361
"754","hordeu_pusil","N1B",0.387709408784782,0.010163881957272,0.503866686082762
"755","hordeu_pusil","N20B",0.156932486008325,0.0256712594902013,0.188984496664612
"756","hordeu_pusil","N4A",0.333032204299656,0.00060499331389674,0.469803277105094
"757","hordeu_pusil","N4D",12.5490917351156,0,0.999811260545467
"758","hybant_verti","20B",-0.126749501070054,0.412386177695938,0.103048957018495
"759","hybant_verti","4A",-0.134944537807414,0.00528697479646767,0.169024250244654
"760","hybant_verti","4B",-0.289877801534967,0.00396134632286871,0.416224494849583
"761","hybant_verti","N1B",0.110626663174752,0.0257205597528984,0.121486648050244
"762","hybant_verti","N20B",-0.129390508972332,0.0400279293449595,0.160779766376693
"763","hybant_verti","N4D",-0.0167763187773221,0.733936591059672,0.00258423023652166
"764","hymeno_scabi","1D",-0.0476399026444638,0.50392049298845,0.0237787280545578
"765","hymeno_scabi","4A",-0.0874865084750556,0.275066071580079,0.0701913555587332
"766","hymeno_scabi","4B",-0.171242891934731,0.00830974013217745,0.206618386541605
"767","hymeno_scabi","N1B",-0.33021811088745,0.28749754002104,0.315084138144302
"768","hymeno_scabi","N20B",-0.244814723225429,0.160626363357042,0.279343481684278
"769","hymeno_scabi","N4A",0.0951012622241687,0.131023113340766,0.0810884620131722
"770","hymeno_scabi","N4D",0.0843601904948125,0.14245556190799,0.0591254370912356
"771","juncus_inter","20B",0.163435690911948,0.00618213985207761,0.22845821216965
"772","juncus_inter","4A",0.220691322910087,0.000420875293871914,0.319519305479445
"773","juncus_inter","N1B",-0.0634174238378383,0.3905329259223,0.0406510950143256
"774","juncus_inter","N20B",0.0716975547877858,0.201018306420388,0.0591952810901629
"775","juncus_inter","N4A",0.155254892059008,0.0047282432018676,0.213442765767535
"776","junipe_virgi","20B",0.0918823077600737,0.100491419507765,0.0948159052154697
"777","junipe_virgi","4B",0.84206368146275,0.326164741655015,0.503220410457792
"778","junipe_virgi","N4D",0.0129493729056011,0.909631650778673,0.00146382692095193
"779","koeler_macra","1D",-0.232473067530517,0.0186335502575767,0.276601710548589
"780","koeler_macra","20B",-0.0472949572866364,0.437150539888019,0.0183958682673654
"781","koeler_macra","4A",-0.632335559904537,0.0985832220068008,0.570907641059335
"782","koeler_macra","4B",-0.840237883000165,0.326072689410439,0.503213211287279
"783","koeler_macra","N1B",-5.77840722132747,0,0.974390053633475
"784","koeler_macra","N20B",0.148755545109483,0.0387448707680818,0.203549084058217
"785","koeler_macra","N4A",0.089983656011413,0.0530204540080375,0.112024856490423
"786","koeler_macra","N4D",0.0878581187542921,0.0818682398510746,0.094105596807897
"787","krigia_cespi","4A",0.13987602171053,0.0258240527348415,0.191255432944886
"788","kummer_stipu","20B",-0.120260968535707,0.263687456842168,0.110536120482637
"789","kummer_stipu","N1B",0.199016202543273,0.00430705682375954,0.330582728862044
"790","kummer_stipu","N20B",0.250109026848063,0.00266999155136993,0.431055150012331
"791","kummer_stipu","N4A",0.484813488878975,0.0100873394802203,0.684971011731814
"792","kummer_stipu","N4D",0.280914680255428,0.00267038142067522,0.43387951243535
"793","lactuc_canad","N20B",-0.104834114031275,0.460460716018837,0.0769080610100787
"794","lactuc_ludov","20B",-0.0321051369792204,0.45284047353791,0.0142411549765847
"795","lactuc_ludov","4A",-0.0859928787246909,0.517629180298914,0.055357048421829
"796","lactuc_ludov","4B",0.0559150376296589,0.522659512857836,0.0294792638168635
"797","lactuc_ludov","N1B",-0.0688097609060754,0.296331256320872,0.0503018024019716
"798","lactuc_ludov","N20B",-0.0138744160723749,0.773503649740799,0.00251045552212159
"799","lactuc_ludov","N4A",0.0559153312724818,0.52265763060465,0.0294792617217747
"800","lactuc_ludov","N4D",-0.0408699710785245,0.388289873255163,0.0217014183052671
"801","lactuc_serri","20B",-0.164730407420007,0.0061020626691306,0.262257335811555
"802","lactuc_serri","4A",-0.106609602016515,0.20679369371433,0.100342285026555
"803","lactuc_serri","4B",-0.396339463012379,0.0103391911899375,0.49047296174943
"804","lactuc_serri","N1B",-0.389133138247142,0.0531231894677733,0.466081595404545
"805","lactuc_serri","N20B",-0.18673719438914,0.0130326753719296,0.282712296147106
"806","lactuc_serri","N4A",-0.190934273437354,0.039987093365885,0.258644226682939
"807","lactuc_serri","N4D",-0.484553386144048,0.0101980939439075,0.683088873924232
"808","lamium_ample","N20B",-0.178153156686862,0.190440237713315,0.189797030761475
"809","leersi_oryzo","N20B",0.0859872598867664,0.517640292626882,0.0553570480777276
"810","leersi_virgi","4B",3.15326331228414,0.336560198527696,0.912887970300983
"811","leersi_virgi","N20B",24.2994995224321,0.968473064941718,0.999998573183945
"812","leersi_virgi","N4A",1.54558162564033,0.154117123828168,0.652450379092736
"813","lepidi_densi","20B",-0.106780933292509,0.0399352985267818,0.13084901819354
"814","lepidi_densi","4A",-0.0909712137012213,0.0494528763547255,0.103727362117843
"815","lepidi_densi","4B",-0.169108348303211,0.031704167768577,0.232726084361898
"816","lepidi_densi","N1B",496.000574889292,0,1
"817","lepidi_densi","N20B",496.000574889292,0,1
"818","lepidi_densi","N4A",0.0191154801600269,0.814726107484689,0.00314476470321279
"819","lepidi_densi","N4D",496.000574889292,0,1
"820","lepidi_virgi","N1B",0.31025471163161,0.320910495397927,0.281562877898131
"821","lepidi_virgi","N4A",23.0773798005625,0.959369500525698,0.999998720061723
"822","lesped_capit","1D",-0.099593991632312,0.226701914276988,0.089849572946142
"823","lesped_capit","20B",-0.831355153063702,0.109104962280994,0.64407143428893
"824","lesped_capit","4A",-4.1233577190396,NA,0.978828200021969
"825","lesped_capit","4B",-6.02222474523637,0.33527361987471,0.993664926087229
"826","lesped_capit","N1B",-0.153112462885779,0.0765541369410971,0.193512814369325
"827","lesped_capit","N20B",-0.0310736975339125,0.662682970419336,0.00824813731169105
"828","lesped_capit","N4A",-0.460095183325154,0.0193921105116612,0.596003357333081
"829","lesped_capit","N4D",-0.249073602656919,0.0860604540847878,0.317757986309104
"830","lesped_cunea","N20B",0.339427077015816,0.161546699135687,0.353881821919465
"831","lesped_cunea","N4D",0.235274198992005,0.328261986400413,0.220557561582577
"832","lesped_viola","1D",0.0901593355786139,0.200534199607529,0.0809120172166943
"833","lesped_viola","20B",-0.200511125915127,0.00199027404316499,0.238433621132231
"834","lesped_viola","4A",24.2994995224321,0.968473064941718,0.999998573183945
"835","lesped_viola","4B",0.00570470922111915,0.889677455777552,0.000396170075300795
"836","lesped_viola","N1B",0.170663100015433,0.00445011014498786,0.209807524574443
"837","lesped_viola","N20B",1.38812920112899,NA,-10.7141758333876
"838","lesped_viola","N4A",-0.0516113478945526,0.22953594234,0.0309586694048231
"839","lesped_viola","N4D",0.141688638965344,0.0113511987995614,0.164447132941365
"840","lesped_xmann","N4A",0.976590251393543,0.0135136443358277,0.635511148532357
"841","leucos_multi","N20B",0.572759453734113,0.0614506897629603,0.583903703144688
"842","liatri_punct","4A",-0.281916779355248,0.000253027543258399,0.405760107052001
"843","liatri_punct","N20B",0.0548367740189519,0.364552921161298,0.0250074053367986
"844","liatri_punct","N4A",0.0933195875504469,0.0553113854016176,0.096848613474435
"845","liatri_punct","N4D",-0.0569754077263438,0.17776916659298,0.0345984523677471
"846","linum_sulca","1D",-0.19093425710161,0.0399870924618395,0.258644226682937
"847","linum_sulca","20B",-0.0376631493298696,0.590678154735023,0.0151298020565187
"848","linum_sulca","4A",-0.119213126810873,0.124177112327851,0.12801952262144
"849","linum_sulca","4B",-0.0351589250046525,0.4748551941016,0.0157963937238078
"850","linum_sulca","N1B",496.000574889292,0,1
"851","linum_sulca","N20B",496.000574889292,0,1
"852","linum_sulca","N4A",496.000574889292,0,1
"853","linum_sulca","N4D",496.000574889292,0,1
"854","lithos_incis","20B",0.0547640324472763,0.216241122602578,0.0400140428466915
"855","lithos_incis","4A",0.00646160296380154,0.872343678296252,0.000601725039100054
"856","lithos_incis","4B",0.0105831733203602,0.801319527657557,0.00157356535849573
"857","lithos_incis","N1B",0.199888069784539,0.0379841238307657,0.272908042872646
"858","lithos_incis","N20B",0.264676487126589,0.00405853526834798,0.44094768808765
"859","lithos_incis","N4A",0.631823725620967,0.031469746988469,0.692872900240443
"860","lithos_incis","N4D",0.632305140412236,0.0985544516888557,0.570907417037421
"861","lithos_occid","4A",-0.183102073549364,0.000838656952112604,0.24743992194291
"862","lithos_occid","4B",-0.187562560531248,0.345786601996916,0.1730426931129
"863","lithos_occid","N1B",3.15326331228414,0.336560198527696,0.912887970300983
"864","lithos_occid","N20B",-0.172410251953232,0.00840667680035789,0.283675661266906
"865","lithos_occid","N4D",-16.3916657780416,0.786230732263669,0.999933853354604
"866","lomati_foeni","20B",-0.40500059821317,0.00403712910704446,0.539688517850975
"867","lomati_foeni","4A",-0.226714543443464,0.00565523696016101,0.305206041739995
"868","lomati_foeni","4B",-0.277455639711586,0.00506454409651869,0.34859347450563
"869","lomati_foeni","N1B",-0.182562776812287,0.0423062432222112,0.245002750431528
"870","lomati_foeni","N20B",-0.12912502256593,0.101867979295227,0.160689701242141
"871","lomati_foeni","N4A",-0.312244645983737,0.0564794469348562,0.405219808005239
"872","lomati_foeni","N4D",-4.78877707112053,0.418359602251139,0.997336802120471
"873","lonice_maack","20B",25.7954026912102,0.97697278966764,0.99999948072985
"874","lonice_maack","N4D",19.0939236580155,0.909242291668975,0.999985477940305
"875","lycopu_ameri","N20B",-0.104834114031275,0.460460716018837,0.0769080610100787
"876","malus_bacca","20B",3.15326331228414,0.336560198527696,0.912887970300983
"877","malvas_angus","N20B",0.410579117490345,0.162191405958761,0.404144040930296
"878","medica_lupul","N1B",0.309064130376733,0.0314772361415183,0.417318449308819
"879","medica_lupul","N20B",0.395581312689073,0.0162671220278385,0.544550463821748
"880","medica_lupul","N4A",0.349488123514267,0.00400338401446798,0.568616831076046
"881","medica_lupul","N4D",0.297494012832126,0.00794706414969992,0.51340703111071
"882","melilo_offic","20B",0.0730654563786598,0.264818727201848,0.0468050597386974
"883","melilo_offic","N20B",-0.0979578804660539,0.231098548711809,0.0725193001423438
"884","melilo_offic","N4D",-0.108701407350352,0.106497654430525,0.0995143405933785
"885","menisp_canad","20B",-0.0201654942350652,0.806859651079636,0.00406651204964859
"886","mentze_oligo","4B",-0.0962662308413984,0.32523945100155,0.0800725045876701
"887","mentze_oligo","N20B",-0.842349981107377,0.325841961927475,0.503225927251247
"888","mentze_oligo","N4D",0.0702994438792507,0.144851864925608,0.0533610710773864
"889","mimosa_quadr","1D",-0.0863084482572489,0.188945258332141,0.0797207585939576
"890","mimosa_quadr","20B",0.0498125086501635,0.379347739815705,0.0251382019640966
"891","mimosa_quadr","4A",-0.246610112619881,0.0276853483988657,0.359542527082083
"892","mimosa_quadr","4B",-0.00573826018949325,0.915536202613591,0.000436790367722262
"893","mimosa_quadr","N1B",-0.0696060397717169,0.27459787052787,0.058280431183499
"894","mimosa_quadr","N20B",-0.604826382830851,0.034745835482775,0.689150389861615
"895","mimosa_quadr","N4A",-0.0778034052794749,0.114461441757643,0.0743042136707718
"896","mimosa_quadr","N4D",-0.236597450661323,0.00317751483931183,0.411157822554926
"897","mirabi_albid","1D",0.103068433467339,0.0358522442005793,0.126682316357043
"898","mirabi_albid","20B",0.126872469494282,0.043736879243925,0.160455856494113
"899","mirabi_albid","4A",-0.0368239057123089,0.480689840356973,0.0167712262991681
"900","mirabi_albid","4B",-0.0803573528766794,0.390068524981214,0.0569336312620226
"901","mirabi_albid","N1B",0.520405024653597,0.164459287742353,0.466317705750638
"902","mirabi_albid","N20B",0.0689443168092975,0.357520296493567,0.0473640388708267
"903","mirabi_albid","N4A",-0.00668524391047955,0.93487690123586,0.000450615180244029
"904","mirabi_albid","N4D",0.0137322594387123,0.757097743051004,0.00257048628439971
"905","mirabi_linea","1D",-0.297252119314683,0.0515454942714735,0.380775106540652
"906","mirabi_linea","20B",-0.248183833015321,0.0918041767518814,0.300461661042234
"907","mirabi_linea","4A",-27.8064015010948,0.985004138498385,0.999999584267422
"908","mirabi_linea","4B",-0.240270365434475,0.0540859978044863,0.3136211511909
"909","mirabi_linea","N1B",-27.8064015010948,0.985004138498385,0.999999584267422
"910","mirabi_linea","N20B",-0.420174839809648,0.0863174483886617,0.37799317725328
"911","mirabi_linea","N4A",-1.57124310475655e-14,1,0
"912","mirabi_linea","N4D",-0.00668545921210812,0.934874720625647,0.000450615182766123
"913","mirabi_nycta","20B",-0.0397024338823443,0.736115491240798,0.0133146023371659
"914","monard_fistu","4A",-0.0610457883553377,0.206557521800238,0.0348230729672599
"915","monard_fistu","4B",-0.0824209422415441,0.288652099556899,0.054500062658004
"916","monard_fistu","N1B",0.120260868189636,0.263706959602821,0.110536120482012
"917","monard_fistu","N20B",0.745384389071521,0.0360142518200333,0.786772911987648
"918","monard_fistu","N4A",0.0610580550395708,0.186100669151382,0.0342900551768376
"919","monard_fistu","N4D",-0.0322180653889339,0.606953319566325,0.009172587187668
"920","monole_nutta","N1B",1.80228685482358,0.0762240772318117,0.802817263749469
"921","morus_alba","20B",24.2994995224321,0.968473064941718,0.999998573183945
"922","morus_alba","N20B",0.832998715409772,0.0175570978312705,0.685984973010761
"923","muhlen_cuspi","1D",-0.145386123330208,0.221065486630466,0.12004732626284
"924","muhlen_cuspi","20B",-0.11443459015196,0.0212569220531189,0.136977592273307
"925","muhlen_cuspi","4A",-53.4722756167676,0.999981114682848,0.999999999993082
"926","muhlen_cuspi","4B",-0.141594562761314,0.0054720580582166,0.169248170964809
"927","muhlen_cuspi","N1B",-0.070029705608726,0.219491223809384,0.045857216566772
"928","muhlen_cuspi","N20B",-0.0937642949156682,0.0558385588554815,0.0941877115035014
"929","muhlen_cuspi","N4A",-5.81651631992838,1.55431223447522e-15,0.985365586853979
"930","muhlen_cuspi","N4D",-0.115638941189799,0.01713081452138,0.123845839094272
"931","muhlen_frond","20B",24.2994995224321,0.968473064941718,0.999998573183945
"932","muhlen_racem","4B",0.202463099932126,0.00831693573321535,0.319840338800237
"933","muhlen_racem","N1B",-0.014163724081488,0.723731088634789,0.00228142254589159
"934","muhlen_racem","N20B",-0.0147924506756502,0.747510879231004,0.0019721979397137
"935","muhlen_racem","N4A",0.173788539378937,0.00179202485442298,0.247039263613192
"936","muhlen_racem","N4D",-0.361489838349481,0.000827276838530011,0.495815519982722
"937","nothoc_cuspi","N4D",-0.452430757723577,0.320801169888321,0.365870235546185
"938","oenoth_bienn","20B",-53.4722756167676,0.999981114682848,0.999999999993082
"939","oenoth_bienn","4B",-27.8064015010948,0.985004138498385,0.999999584267422
"940","oenoth_bienn","N1B",0.0180226779015486,0.7650786399375,0.00377092909560262
"941","oenoth_bienn","N20B",-53.4722756167676,0.999981114682848,0.999999999993082
"942","oenoth_bienn","N4A",0.131813896340377,0.105017383282635,0.149060619356732
"943","oenoth_bienn","N4D",0.0593392858499253,0.310939541559703,0.0401990627974451
"944","oenoth_curti","20B",0.0129493729056011,0.909631650778673,0.00146382692095193
"945","oenoth_curti","4A",-0.15426300639805,0.055219288601547,0.163148406086437
"946","oenoth_curti","4B",-0.0565625603219722,0.29579358923328,0.0381745569311849
"947","oenoth_curti","N1B",-0.0332879809918484,0.551147685107098,0.0132667174885891
"948","oenoth_curti","N20B",-0.0376647765277825,0.590655062626979,0.0151298020337021
"949","oenoth_curti","N4A",-0.0256532830678563,0.566840869245104,0.00889167989465145
"950","oenoth_curti","N4D",0.00587380546646225,0.894442459181266,0.000471670169187144
"951","oenoth_glauc","4A",0.109789539872206,0.0257052265432691,0.117263941897511
"952","oenoth_glauc","4B",0.040247320722505,0.304486394388331,0.017754104197949
"953","oenoth_glauc","N20B",-0.0403729880700348,0.514745258403041,0.0184158348414547
"954","oenoth_glauc","N4A",-0.0983136545881595,0.0422743398697103,0.116950295819911
"955","oenoth_glauc","N4D",0.0657474492396912,0.207045097761981,0.0521469541236304
"956","oenoth_macro","4A",-0.310131533318527,0.320970707175319,0.281583290485337
"957","oenoth_macro","4B",-0.227996503894992,0.00427450579469379,0.316519844324235
"958","oenoth_macro","N1B",0.116012510793684,0.0262867008970005,0.152115059662153
"959","oenoth_macro","N20B",-0.110394454781394,0.14983437180154,0.110330522536298
"960","oenoth_macro","N4A",-0.178150093393114,0.0139728956388006,0.212330064271899
"961","oenoth_macro","N4D",-0.0193750944600679,0.731108547493754,0.0034890548710903
"962","oenoth_serru","4A",0.352616338733769,0.0521267231893925,0.43502264101461
"963","oenoth_serru","4B",-0.17686331222679,0.192120593081447,0.158603819599176
"964","oenoth_serru","N20B",0.00803091038175619,0.930079801182731,0.000458902409325002
"965","oenoth_serru","N4A",-0.161453351135772,0.0773238522747255,0.198068739615251
"966","oenoth_serru","N4D",0.243258931885297,0.00518991977312533,0.399129143951107
"967","oenoth_speci","20B",-0.0659552865907876,0.114613994230193,0.0414138423833363
"968","oenoth_speci","4A",-0.0422796482382322,0.303792940315944,0.0172846338400737
"969","oenoth_speci","4B",-0.128809314195756,0.0211979094508778,0.136867641208787
"970","oenoth_speci","N1B",-0.0768177431946289,0.0815631333159821,0.0658899374263129
"971","oenoth_speci","N20B",-0.173040681732529,0.00463489164773856,0.224626055597769
"972","oenoth_speci","N4A",0.00998034716360479,0.816594999731908,0.00136637525296701
"973","oenoth_speci","N4D",-0.121709042974828,0.0629621113580059,0.118641477218863
"974","oenoth_villo","4A",0.45243171388921,0.320909809078072,0.365870235549467
"975","oenoth_villo","4B",0.339427030823745,0.161547057670652,0.353881821918883
"976","oenoth_villo","N1B",1.30596665496409,0.116968135158739,0.816728950261346
"977","oenoth_villo","N20B",19.0939236580155,0.909242291668975,0.999985477940305
"978","oenoth_villo","N4A",0.730401262994665,0.0457504605487773,0.711375698184207
"979","oenoth_villo","N4D",0.899564483445322,0.0704566199837564,0.738736955042618
"980","ophiog_vulga","20B",0.153353328985134,0.373978233209636,0.134641597533748
"981","ophiog_vulga","4A",0.460273435265473,0.0194039232826673,0.596003007852399
"982","ophiog_vulga","N1B",0.84206368146275,0.326164741655015,0.503220410457792
"983","ophiog_vulga","N20B",0.743665762572725,0.0269568049403692,0.635285886719398
"984","ophiog_vulga","N4D",0.0704090364257316,0.096345593794414,0.0548058645012078
"985","opunti_macro","20B",0.271763925206646,0.0899304017810707,0.326805044881183
"986","opunti_macro","4A",-0.0449269524772037,0.305052912918207,0.0304936590114104
"987","opunti_macro","4B",0.104842327670938,0.460440911469101,0.0769145453195819
"988","opunti_macro","N1B",0.0696570155792159,0.204318466227384,0.0456542021255605
"989","opunti_macro","N20B",-0.0939655747907139,0.0640100142958069,0.0863517718747122
"990","opunti_macro","N4D",0.185166736364311,0.00601796284457845,0.298581790316869
"991","oxalis_dille","20B",27.3836401505384,0.983565592626702,0.99999987211172
"992","oxalis_dille","4A",0.460273435265473,0.0194039232826673,0.596003007852399
"993","oxalis_dille","4B",0.460273435265473,0.0194039232826673,0.596003007852399
"994","oxalis_dille","N1B",27.3836401505384,0.983565592626702,0.99999987211172
"995","oxalis_dille","N20B",27.3836401505384,0.983565592626702,0.99999987211172
"996","oxalis_dille","N4A",27.3836401505384,0.983565592626702,0.99999987211172
"997","oxalis_dille","N4D",27.3836401505384,0.983565592626702,0.99999987211172
"998","oxalis_stric","1D",-0.261199457514912,0.00672364935703373,0.418194069919516
"999","oxalis_stric","20B",-0.232093733315487,0.0049248288250312,0.378995319386378
"1000","oxalis_stric","4A",-0.332896590930343,0.00765309370389144,0.512637386646017
"1001","oxalis_stric","4B",-0.147634974121239,0.00984300480855493,0.222743675314293
"1002","oxalis_stric","N1B",-25.67891767622,0.976400968015191,0.999999700079466
"1003","oxalis_stric","N20B",-25.67891767622,0.976400968015191,0.999999700079466
"1004","oxalis_stric","N4A",-0.460273395803845,0.0194039181807979,0.596003007854272
"1005","oxalis_stric","N4D",-0.313051883884466,0.0202561124417722,0.442543446435535
"1006","oxalis_viola","20B",-0.152053117874989,0.00499635135356757,0.186744264682062
"1007","oxalis_viola","4A",-0.0841070658432846,0.0561187003088692,0.073210133864657
"1008","oxalis_viola","4B",-0.207014733823331,0.00166123137027108,0.296664319544814
"1009","oxalis_viola","N1B",-0.0254171213606857,0.624836135855356,0.00631696762879375
"1010","oxalis_viola","N20B",-0.0425602342755258,0.290574635128345,0.0199305886998162
"1011","oxalis_viola","N4A",0.0859926478730449,0.517629996563286,0.0553570484218752
"1012","oxalis_viola","N4D",-0.225988741794737,0.093074083783651,0.230616136152945
"1013","packer_platt","1D",-0.130304525676926,0.0239452334765748,0.17184160692927
"1014","packer_platt","20B",-0.337354973522883,0.0240626101467318,0.374549059104622
"1015","packer_platt","4A",-0.143873648926477,0.0239114672878618,0.199269638604479
"1016","packer_platt","4B",-0.0991436767602406,0.0688990538815961,0.110891246119609
"1017","packer_platt","N1B",496.000574889292,0,1
"1018","packer_platt","N20B",-0.104834959245166,0.460458024410296,0.076908061017892
"1019","packer_platt","N4A",496.000574889292,0,1
"1020","packer_platt","N4D",496.000574889292,0,1
"1021","panicu_capil","1D",0.289251405457358,0.162622124958708,0.311671030768964
"1022","panicu_capil","20B",0.089350080980674,0.353132965997781,0.0683701887588934
"1023","panicu_capil","4A",0.177493617139988,0.0111649409719874,0.23685247043055
"1024","panicu_capil","4B",0.0293737723980087,0.673480684768491,0.00768408052769742
"1025","panicu_capil","N1B",0.111492541727641,0.0493904418760893,0.134669981423442
"1026","panicu_capil","N20B",0.272656937610351,0.0316056318476667,0.374955137948598
"1027","panicu_capil","N4A",0.11917373619007,0.0515247254948237,0.145601308085846
"1028","panicu_capil","N4D",-0.0483918089827423,0.573801209142682,0.022449246662828
"1029","panicu_virga","1D",NA,NA,NA
"1030","panicu_virga","20B",-0.142999127243292,0.0340901569997529,0.152202740687665
"1031","panicu_virga","4A",-0.135695665500542,0.0109807610766666,0.206458789079191
"1032","panicu_virga","4B",-0.0476176714591162,0.26097930020534,0.0311972647108629
"1033","panicu_virga","N1B",-4.77213287025139,0.304982610432344,0.991179649381267
"1034","panicu_virga","N20B",-0.07462577119696,0.0952453779100482,0.0639765792917767
"1035","panicu_virga","N4A",-0.0700975155751608,0.204497397112964,0.0602104837347991
"1036","panicu_virga","N4D",-1.74218917267429,0.0935106470835401,0.850856217715711
"1037","pariet_pensy","20B",0.341148350034983,0.0103642411127964,0.508147227138724
"1038","pariet_pensy","4B",0.714761518890379,0.169666268183742,0.548163558768229
"1039","pariet_pensy","N20B",0.0234217206322713,0.64856700746539,0.00689441258685786
"1040","pariet_pensy","N4A",-2.25552670674713e-05,0.999841632831988,-6.18850437561491e-09
"1041","parthe_quinq","20B",23.0773798005625,0.959369500525698,0.999998720061723
"1042","parthe_quinq","4B",0.714760795327977,0.169666226327529,0.548163558768422
"1043","parthe_quinq","N20B",24.2994995224321,0.968473064941718,0.999998573183945
"1044","parthe_quinq","N4D",17.9816508907941,0.841432829668172,0.999978327150281
"1045","pascop_smith","N20B",-0.0539588638516529,0.656450990342003,0.0238978956205079
"1046","paspal_setac","N1B",21.4774714339383,0.944024122105716,0.999997341384329
"1047","paspal_setac","N20B",21.119546381504,0.939814130592374,0.999995582696738
"1048","paspal_setac","N4A",19.0939236580155,0.909242291668975,0.999985477940305
"1049","paspal_setac","N4D",1.74498650148682,0.0934675981147928,0.823041267806509
"1050","pediom_argop","1D",-0.0632250589662885,0.113733264499601,0.0322926997193353
"1051","pediom_argop","20B",-0.17130327553342,0.0116107417896327,0.26000372036278
"1052","pediom_argop","4A",-0.142334560683064,0.00377218234339161,0.159535422500971
"1053","pediom_argop","4B",-0.71144137728614,0.00650713915806422,0.696554779476497
"1054","pediom_argop","N20B",-0.131269162370145,0.0127402037690114,0.13347767312999
"1055","pediom_argop","N4A",-0.166481106661956,0.00893668494980959,0.240083082295557
"1056","pediom_escul","1D",496.000574889292,0,1
"1057","pediom_escul","20B",-0.351697406550551,0.000385767323736852,0.474270501050732
"1058","pediom_escul","4A",-0.10079239293693,0.0968243336435859,0.0904269315952595
"1059","pediom_escul","4B",-0.551486750585629,0.0596906418598087,0.500431203421273
"1060","pediom_escul","N1B",-0.235383106263699,0.166230664893186,0.217595522542697
"1061","pediom_escul","N20B",494.00057257117,0,1
"1062","pediom_escul","N4A",-0.304049742625562,0.134855368325459,0.341866808746883
"1063","pediom_escul","N4D",495.000573730268,0,1
"1064","pediom_tenui","1D",0.0464119835703054,0.248243027795773,0.0218773801031816
"1065","pediom_tenui","20B",-0.251672407633026,0.165746747830723,0.275310790243925
"1066","pediom_tenui","4A",-0.175098939439753,0.00324120302775022,0.215621988052853
"1067","pediom_tenui","4B",-0.325982753524482,0.00255872075937091,0.48319082202291
"1068","pediom_tenui","N1B",0.688169245381278,0.0684803565230603,0.636453371436494
"1069","pediom_tenui","N20B",19.7061094324242,0.919863129845007,0.999992251832531
"1070","pediom_tenui","N4A",0.0538403954950005,0.249861197118794,0.028839198003238
"1071","pediom_tenui","N4D",-0.840711785895197,0.326332325680543,0.49546860709364
"1072","penste_cobae","N1B",0.0641945082652816,0.147446909262573,0.0545048078235693
"1073","penste_cobae","N20B",-0.219218129357315,0.15995017230807,0.253987804211752
"1074","penste_cobae","N4A",0.12167449731945,0.172979930044839,0.123475758999542
"1075","penste_cobae","N4D",-0.00923602211643725,0.892030370530009,0.000936678156997051
"1076","penste_grand","N20B",-0.0387749084005078,0.353617849493196,0.0209614111956922
"1077","persic_hydro","20B",19.0939236580155,0.909242291668975,0.999985477940305
"1078","persica_pensy","N4A",-0.84208058452167,0.325871272582366,0.503220411567746
"1079","phryma_lepto","20B",19.0939236580155,0.909242291668975,0.999985477940305
"1080","phryma_lepto","N20B",0.251672964964739,0.165795135736347,0.275310790242469
"1081","physal_heter","4A",0.099651775885956,0.226582398190351,0.0898814653588365
"1082","physal_heter","4B",-0.0692459179306188,0.583240754598921,0.0378195378985312
"1083","physal_heter","N1B",0.0162020204485826,0.73716598052125,0.00341857662974077
"1084","physal_heter","N20B",-0.0129511140532865,0.909619401939333,0.00146382691620006
"1085","physal_heter","N4A",1.1728110349394,0.186958163866888,0.669983131248751
"1086","physal_heter","N4D",-0.0637313397359277,0.180948834859545,0.0515908088682473
"1087","physal_longi","20B",3.15326331228414,0.336560198527696,0.912887970300983
"1088","physal_longi","N1B",0.153353328985134,0.373978233209636,0.134641597533748
"1089","physal_longi","N20B",0.153353328985134,0.373978233209636,0.134641597533748
"1090","physal_misso","4A",0.84206368146275,0.326164741655015,0.503220410457792
"1091","physal_misso","4B",0.84206368146275,0.326164741655015,0.503220410457792
"1092","physal_pumil","1D",-6.68259630853038,0.0163444860805784,0.981348861768093
"1093","physal_pumil","20B",-0.24867915933669,0.0040713200436111,0.415489687062237
"1094","physal_pumil","4A",-0.0256468471879844,0.566932698467497,0.00889332862628855
"1095","physal_pumil","4B",-0.16117969009496,0.0178519570653832,0.233699797889021
"1096","physal_pumil","N1B",-4.1233577190396,NA,0.978828200021969
"1097","physal_pumil","N20B",-0.509035774313434,0.016237034949292,0.685515315781939
"1098","physal_pumil","N4A",-0.714732023156281,0.16956378374246,0.548172881010822
"1099","physal_pumil","N4D",-0.405871027894343,0.0127209233478354,0.571086249430858
"1100","physal_virgi","1D",0.183816154033344,0.00763265621789633,0.290766589189073
"1101","physal_virgi","20B",0.0287734354753543,0.474507958185974,0.00959362623143856
"1102","physal_virgi","4A",0.235935374284694,0.00699518188586401,0.37833043052396
"1103","physal_virgi","4B",27.3836401505384,0.983565592626702,0.99999987211172
"1104","physal_virgi","N1B",19.7061094324242,0.919863129845007,0.999992251832531
"1105","physal_virgi","N20B",0.118074117889426,0.0418477712682073,0.147635825057449
"1106","physal_virgi","N4A",0.235935374284694,0.00699518188586401,0.37833043052396
"1107","physal_virgi","N4D",0.441367918740252,0.0118855050444677,0.61464263724329
"1108","planta_arist","N1B",0.0803574310675089,0.390080976175524,0.0569336312624105
"1109","planta_arist","N4A",0.235274198992005,0.328261986400413,0.220557561582577
"1110","planta_patag","4A",-27.8064015010948,0.985004138498385,0.999999584267422
"1111","planta_patag","N1B",0.462520116454674,0.00354849388048573,0.580234633007196
"1112","planta_patag","N20B",0.21334889728034,0.00281679550350433,0.329512197226319
"1113","planta_patag","N4A",0.216771238280848,0.000539655737716638,0.298102662648218
"1114","planta_patag","N4D",0.665717452587778,0.0168495600027687,0.682780533826111
"1115","planta_rhodo","4A",-0.127338828225254,0.0189390795120901,0.176240094531813
"1116","planta_rhodo","4B",-0.11393222501133,0.188961219579291,0.111527149975056
"1117","planta_rhodo","N1B",0.0419916595256068,0.430456532374826,0.0213356296226542
"1118","planta_rhodo","N20B",-0.0427769456375172,0.450297362676743,0.0215924369908783
"1119","planta_rhodo","N4A",0.062796177710759,0.287435834214163,0.0446575562426522
"1120","planta_rhodo","N4D",0.117985503628878,0.02868484017825,0.153896409484402
"1121","planta_virgi","4A",0.309064152449694,0.0314778411278263,0.417319548105381
"1122","planta_virgi","N1B",0.304684351776798,0.00706328349962027,0.478547236440076
"1123","planta_virgi","N20B",27.3836401505384,0.983565592626702,0.99999987211172
"1124","planta_virgi","N4A",27.3836401505384,0.983565592626702,0.99999987211172
"1125","planta_virgi","N4D",0.640511827007364,0.0267178801847767,0.72698695273487
"1126","poa_prate","1D",-0.129901068293419,0.158660695661804,0.136233844669192
"1127","poa_prate","20B",0.126321467987216,0.0152370936277353,0.138236370404933
"1128","poa_prate","4A",-0.346564618954309,0.000576170215503824,0.469584683569597
"1129","poa_prate","4B",-0.0732367640650082,0.0916020182266317,0.0476338713741263
"1130","poa_prate","N1B",-0.204922331625105,0.0112079700871008,0.315866524353851
"1131","poa_prate","N20B",-0.226208941124185,0.0011680691163467,0.317081384919028
"1132","poa_prate","N4A",-0.0404905876808712,0.286811506102324,0.0180642589717347
"1133","poa_prate","N4D",-0.155211397203799,0.00597424443298711,0.195916469133944
"1134","polyga_verti","4A",-0.126749501070054,0.412386177695938,0.103048957018495
"1135","polyga_verti","N1B",-0.00775586905304725,0.8788629650055,0.000763548250712676
"1136","polyga_verti","N20B",0.110447261704986,0.104885939561737,0.119560461994246
"1137","polyga_verti","N4A",0.0718393728244979,0.43067032281165,0.0466768906923856
"1138","polyga_verti","N4D",0.0233283109814141,0.614946418285764,0.00722286583375675
"1139","polygo_avicu","N1B",0.0775928146919218,0.0974288413014253,0.0561982600294134
"1140","polygo_avicu","N20B",19.0939236580155,0.909242291668975,0.999985477940305
"1141","polygo_avicu","N4A",0.423980910795164,0.0349848053647619,0.522492366292181
"1142","polygo_avicu","N4D",0.187541101265063,0.345801400386652,0.173042691800119
"1143","polygo_ramos","N1B",0.153363320607268,0.0830982101630431,0.184868058282977
"1144","polygo_ramos","N4A",0.31025471163161,0.320910495397927,0.281562877898131
"1145","polygo_ramos","N4D",-0.104834114031275,0.460460716018837,0.0769080610100787
"1146","polygo_tenue","4A",-0.84208058452167,0.325871272582366,0.503220411567746
"1147","polygo_tenue","N1B",0.0320803451178528,0.596597911768677,0.0121013776063733
"1148","polygo_tenue","N20B",-0.84208058452167,0.325871272582366,0.503220411567746
"1149","polygo_tenue","N4A",0.0326565230876769,0.531936300390377,0.0111740047093967
"1150","polygo_tenue","N4D",-0.0314107048684876,0.544566854639222,0.0122921542503318
"1151","prunel_vulga","N1B",0.0339322125216832,0.68571014611293,0.0113578697351785
"1152","prunus_ameri","20B",-0.200131131895374,0.00577030408254142,0.264179372866502
"1153","prunus_ameri","4A",0.0218761959508842,0.616896972096393,0.00395829140383575
"1154","prunus_ameri","4B",-0.141818766062053,0.0365028693009524,0.142732735367605
"1155","prunus_ameri","N1B",0.104835154194193,0.460457572298563,0.0769080610176776
"1156","prunus_ameri","N20B",-0.0294371033733818,0.598560800264673,0.00558121506999687
"1157","prunus_ameri","N4A",NA,NA,NA
"1158","prunus_ameri","N4D",0.07611967681988,0.0633602806935027,0.0474455220572026
"1159","prunus_virgi","4A",-0.84208058452167,0.325871272582366,0.503220411567746
"1160","pseudo_obtus","20B",0.356969075651013,0.0324722261843517,0.465774981930596
"1161","pseudo_obtus","4A",0.251672380344053,0.165795639148696,0.275310790243924
"1162","pseudo_obtus","N20B",0.187541101265063,0.345801400386652,0.173042691800119
"1163","pseudo_obtus","N4D",0.632312543992399,0.098609375895448,0.570907412890905
"1164","pyrus_calle","20B",16.2525252114776,0.782176837033298,0.999926889023461
"1165","pyrus_calle","N4A",0.716154484953263,0.0536041316702687,0.680402739875312
"1166","quercu_muehl","N20B",24.2994995224321,0.968473064941718,0.999998573183945
"1167","ratibi_colum","1D",-1.30858272681051,0.117289404217329,0.816728589988079
"1168","ratibi_colum","20B",-0.0392760721302292,0.333050327957608,0.0191115304272524
"1169","ratibi_colum","4A",-0.755920807600622,0.334040261636549,0.5169841604365
"1170","ratibi_colum","4B",-0.0598352844710818,0.314909468719587,0.0320684800592586
"1171","ratibi_colum","N1B",4.71642536546401e-05,0.999668829702247,-2.50982321379212e-05
"1172","ratibi_colum","N20B",-0.264873241442418,0.312491428672508,0.257895151907865
"1173","ratibi_colum","N4A",-0.840237883000165,0.326072689410439,0.503213211287279
"1174","ratibi_colum","N4D",0.00704010987863225,0.93427551493325,0.000391153119718157
"1175","rhus_aroma","20B",-0.0908866560608776,0.0333975115895613,0.0574121901408187
"1176","rhus_aroma","4B",-0.0264735311322019,0.750971900188427,0.00579744199072396
"1177","rhus_aroma","N20B",495.993591171398,0,1
"1178","rhus_aroma","N4D",0.53745830949448,0.0533113653634254,0.682008923277853
"1179","rhus_glabr","20B",-0.112825052218208,0.0247115376231504,0.116705459438313
"1180","rhus_glabr","4A",0.0998986659614331,0.0718020056867477,0.0894815292907782
"1181","rhus_glabr","4B",-0.117117944224516,0.0244967610734161,0.143962511506143
"1182","rhus_glabr","N1B",NA,NA,NA
"1183","rhus_glabr","N20B",-0.204947176824394,0.00508992494522786,0.277561617340136
"1184","rhus_glabr","N4A",0.0115702728774383,0.772054646011409,0.00143747537784666
"1185","rhus_glabr","N4D",0.160395465121241,0.00303108023765719,0.187928048223943
"1186","ribes_misso","20B",0.198839161655743,0.00813951638263166,0.276739037973692
"1187","ribes_misso","N20B",0.300006422341915,0.0889110050304347,0.355765465119602
"1188","rosa_arkan","1D",-0.0609930677920838,0.166750982772469,0.0396354276582147
"1189","rosa_arkan","20B",-0.388464728971151,0.000971692731033924,0.533136094764458
"1190","rosa_arkan","4A",0.0221374773419476,0.63999305561361,0.00641487634005655
"1191","rosa_arkan","4B",-0.163316435325361,0.0462758420490141,0.186092447495129
"1192","rosa_arkan","N1B",-0.164687730683157,0.004560939241399,0.255323786581752
"1193","rosa_arkan","N20B",-0.168754163916731,0.0055028913059787,0.234721297875203
"1194","rosa_arkan","N4A",-0.0216062753675978,0.672859346445275,0.00617807942701909
"1195","rosa_arkan","N4D",-0.190534313400061,0.0251843357176516,0.22045179783929
"1196","rubus_flage","N4D",4.85415815194159,0,0.976537568513779
"1197","rubus_occid","20B",28.7678654085069,0.987784980541625,0.999999930478307
"1198","rubus_occid","4A",24.2994995224321,0.968473064941718,0.999998573183945
"1199","rubus_occid","4B",23.0773798005625,0.959369500525698,0.999998720061723
"1200","rubus_occid","N20B",11.1249365918024,0.625230452150048,0.99951132954428
"1201","rubus_occid","N4A",4.7513401459672,0,0.954954050742804
"1202","rubus_occid","N4D",6.35272830434722,0,0.980218070655244
"1203","rubus_pensi","20B",0.0600506120193469,0.251399670942694,0.0437197247700498
"1204","rubus_pensi","4A",18.607219602034,0.858728750122091,0.999981193369498
"1205","rubus_pensi","4B",0.296759891934066,0.000503699403463287,0.362817424720517
"1206","rubus_pensi","N20B",NA,NA,NA
"1207","rubus_pensi","N4A",27.3836401505384,0.983565592626702,0.99999987211172
"1208","rubus_pensi","N4D",0.0359346462801725,0.360225714330428,0.0141432867786161
"1209","ruelli_humil","1D",-4.1233577190396,NA,0.978828200021969
"1210","ruelli_humil","20B",-0.118750876466338,0.0242154338944107,0.157944362183914
"1211","ruelli_humil","4A",-0.452061222739685,0.320893348347205,0.365871581871684
"1212","ruelli_humil","4B",496.000574889292,0,1
"1213","ruelli_humil","N1B",-5.81651631992838,1.55431223447522e-15,0.985365586853979
"1214","ruelli_humil","N20B",496.000574889292,0,1
"1215","ruelli_humil","N4A",496.000574889292,0,1
"1216","ruelli_humil","N4D",-0.531965948513367,0.276133985837409,0.431386163428327
"1217","rumex_crisp","N20B",-0.235274873941767,0.328243106889967,0.220557561579283
"1218","salvia_azure","1D",-0.0817856633577173,0.374116519171732,0.0612053703953573
"1219","salvia_azure","20B",-0.238837775231097,0.00436461106998309,0.428976160750411
"1220","salvia_azure","4A",0.0162817470935815,0.700608313574763,0.00334745156408744
"1221","salvia_azure","4B",-0.474902010499486,0.0126509969711635,0.664880540634521
"1222","salvia_azure","N1B",-0.111000948857679,0.0272236549446265,0.0866214496462028
"1223","salvia_azure","N20B",0.00595287460604761,0.904691521687031,0.000379970775963634
"1224","salvia_azure","N4A",-0.300335022741312,0.00301057981536412,0.507966380757864
"1225","salvia_azure","N4D",-0.0582506098713264,0.208359590701201,0.0452181663585975
"1226","sanicu_canad","20B",1.29690126385786,0.123512971072634,0.789679379508672
"1227","sanicu_canad","4B",24.2994995224321,0.968473064941718,0.999998573183945
"1228","sanicu_canad","N20B",23.0773798005625,0.959369500525698,0.999998720061723
"1229","sanicu_canad","N4A",0.899564258957535,0.070456597961424,0.738736955042624
"1230","sanicu_canad","N4D",21.4774714339383,0.944024122105716,0.999997341384329
"1231","schedo_panic","N1B",0.212333303954258,0.00131308068478009,0.339515908122941
"1232","schedo_panic","N20B",0.916490648205744,0.0581441066905364,0.832819209147279
"1233","schedo_panic","N4A",0.369415835656491,0.00305146838973136,0.533229356739031
"1234","schedo_panic","N4D",0.524357369449565,0.0130484323420552,0.706690255892497
"1235","schiza_scopa","1D",-0.0245355955623379,0.715237166526628,0.00574619615223981
"1236","schiza_scopa","20B",0.378447382147752,0.0893391981356453,0.42398222639739
"1237","schiza_scopa","4A",-0.230672389494762,0.00396117393157835,0.378504831315478
"1238","schiza_scopa","4B",-0.116649835163024,0.273545666365449,0.107543777076561
"1239","schiza_scopa","N1B",-5.98511233799187,0.00248518017837673,0.992047104802501
"1240","schiza_scopa","N20B",0.0631742270548078,0.480790982838375,0.0304864418292953
"1241","schiza_scopa","N4A",-0.108853536586261,0.0293766157895119,0.111456118838379
"1242","schiza_scopa","N4D",-0.162437903189165,0.0140007068278283,0.184722997103505
"1243","scroph_maril","N4D",-0.410567381416181,0.162102329256441,0.404156053790375
"1244","scutel_parvu","N20B",0.313051743658309,0.0202561134741637,0.442543446435626
"1245","scutel_parvu","N4A",0.0442364192494069,0.478292147201125,0.0219643951723799
"1246","scutel_parvu","N4D",-0.00358862915347007,0.952238441735451,0.0001505050774816
"1247","securi_varia","20B",0.426374747752235,0.00352011646918826,0.558863173156636
"1248","securi_varia","N20B",0.56109655155812,0.0120531926327765,0.503580459084008
"1249","senna_maril","20B",0.225559980875031,0.0558670924909352,0.294094166350473
"1250","senna_maril","N1B",-53.4722756167676,0.999981114682848,0.999999999993082
"1251","senna_maril","N20B",7.45343589588764,0.433434171883546,0.99712548616417
"1252","senna_maril","N4D",0.118903932810049,0.0184246841585656,0.162506934681276
"1253","setari_pumil","4A",-0.212393248825073,0.0241771246936919,0.297674108471993
"1254","setari_pumil","4B",-0.141400911416547,0.0549703270839232,0.15644148374197
"1255","setari_pumil","N1B",0.0716975495364755,0.201018302784447,0.0591952810901568
"1256","setari_pumil","N20B",0.0129493729056011,0.909631650778673,0.00146382692095193
"1257","setari_pumil","N4A",0.0842875431417989,0.0662163010279244,0.0902032619257933
"1258","setari_pumil","N4D",0.0558961656132877,0.52276339190869,0.0294792607521747
"1259","setari_virid","N1B",19.7061094324242,0.919863129845007,0.999992251832531
"1260","setari_virid","N20B",22.183139001861,0.951194517411804,0.999998127619939
"1261","setari_virid","N4A",0.572759500029289,0.0614506887006934,0.583903703144644
"1262","setari_virid","N4D",0.410579415090806,0.162191282346856,0.404144040930273
"1263","silene_antir","1D",-0.0539588638516529,0.656450990342003,0.0238978956205079
"1264","silene_antir","20B",-0.163005815269914,0.0238473077991175,0.230081145577598
"1265","silene_antir","4A",0.0035232742031255,0.933113294762367,0.000174733533854554
"1266","silene_antir","4B",-0.0318474575784452,0.442200944149115,0.0142637392568584
"1267","silene_antir","N1B",0.0577986689806504,0.287142734486609,0.0331415317896641
"1268","silene_antir","N20B",-0.0499812764023467,0.298823851211735,0.0319608424003085
"1269","silene_antir","N4A",0.152248114246752,0.0205821054151996,0.215993070938383
"1270","silene_antir","N4D",0.0427759093498842,0.450290541329874,0.0215924369881211
"1271","sisyri_campe","1D",-0.135619771270646,0.0329134557814428,0.138563617367493
"1272","sisyri_campe","20B",-0.0463602050488608,0.266600117865512,0.0298478480463814
"1273","sisyri_campe","4A",-0.11427885884852,0.185033679026839,0.0935998223788359
"1274","sisyri_campe","4B",-0.0763028621813948,0.0941109884024409,0.0748597552089999
"1275","sisyri_campe","N1B",-0.0404345905880787,0.474327444870178,0.0162670440218562
"1276","sisyri_campe","N20B",-0.295732159169631,0.0869024916811447,0.296320766307211
"1277","sisyri_campe","N4A",-0.0129503032980422,0.909625209912283,0.00146382692838232
"1278","sisyri_campe","N4D",-0.0196443575506868,0.72421966100922,0.0038482654655364
"1279","smilax_tamno","20B",0.322543894160554,0.0516183625927611,0.406742515797893
"1280","solanu_carol","1D",0.204879468615186,0.00418975419730927,0.33353673443501
"1281","solanu_carol","20B",-0.370980289668141,0.0312700372472576,0.497204841428937
"1282","solanu_carol","4A",-0.456408697874831,0.0752420726556227,0.506573537386073
"1283","solanu_carol","4B",0.0748674550355298,0.185467537134944,0.0640063533012091
"1284","solanu_carol","N1B",-0.192796715083112,0.00426993806757991,0.242522756173711
"1285","solanu_carol","N20B",29.697367867187,0.991223722287232,0.999999791031654
"1286","solanu_carol","N4A",0.30906463217222,0.0314778908236635,0.417319548105278
"1287","solanu_carol","N4D",-0.0873828568546646,0.093775716718749,0.0712125780296571
"1288","solanu_ptyca","20B",0.0718372628242551,0.430679858387258,0.0466768907350923
"1289","solanu_ptyca","4B",-0.235274873941767,0.328243106889967,0.220557561579283
"1290","solanu_ptyca","N1B",-27.8064015010948,0.985004138498385,0.999999584267422
"1291","solanu_ptyca","N20B",0.0527749106441209,0.463840380428242,0.0288718919412341
"1292","solanu_ptyca","N4D",0.113932429920838,0.188987643340355,0.111527149979518
"1293","solanu_rostr","20B",0.187541101265063,0.345801400386652,0.173042691800119
"1294","solanu_rostr","4A",-0.0803573529010367,0.390068524836349,0.0569336312620223
"1295","solanu_rostr","4B",-0.132396144247634,0.240697105514594,0.127558333184068
"1296","solanu_rostr","N1B",0.0222798410921916,0.607342575957929,0.00683672002045821
"1297","solanu_rostr","N20B",0.266717185392018,0.020133749184694,0.385691388752482
"1298","solanu_rostr","N4A",-0.00461450398967447,0.945856468946158,0.000234060153624482
"1299","solanu_rostr","N4D",0.0570174028224949,0.242369415163974,0.0410249083109635
"1300","solida_altis","1D",0.0810268934999149,0.0904735018387661,0.0693953845253906
"1301","solida_altis","20B",-0.122607653259568,0.00626735343259677,0.0993524403440031
"1302","solida_altis","4A",0.158646095706123,0.0035667657028251,0.163146771723922
"1303","solida_altis","4B",-0.230677137547159,0.000433131116787999,0.293514336674595
"1304","solida_altis","N1B",-0.0965776582147737,0.0444241202191751,0.0759043317279873
"1305","solida_altis","N20B",-0.0526542158869629,0.344311026923506,0.0241453190125298
"1306","solida_altis","N4A",-0.0226014071989461,0.551707484857589,0.00614135839546714
"1307","solida_altis","N4D",0.0374221229211503,0.398052018758287,0.0130023606001147
"1308","solida_canad","20B",14.3507114027537,0.691494647641416,0.999739834031132
"1309","solida_canad","N1B",0.21586390285943,0.00455577773147176,0.35806866204231
"1310","solida_canad","N20B",0.298903801946336,0.00109305796496217,0.412507450170308
"1311","solida_canad","N4D",9.75108832199561,0.98900446781646,0.999999906629506
"1312","solida_gigan","N20B",0.547998853699213,0.0131501575174924,0.560104799401088
"1313","solida_misso","1D",-0.25958059649278,0.155524843031703,0.242929442373329
"1314","solida_misso","20B",-0.0340472448796039,0.501568162906408,0.0123856709673389
"1315","solida_misso","4A",-0.050384657412593,0.285261405276332,0.0350204216412531
"1316","solida_misso","4B",-0.0755180122163077,0.117514683628037,0.0613359632667316
"1317","solida_misso","N1B",-0.0621270971874997,0.200790401124057,0.0517611225969242
"1318","solida_misso","N20B",-0.0494384436738921,0.302266486495212,0.0250810396057888
"1319","solida_misso","N4A",-0.0846405276414703,0.0629156912924578,0.0913868059936295
"1320","solida_misso","N4D",0.100069847981856,0.0454027088361983,0.123336858693143
"1321","solida_molli","4A",-0.0539588638516529,0.656450990342003,0.0238978956205079
"1322","solida_rigid","1D",-31.6821069395312,0.993559192643833,0.99999996385094
"1323","solida_rigid","20B",-0.148444763681713,0.00498561547307008,0.188609372759054
"1324","solida_rigid","4A",0.0289882408450147,0.4816698383065,0.0105903170803924
"1325","solida_rigid","4B",-0.169118448348705,0.000699580007606837,0.21055471494894
"1326","solida_rigid","N1B",0.395579051203258,0.000705668153179628,0.46014957039629
"1327","solida_rigid","N20B",0.0545756875305024,0.238613533793834,0.0325600373407966
"1328","solida_rigid","N4A",486.993707460658,0,1
"1329","solida_rigid","N4D",0.0639667657627015,0.183458613343968,0.0406710068356901
"1330","solida_speci","4B",0.145832712452182,0.220933523299894,0.146301242486052
"1331","solida_speci","N1B",0.204673680327933,0.0239534395052137,0.293803657034074
"1332","solida_speci","N4D",23.756211967763,0.964700422784639,0.999999148094554
"1333","sonchu_asper","4B",-27.8064015010948,0.985004138498385,0.999999584267422
"1334","sonchu_asper","N20B",-27.8064015010948,0.985004138498385,0.999999584267422
"1335","sorgha_nutan","1D",-0.0878607964621504,0.50165934995292,0.0598642568975917
"1336","sorgha_nutan","20B",-0.0506191419847132,0.259098274473495,0.0273535053736277
"1337","sorgha_nutan","4A",-0.13636607085033,0.0491420742315898,0.172779812555601
"1338","sorgha_nutan","4B",0.0256196419215662,0.715125267843618,0.00576413524025077
"1339","sorgha_nutan","N1B",-5.7147130846952,0.0474596171479642,0.99381199177814
"1340","sorgha_nutan","N20B",0.00681238724616199,0.935509183179433,0.000368563752236706
"1341","sorgha_nutan","N4A",-0.0998693662664007,0.223712769366073,0.0754345630734535
"1342","sorgha_nutan","N4D",-0.181840585637252,0.00439320521301267,0.230524037345517
"1343","sparti_pecti","20B",-0.0130354326306919,0.782942242821419,0.00128339883656792
"1344","sparti_pecti","N20B",-0.153367542347154,0.373933562768848,0.134641595083277
"1345","spermo_inerm","20B",-0.0528102234840636,0.231353958881219,0.0373463652151474
"1346","spermo_inerm","4A",-0.0145685310118345,0.717969665622448,0.00304933594823731
"1347","spermo_inerm","4B",-0.0309474987593359,0.460655242084436,0.0133839248738237
"1348","spermo_inerm","N1B",0.0924540431406851,0.179277196011109,0.0734627206201607
"1349","spermo_inerm","N20B",0.235191293459879,0.328296247389057,0.220557545552225
"1350","spermo_inerm","N4A",0.199888434668779,0.0379841448926401,0.27290821754737
"1351","spermo_inerm","N4D",0.272652235458719,0.0315885337206079,0.374956144518792
"1352","spheno_obtus","1D",-0.0859928787246909,0.517629180298914,0.055357048421829
"1353","spheno_obtus","20B",-0.102036460614804,0.116419269950813,0.0878788190404534
"1354","spheno_obtus","4A",-0.106767844147142,0.0296049707381918,0.101222994660885
"1355","spheno_obtus","4B",-0.0195589075984618,0.646644240394954,0.00439506010099444
"1356","spheno_obtus","N1B",-0.0506795169804843,0.267251287553615,0.0277925957086074
"1357","spheno_obtus","N20B",-0.201193985153832,0.0583017884700916,0.201904465352087
"1358","spheno_obtus","N4A",1.42743930729465,NA,-7.85322722663781
"1359","spheno_obtus","N4D",15.9978152392936,0.994014029529227,0.999999946375171
"1360","spiran_verna","1D",-0.0527749155841567,0.463826929619868,0.0288718919412333
"1361","spiran_verna","4A",-27.8064015010948,0.985004138498385,0.999999584267422
"1362","spiran_verna","4B",-27.8064015010948,0.985004138498385,0.999999584267422
"1363","spiran_verna","N4A",0.378428468012498,0.0893986624792149,0.423980997054728
"1364","sporob_compo","1D",-4.1233577190396,NA,0.978828200021969
"1365","sporob_compo","20B",-5.35575204288619,0.00794581109973058,0.989279019451324
"1366","sporob_compo","4A",-0.155716481065238,0.00875480246729987,0.197898588501155
"1367","sporob_compo","4B",-0.267891708759319,0.00183196729999135,0.395054315489859
"1368","sporob_compo","N1B",-5.38602975345601,0.0448440315630252,0.976950172727553
"1369","sporob_compo","N20B",-0.190988063849602,0.00497021602871173,0.259883607764815
"1370","sporob_compo","N4A",-0.358528449444317,0.00263677602570889,0.510493096014233
"1371","sporob_compo","N4D",-5.02471371182667,0.0116674906561314,0.982734559988469
"1372","sporob_crypt","4B",-27.8064015010948,0.985004138498385,0.999999584267422
"1373","sporob_crypt","N1B",0.215864314636472,0.00455461131677337,0.358068662059994
"1374","sporob_crypt","N20B",0.189795065756882,0.00569655726484597,0.307879794669525
"1375","sporob_crypt","N4A",0.179155199095943,0.00809360063598064,0.281456908213503
"1376","sporob_crypt","N4D",0.137896326354019,0.0104594038887931,0.204552662682699
"1377","sporob_heter","1D",-0.0112541994670381,0.813476369308423,0.00140105973444249
"1378","sporob_heter","20B",-0.109145489202924,0.290051113300558,0.0950672462862505
"1379","sporob_heter","4A",-6.08056861517605,0.346303672008029,0.995327891453875
"1380","sporob_heter","4B",-0.457305030788936,0.0364455500219938,0.551683660937861
"1381","sporob_heter","N1B",-17.9491168121812,0.891206417284962,0.999990106247925
"1382","sporob_heter","N20B",-0.0146730206913606,0.777430134035799,0.00212628263194692
"1383","sporob_heter","N4A",-0.311079976914752,0.000335807302776825,0.425474041155519
"1384","sporob_heter","N4D",-0.183289791088839,0.00145011274545404,0.245574367849785
"1385","sporob_vagin","N1B",0.532872390015725,0.0101978348730905,0.618705420236309
"1386","sporob_vagin","N20B",27.3836401505384,0.983565592626702,0.99999987211172
"1387","sporob_vagin","N4A",1.1421561564546,0.0506409012543709,0.769337571804801
"1388","sporob_vagin","N4D",0.583359792175328,0.012709994113691,0.632277111415105
"1389","stenar_nigri","4A",-0.0464714999055463,0.588215601585706,0.0173278062736394
"1390","stenar_nigri","4B",0.03155602266247,0.423487377321873,0.0105881349930246
"1391","stenar_nigri","N1B",-53.4722756167676,0.999981114682848,0.999999999993082
"1392","stenar_nigri","N20B",0.317946080797511,0.00349566520196465,0.429775334460607
"1393","stenar_nigri","N4A",0.0949603376497651,0.0368913658241008,0.0857919257792461
"1394","stenar_nigri","N4D",-0.0872009998684766,0.0731065575116525,0.0960243353692016
"1395","stroph_leios","1D",-0.232897497883474,0.00243167263701505,0.336340289881551
"1396","stroph_leios","4A",-0.11516570537793,0.0963077586365622,0.127796100796526
"1397","stroph_leios","4B",-0.10660939544016,0.206795964643852,0.100342285014013
"1398","stroph_leios","N20B",0.0153398752114166,0.711019172168345,0.00333153272880615
"1399","stroph_leios","N4A",-0.0483912583040595,0.573805986210336,0.0224492466567776
"1400","stroph_leios","N4D",-0.339300252969032,0.00171770286152162,0.471365069672966
"1401","sympho_orbic","1D",-0.187286930217063,0.00688325208805418,0.29382770520305
"1402","sympho_orbic","20B",-0.0612593557323944,0.493856718998727,0.0344930428516316
"1403","sympho_orbic","4A",0.0304209144213607,0.535674667146052,0.00982261678311791
"1404","sympho_orbic","4B",-0.127212790893911,0.0190013376141933,0.176173369485032
"1405","sympho_orbic","N1B",-0.113298539082731,0.024534480238585,0.153800454400879
"1406","sympho_orbic","N20B",0.0505495098698268,0.400558537693919,0.0277100891153381
"1407","sympho_orbic","N4A",495.993591171398,0,1
"1408","sympho_orbic","N4D",-0.00499304656003927,0.908833626044392,0.000241388819458899
"1409","symphy_drumm","N20B",0.125751773169997,0.00940801210318187,0.136477638154565
"1410","symphy_erico","1D",-0.280554364961314,0.0200028236699461,0.40365753463103
"1411","symphy_erico","20B",-0.41118301427787,0.00236012479670356,0.583633259669483
"1412","symphy_erico","4A",-0.160856160376997,0.00172790903750575,0.19216793209291
"1413","symphy_erico","4B",-0.0988638554868944,0.0512055101750015,0.115039107433372
"1414","symphy_erico","N1B",-0.388459380186783,0.0081148997763163,0.598936273584821
"1415","symphy_erico","N20B",-0.129114332110923,0.00518446821094143,0.134299354614716
"1416","symphy_erico","N4A",-0.197773209076363,0.00125470241368886,0.267833202309544
"1417","symphy_erico","N4D",-0.209403662854308,0.00056624725693033,0.311386148427017
"1418","symphy_laeve","4B",-0.452430757723577,0.320801169888321,0.365870235546185
"1419","symphy_laeve","N1B",-53.4722756167676,0.999981114682848,0.999999999993082
"1420","symphy_laeve","N20B",-0.270829584980877,0.00672545204286612,0.432434880196056
"1421","symphy_lance","20B",0.0505831148492099,0.270392912619086,0.0268242687975493
"1422","symphy_lance","4B",-0.0521420819201786,0.41047191852141,0.0300460444305702
"1423","symphy_lance","N1B",0.153353328985134,0.373978233209636,0.134641597533748
"1424","symphy_lance","N20B",-0.0624807878004899,0.254361889056367,0.0459878876373503
"1425","symphy_lance","N4A",0.0803569978993479,0.390082451448549,0.0569336312640562
"1426","symphy_oblon","1D",-0.196419210390354,0.0102573066630041,0.22333036973317
"1427","symphy_oblon","20B",-0.0892937951367979,0.0726213964695139,0.0787568949763947
"1428","symphy_oblon","4A",-0.0343300447543862,0.497861708072986,0.0126797406006718
"1429","symphy_oblon","4B",0.05305242010059,0.182915852417882,0.0336266562291662
"1430","symphy_oblon","N1B",-0.358955799673215,0.0224276845170326,0.577794460839119
"1431","symphy_oblon","N20B",-0.176920043623909,0.00245393878932898,0.235846111144858
"1432","symphy_oblon","N4A",-0.364778169891135,0.00535114364353206,0.520958991383295
"1433","symphy_oblon","N4D",-0.205308055047007,0.000798972633396566,0.297013114375636
"1434","symphy_pilos","N1B",3.15326331228414,0.336560198527696,0.912887970300983
"1435","symphy_pilos","N4D",0.631824381104609,0.0314611861880365,0.692872900241534
"1436","symphy_seric","1D",-0.235304598849923,0.166381138227718,0.217620922037546
"1437","symphy_seric","20B",-0.203128749246601,0.00660392351852956,0.290791591704112
"1438","symphy_seric","4A",-0.0863045676167413,0.104762291671599,0.0870503337746956
"1439","symphy_seric","4B",-0.444850965885121,0.0227318654475692,0.594303060055323
"1440","symphy_seric","N1B",-5.18339576238521,0.316174722756893,0.966690136453545
"1441","symphy_seric","N20B",-0.170037991382357,0.00648448514076594,0.229813217158606
"1442","symphy_seric","N4A",-0.388882990649422,0.0530680622727941,0.466063588325143
"1443","symphy_seric","N4D",-0.328512986746552,0.0648275962459026,0.344071332626592
"1444","taraxa_eryth","N20B",24.2994995224321,0.968473064941718,0.999998573183945
"1445","taraxa_offic","1D",-0.126749501070054,0.412386177695938,0.103048957018495
"1446","taraxa_offic","4A",-0.235274873941767,0.328243106889967,0.220557561579283
"1447","taraxa_offic","N1B",-0.0442391899573884,0.478258947139633,0.0219643955347588
"1448","taraxa_offic","N4D",0.187541101265063,0.345801400386652,0.173042691800119
"1449","teucri_canad","1D",1.29690126385786,0.123512971072634,0.789679379508672
"1450","teucri_canad","20B",-0.107633436951166,0.0302742153731987,0.109308689839214
"1451","teucri_canad","4A",0.024183921987079,0.580822970730686,0.00559750253449043
"1452","teucri_canad","4B",0.0526380247751194,0.184088698949793,0.0247539019450552
"1453","teucri_canad","N1B",-0.144403217832032,0.0473250557362948,0.180862875477827
"1454","teucri_canad","N20B",-0.482677470265337,0.0207714924342679,0.634377401781758
"1455","teucri_canad","N4A",0.581610040053442,0.00489899919318759,0.598070948828058
"1456","teucri_canad","N4D",-0.699477624398695,0.0386843329942088,0.789410169771443
"1457","thlasp_arven","N1B",-0.145831499791652,0.220910964810464,0.146301242495244
"1458","torili_arven","20B",0.945544585111053,0.0315412093994591,0.654832014376519
"1459","torili_arven","N1B",-0.0996516820356033,0.226557079814181,0.0898814653589551
"1460","torili_arven","N20B",0.0551983211380755,0.192700266324828,0.0416674428505828
"1461","torili_arven","N4A",0.84206368146275,0.326164741655015,0.503220410457792
"1462","torili_arven","N4D",0.0330841208335517,0.416751845043241,0.00928964035676638
"1463","toxico_nutta","4A",-0.187562560531248,0.345786601996916,0.1730426931129
"1464","toxico_nutta","N4D",-0.84208058452167,0.325871272582366,0.503220411567746
"1465","toxico_radic","20B",0.13341809214571,0.00963424711754546,0.128844561058823
"1466","toxico_radic","4B",0.0870762611629828,0.209861113098562,0.0764017727912036
"1467","toxico_radic","N1B",-1.40390024915111e-14,1,0
"1468","toxico_radic","N20B",0.415873985482835,0.0454722886656718,0.403692675398225
"1469","toxico_radic","N4D",0.310170365294636,0.00188694499403197,0.4163057274167
"1470","trades_bract","20B",-0.126749501070054,0.412386177695938,0.103048957018495
"1471","trades_bract","N1B",-0.440145195055793,0.0157675688252863,0.450262330302837
"1472","trades_bract","N4D",-0.0803573529517065,0.390068524530504,0.0569336312620217
"1473","tragia_beton","1D",0.00632119746534884,0.890527987713634,0.000535504907987372
"1474","tragia_beton","20B",0.0330238559507263,0.539184222569362,0.0100101555854154
"1475","tragia_beton","4A",-0.624443436570061,0.107340046402242,0.567134040360845
"1476","tragia_beton","4B",-0.632335559904537,0.0985832220068008,0.570907641059335
"1477","tragia_beton","N1B",-12.7483833072886,0.711416260731967,0.999855101994111
"1478","tragia_beton","N20B",-0.134548223745409,0.0623481111915261,0.142034346363319
"1479","tragia_beton","N4A",-0.0173227257094044,0.691779242568798,0.00400605505871676
"1480","tragia_beton","N4D",-5.69985140039306,0.0310287202755168,0.98828608546269
"1481","tragia_ramos","20B",0.410122706642482,0.0233922847558383,0.536258296968221
"1482","tragia_ramos","4A",0.714760795327977,0.169666226327529,0.548163558768422
"1483","tragia_ramos","4B",24.2994995224321,0.968473064941718,0.999998573183945
"1484","tragia_ramos","N1B",27.3836401505384,0.983565592626702,0.99999987211172
"1485","tragia_ramos","N20B",27.3836401505384,0.983565592626702,0.99999987211172
"1486","tragia_ramos","N4A",27.3836401505384,0.983565592626702,0.99999987211172
"1487","tragia_ramos","N4D",27.3836401505384,0.983565592626702,0.99999987211172
"1488","tragop_dubiu","1D",0.0253442955641742,0.67637890987333,0.0074074445062613
"1489","tragop_dubiu","20B",-0.128213535338815,0.0299094332900218,0.167693062043814
"1490","tragop_dubiu","4A",-0.0689420350953097,0.357515691301994,0.0473640390440042
"1491","tragop_dubiu","4B",-0.151756227695866,0.0390504881330458,0.201165371085484
"1492","tragop_dubiu","N1B",0.0196666011619202,0.65899929954579,0.00525243698800248
"1493","tragop_dubiu","N20B",-0.0705224080477698,0.346479938152753,0.0413053579273734
"1494","tragop_dubiu","N4A",0.0212537525195696,0.615518816413519,0.00630734304071512
"1495","tragop_dubiu","N4D",0.00325671629000731,0.935686424601184,0.000152585678670714
"1496","tricho_brach","N4A",0.198231343947408,0.179556811075592,0.215137608412093
"1497","tricho_brach","N4D",-27.8064015010948,0.985004138498385,0.999999584267422
"1498","triden_flavu","1D",-0.0692459179306188,0.583240754598921,0.0378195378985312
"1499","triden_flavu","20B",0.103614642665853,0.0213946447689752,0.101060455852269
"1500","triden_flavu","4A",0.0963716809069926,0.0342637641425418,0.0844133520529661
"1501","triden_flavu","4B",-0.793551649355585,0.170754395767336,0.480236148417648
"1502","triden_flavu","N1B",0.0948336741934757,0.0978391658550331,0.0807759018634265
"1503","triden_flavu","N20B",0.0499767913557807,0.570324479346277,0.019284189580418
"1504","triden_flavu","N4A",0.0249831425858917,0.55734536986895,0.00663710921336247
"1505","triden_flavu","N4D",-0.567274804678335,0.0778251487623318,0.669037165970936
"1506","trioda_lepto","20B",-0.182156450977694,0.0280094807560953,0.255773560576251
"1507","trioda_lepto","4A",-0.0627962730414263,0.287435109510046,0.0446575562423651
"1508","trioda_lepto","4B",-0.0069239899023982,0.885474162992058,0.000627017589093004
"1509","trioda_lepto","N1B",-0.0783251745079932,0.0952905469958014,0.0747480311044789
"1510","trioda_lepto","N20B",-0.0642679951688342,0.141605519444598,0.0550476609205728
"1511","trioda_lepto","N4A",0.0132761858416275,0.745033565906098,0.00251619193509223
"1512","trioda_lepto","N4D",-0.0414591215852399,0.349750261823854,0.0231494179619018
"1513","trioda_perfo","20B",-0.0821939334366086,0.0716584502615378,0.0862550336797142
"1514","trioda_perfo","4A",-0.00528591998745035,0.899826071845541,0.000393188049304993
"1515","trioda_perfo","4B",-0.0738459688406468,0.0939711084736599,0.0716600618401909
"1516","trioda_perfo","N1B",-0.0447661357860484,0.31622504102329,0.0264507462292413
"1517","trioda_perfo","N20B",-0.0534082552062168,0.206037242388289,0.0391384011208435
"1518","trioda_perfo","N4A",-0.0342021006475982,0.466144765027846,0.0153417554760278
"1519","trioda_perfo","N4D",-0.0682527782311129,0.143709937670762,0.0595802838822515
"1520","triost_perfo","N20B",0.232981548043216,0.000370487845261502,0.34512895888318
"1521","ulmus_ameri","20B",0.0782986695493597,0.250516580887315,0.0515020212522076
"1522","ulmus_ameri","4A",0.0492724986231,0.390147715407166,0.0283114832339759
"1523","ulmus_ameri","4B",0.164730169591719,0.00610211212231704,0.262257335817713
"1524","ulmus_ameri","N1B",0.28055609918044,0.0200132869867848,0.403649472460681
"1525","ulmus_ameri","N20B",0.248170197516407,0.00162655637229303,0.368213925941522
"1526","ulmus_ameri","N4A",21.119546381504,0.939814130592374,0.999995582696738
"1527","ulmus_ameri","N4D",0.0913719598992104,0.523547082701245,0.0547201689974383
"1528","ulmus_rubra","20B",NA,NA,NA
"1529","ulmus_rubra","4A",0.289250912149897,0.162622122090743,0.31167103076907
"1530","ulmus_rubra","4B",0.604464527881049,0.0452096745940194,0.632470782245549
"1531","ulmus_rubra","N20B",27.3836401505384,0.983565592626702,0.99999987211172
"1532","ulmus_rubra","N4A",0.187541101265063,0.345801400386652,0.173042691800119
"1533","ulmus_rubra","N4D",0.204307598371767,0.0238536314507296,0.214462231065345
"1534","verbas_blatt","4A",3.15326331228414,0.336560198527696,0.912887970300983
"1535","verbas_blatt","N1B",-0.0635439847142078,0.135431355886541,0.0427355033430794
"1536","verbas_blatt","N20B",0.84206368146275,0.326164741655015,0.503220410457792
"1537","verbas_blatt","N4A",0.153353328985134,0.373978233209636,0.134641597533748
"1538","verbas_blatt","N4D",0.239958791940261,0.0282869940099544,0.29036601453555
"1539","verben_stric","1D",-0.16896423880648,0.0764653160942459,0.203037810429577
"1540","verben_stric","20B",-0.25760038049701,0.00441502105510172,0.323951858648027
"1541","verben_stric","4A",-0.15986964754706,0.00618360464967904,0.253287445777888
"1542","verben_stric","4B",-0.0453910587907964,0.34148568339379,0.0265738191050401
"1543","verben_stric","N1B",-0.0426073017354603,0.546250896272197,0.0192017672137889
"1544","verben_stric","N20B",-5.18339576238521,0.316174722756893,0.966690136453545
"1545","verben_stric","N4A",496.000574889292,0,1
"1546","verben_stric","N4D",496.000574889292,0,1
"1547","verben_urtic","20B",0.104720380075931,0.0348773366483373,0.100219078751111
"1548","verben_urtic","4A",3.15326331228414,0.336560198527696,0.912887970300983
"1549","verben_urtic","4B",0.509161059789279,0.0192167681235995,0.642337787088573
"1550","verben_urtic","N20B",0.248898981312401,0.0136137842745472,0.375865513319619
"1551","verben_urtic","N4A",0.878415186515889,0.0827791814878431,0.701384355561447
"1552","vernon_baldw","1D",-0.00783432928742449,0.859601322291009,0.00085091740574883
"1553","vernon_baldw","20B",-0.546702376721971,0.031003111306509,0.628991453059139
"1554","vernon_baldw","4A",496.000574889292,0,1
"1555","vernon_baldw","4B",-0.301656729418785,0.0440392519536683,0.402418692672019
"1556","vernon_baldw","N1B",0.115168307507891,0.0962847128110587,0.127776357964711
"1557","vernon_baldw","N20B",-0.1393590465359,0.0453035084791951,0.147031600547739
"1558","vernon_baldw","N4A",0.053407103138028,0.206042436472252,0.0391521761832161
"1559","vernon_baldw","N4D",-0.842058282303632,0.325947814280609,0.4994569641596
"1560","veroni_agres","N1B",0.0261054722385506,0.821102367884126,0.00587834460430425
"1561","veroni_agres","N4A",0.0261054722385506,0.821102367884126,0.00587834460430425
"1562","veroni_agres","N4D",0.0427771507261763,0.450294815965323,0.0215924369859315
"1563","veroni_arven","N1B",0.730401263005143,0.0457504605520953,0.711375698184207
"1564","veroni_arven","N20B",1.30973069031588,0.113522755363152,0.848358776554525
"1565","veroni_arven","N4A",23.0773798005625,0.959369500525698,0.999998720061723
"1566","veroni_arven","N4D",27.3836401505384,0.983565592626702,0.99999987211172
"1567","veroni_pereg","N20B",-0.271765639002495,0.0898844854428662,0.326805044872739
"1568","veroni_pereg","N4D",-27.8064015010948,0.985004138498385,0.999999584267422
"1569","vicia_ameri","20B",-0.470216655890698,0.0121141172398198,0.484712879426737
"1570","vicia_ameri","4A",-0.0905302721341047,0.108677440333667,0.0765907336116014
"1571","vicia_ameri","N20B",-0.236202844267021,0.00723243524933737,0.328876132742028
"1572","vicia_ameri","N4D",-0.161360520532065,0.0457743138791442,0.180738896526143
"1573","viola_bicol","20B",-0.122600323675624,0.0158749057123742,0.171117860238845
"1574","viola_bicol","4A",-0.0397024338823443,0.736115491240798,0.0133146023371659
"1575","viola_bicol","4B",-0.154257470505724,0.0120794166089788,0.230266053647794
"1576","viola_bicol","N1B",0.106033736026097,0.0313431549398284,0.117703578072809
"1577","viola_bicol","N20B",-0.00484476202211386,0.904074859039303,0.000338433290813289
"1578","viola_bicol","N4A",0.0276994271209867,0.49653204248217,0.0109154778259223
"1579","viola_bicol","N4D",0.0146913390085285,0.716851783345094,0.00309366143078893
"1580","viola_misso","20B",14.8928040844819,0.677664109342292,0.999845522945565
"1581","viola_misso","4B",0.300007349771868,0.0889123828683496,0.355765465138385
"1582","viola_misso","N1B",27.3836401505384,0.983565592626702,0.99999987211172
"1583","viola_misso","N20B",27.3836401505384,0.983565592626702,0.99999987211172
"1584","viola_misso","N4D",27.3836401505384,0.983565592626702,0.99999987211172
"1585","viola_nephr","1D",-0.160439179370737,0.00881517054983072,0.247274803253718
"1586","viola_nephr","20B",-0.31025442415103,0.320866774698898,0.281562877898324
"1587","viola_nephr","4A",-0.145831499642538,0.220910964359596,0.146301242495245
"1588","viola_nephr","4B",-0.31025442415103,0.320866774698898,0.281562877898324
"1589","viola_nephr","N1B",-0.14338539989066,0.01511899016936,0.207373632348362
"1590","viola_nephr","N20B",-0.380398464763606,0.0112282644954751,0.565040757062494
"1591","viola_nephr","N4A",0.039688041705127,0.736185477464709,0.0133146057779515
"1592","viola_nephr","N4D",-1.20622780587942,0.0420093422773147,0.795744130583551
"1593","viola_pedat","1D",-0.0915629478798207,0.111210235824277,0.0896579878193524
"1594","viola_pedat","20B",-0.0240306423686444,0.571039695769432,0.00781927271906413
"1595","viola_pedat","4A",0.163323923437933,0.00576695496439639,0.260858806567443
"1596","viola_pedat","4B",-0.255169418873945,0.00310711426221499,0.4273152897246
"1597","viola_pedat","N1B",-0.00969838111031522,0.809597390441298,0.00135430504560052
"1598","viola_pedat","N20B",-0.25340601138085,0.156365802742302,0.233586797722772
"1599","viola_pedat","N4A",496.000574889292,0,1
"1600","viola_pedat","N4D",-0.45242886461507,0.320856451150319,0.361066322755364
"1601","vitis_ripar","20B",0.187541101265063,0.345801400386652,0.173042691800119
"1602","vitis_ripar","4B",0.453431319148425,0.037930790803024,0.418849094386278
"1603","vitis_ripar","N20B",0.604464396838573,0.0452104933439561,0.627601865038428
"1604","vulpia_octof","20B",-0.248183833015321,0.0918041767518814,0.300461661042234
"1605","vulpia_octof","4A",-0.0267236616694501,0.516797234560287,0.0100971247067979
"1606","vulpia_octof","4B",-0.0298509328562462,0.494283780715017,0.0121835570424229
"1607","vulpia_octof","N1B",1.31077344115967,0.113318555805292,0.855664380227871
"1608","vulpia_octof","N20B",0.160418882608626,0.0512841747516324,0.207519271392739
"1609","vulpia_octof","N4A",0.212347491925369,0.058066922135348,0.275736360837215
"1610","vulpia_octof","N4D",0.289725401522442,0.0313960445854164,0.395474661463336
"1611","xanthi_strum","N20B",-0.126749501070054,0.412386177695938,0.103048957018495
"1612","zantho_ameri","20B",24.2994995224321,0.968473064941718,0.999998573183945
"1613","zantho_ameri","4B",24.2994995224321,0.968473064941718,0.999998573183945
"1614","zantho_ameri","N20B",0.472712917159727,0.00582353982286032,0.537736198522438
"1615","zantho_ameri","N4D",0.57275947540021,0.0614506902635215,0.583903703144688
"1616","zizia_aurea","N4D",0.126750104624396,0.412385213894182,0.103048957016593
