"","Watershed_name","slope","p_value","rsquared"
"1","1D",-0.067193675889328,0.217518181950303,0.0749842470069314
"2","20B",0.0299265951439865,0.465933593192215,0.0268832125869709
"3","4B",-0.0542066629023151,0.432849676256032,0.0310424273453605
"4","N1B",-0.00564652738565776,0.930907431429967,0.000385308940708661
"5","N20B",-0.0485601355166571,0.38205929324585,0.0384096055173559
"6","N4D",-0.0220214568040654,0.606924285414699,0.0134767545919317
