"","Watershed1","Recyear","Watershed2","Recyear2","JaccDiss","BrayDiss"
"1","1D","1992","1D","2013",0.8,0.625
"2","20B","1992","20B","2013",0.625,0.444761904761905
"3","4B","1992","4B","2013",0.75,0.930232558139535
"4","N1B","1992","N1B","2013",0.6,0.212006079027356
"5","N20B","1992","N20B","2013",0.666666666666667,0.0666666666666667
"6","N4D","1992","N4D","2013",0.5,0.166666666666667
